{"_id":"lodash._baseindexof","_rev":"34-a64bd072cb223eb708ccf8f2b3588b07","name":"lodash._baseindexof","description":"The modern build of lodash’s internal `baseIndexOf` as a module.","dist-tags":{"latest":"3.1.0"},"versions":{"2.0.0":{"name":"lodash._baseindexof","version":"2.0.0","description":"The internal Lo-Dash function `baseIndexOf` as a Node.js module generated by lodash-cli.","homepage":"http://lodash.com/custom-builds","license":"MIT","keywords":["customize","functional","lodash","performance","speed","util"],"author":{"name":"John-David Dalton","email":"john.david.dalton@gmail.com","url":"http://allyoucanleet.com/"},"contributors":[{"name":"John-David Dalton","email":"john.david.dalton@gmail.com","url":"http://allyoucanleet.com/"},{"name":"Blaine Bublitz","email":"blaine@iceddev.com","url":"http://iceddev.com/"},{"name":"Kit Cambridge","email":"github@kitcambridge.be","url":"http://kitcambridge.be/"},{"name":"Mathias Bynens","email":"mathias@qiwi.be","url":"http://mathiasbynens.be/"}],"bugs":{"url":"https://github.com/lodash/lodash-cli/issues"},"repository":{"type":"git","url":"https://github.com/lodash/lodash-cli.git"},"_id":"lodash._baseindexof@2.0.0","dist":{"shasum":"f4bdd1042fb7c7c877fb501b8b5c811574a02741","tarball":"https://registry.npmjs.org/lodash._baseindexof/-/lodash._baseindexof-2.0.0.tgz"},"_from":".","_npmVersion":"1.3.8","_npmUser":{"name":"jdalton","email":"john.david.dalton@gmail.com"},"maintainers":[{"name":"jdalton","email":"john.david.dalton@gmail.com"},{"name":"kitcambridge","email":"github@kitcambridge.be"},{"name":"mathias","email":"mathias@qiwi.be"},{"name":"phated","email":"blaine@iceddev.com"}],"directories":{}},"2.1.0":{"name":"lodash._baseindexof","version":"2.1.0","description":"The internal Lo-Dash function `baseIndexOf` as a Node.js module generated by lodash-cli.","homepage":"http://lodash.com/custom-builds","license":"MIT","keywords":["functional","lodash","lodash-modularized","performance","speed","util"],"author":{"name":"John-David Dalton","email":"john.david.dalton@gmail.com","url":"http://allyoucanleet.com/"},"contributors":[{"name":"John-David Dalton","email":"john.david.dalton@gmail.com","url":"http://allyoucanleet.com/"},{"name":"Blaine Bublitz","email":"blaine@iceddev.com","url":"http://iceddev.com/"},{"name":"Kit Cambridge","email":"github@kitcambridge.be","url":"http://kitcambridge.be/"},{"name":"Mathias Bynens","email":"mathias@qiwi.be","url":"http://mathiasbynens.be/"}],"bugs":{"url":"https://github.com/lodash/lodash-cli/issues"},"repository":{"type":"git","url":"https://github.com/lodash/lodash-cli.git"},"_id":"lodash._baseindexof@2.1.0","dist":{"shasum":"221f1835a5dabc6e893cd482e307ebf4201cdc88","tarball":"https://registry.npmjs.org/lodash._baseindexof/-/lodash._baseindexof-2.1.0.tgz"},"_from":".","_npmVersion":"1.3.8","_npmUser":{"name":"jdalton","email":"john.david.dalton@gmail.com"},"maintainers":[{"name":"jdalton","email":"john.david.dalton@gmail.com"},{"name":"kitcambridge","email":"github@kitcambridge.be"},{"name":"mathias","email":"mathias@qiwi.be"},{"name":"phated","email":"blaine@iceddev.com"}],"directories":{}},"2.2.0":{"name":"lodash._baseindexof","version":"2.2.0","description":"The internal Lo-Dash function `baseIndexOf` as a Node.js module generated by lodash-cli.","homepage":"http://lodash.com/custom-builds","license":"MIT","author":{"name":"John-David Dalton","email":"john.david.dalton@gmail.com","url":"http://allyoucanleet.com/"},"contributors":[{"name":"John-David Dalton","email":"john.david.dalton@gmail.com","url":"http://allyoucanleet.com/"},{"name":"Blaine Bublitz","email":"blaine@iceddev.com","url":"http://iceddev.com/"},{"name":"Kit Cambridge","email":"github@kitcambridge.be","url":"http://kitcambridge.be/"},{"name":"Mathias Bynens","email":"mathias@qiwi.be","url":"http://mathiasbynens.be/"}],"bugs":{"url":"https://github.com/lodash/lodash-cli/issues"},"repository":{"type":"git","url":"https://github.com/lodash/lodash-cli.git"},"_id":"lodash._baseindexof@2.2.0","dist":{"shasum":"aa78be2c8f9dd04d861c4ee953a8fc6fba4ac572","tarball":"https://registry.npmjs.org/lodash._baseindexof/-/lodash._baseindexof-2.2.0.tgz"},"_from":".","_npmVersion":"1.3.8","_npmUser":{"name":"jdalton","email":"john.david.dalton@gmail.com"},"maintainers":[{"name":"jdalton","email":"john.david.dalton@gmail.com"},{"name":"kitcambridge","email":"github@kitcambridge.be"},{"name":"mathias","email":"mathias@qiwi.be"},{"name":"phated","email":"blaine@iceddev.com"}],"directories":{}},"2.2.1":{"name":"lodash._baseindexof","version":"2.2.1","description":"The internal Lo-Dash function `baseIndexOf` as a Node.js module generated by lodash-cli.","homepage":"http://lodash.com/custom-builds","license":"MIT","author":{"name":"John-David Dalton","email":"john.david.dalton@gmail.com","url":"http://allyoucanleet.com/"},"contributors":[{"name":"John-David Dalton","email":"john.david.dalton@gmail.com","url":"http://allyoucanleet.com/"},{"name":"Blaine Bublitz","email":"blaine@iceddev.com","url":"http://iceddev.com/"},{"name":"Kit Cambridge","email":"github@kitcambridge.be","url":"http://kitcambridge.be/"},{"name":"Mathias Bynens","email":"mathias@qiwi.be","url":"http://mathiasbynens.be/"}],"bugs":{"url":"https://github.com/lodash/lodash-cli/issues"},"repository":{"type":"git","url":"https://github.com/lodash/lodash-cli.git"},"_id":"lodash._baseindexof@2.2.1","dist":{"shasum":"2c3d00aa85086beebb887a6ed53cd104a38c1ea6","tarball":"https://registry.npmjs.org/lodash._baseindexof/-/lodash._baseindexof-2.2.1.tgz"},"_from":".","_npmVersion":"1.3.11","_npmUser":{"name":"jdalton","email":"john.david.dalton@gmail.com"},"maintainers":[{"name":"jdalton","email":"john.david.dalton@gmail.com"},{"name":"kitcambridge","email":"github@kitcambridge.be"},{"name":"mathias","email":"mathias@qiwi.be"},{"name":"phated","email":"blaine@iceddev.com"}],"directories":{}},"2.3.0":{"name":"lodash._baseindexof","version":"2.3.0","description":"The internal Lo-Dash function `baseIndexOf` as a Node.js module generated by lodash-cli.","homepage":"http://lodash.com/custom-builds","license":"MIT","author":{"name":"John-David Dalton","email":"john.david.dalton@gmail.com","url":"http://allyoucanleet.com/"},"contributors":[{"name":"John-David Dalton","email":"john.david.dalton@gmail.com","url":"http://allyoucanleet.com/"},{"name":"Blaine Bublitz","email":"blaine@iceddev.com","url":"http://www.iceddev.com/"},{"name":"Kit Cambridge","email":"github@kitcambridge.be","url":"http://kitcambridge.be/"},{"name":"Mathias Bynens","email":"mathias@qiwi.be","url":"http://mathiasbynens.be/"}],"bugs":{"url":"https://github.com/lodash/lodash-cli/issues"},"repository":{"type":"git","url":"https://github.com/lodash/lodash-cli.git"},"_id":"lodash._baseindexof@2.3.0","dist":{"shasum":"5c9f8de9cca5f0820949d58a9d59506944342351","tarball":"https://registry.npmjs.org/lodash._baseindexof/-/lodash._baseindexof-2.3.0.tgz"},"_from":".","_npmVersion":"1.3.11","_npmUser":{"name":"jdalton","email":"john.david.dalton@gmail.com"},"maintainers":[{"name":"jdalton","email":"john.david.dalton@gmail.com"},{"name":"kitcambridge","email":"github@kitcambridge.be"},{"name":"mathias","email":"mathias@qiwi.be"},{"name":"phated","email":"blaine@iceddev.com"}],"directories":{}},"2.4.0":{"name":"lodash._baseindexof","version":"2.4.0","description":"The internal Lo-Dash function `baseIndexOf` as a Node.js module generated by lodash-cli.","homepage":"http://lodash.com/custom-builds","license":"MIT","author":{"name":"John-David Dalton","email":"john.david.dalton@gmail.com","url":"http://allyoucanleet.com/"},"contributors":[{"name":"John-David Dalton","email":"john.david.dalton@gmail.com","url":"http://allyoucanleet.com/"},{"name":"Blaine Bublitz","email":"blaine@iceddev.com","url":"http://www.iceddev.com/"},{"name":"Kit Cambridge","email":"github@kitcambridge.be","url":"http://kitcambridge.be/"},{"name":"Mathias Bynens","email":"mathias@qiwi.be","url":"http://mathiasbynens.be/"}],"bugs":{"url":"https://github.com/lodash/lodash-cli/issues"},"repository":{"type":"git","url":"https://github.com/lodash/lodash-cli.git"},"_id":"lodash._baseindexof@2.4.0","dist":{"shasum":"2262b0d56a8c339395e2daecf2538e312d80c5f5","tarball":"https://registry.npmjs.org/lodash._baseindexof/-/lodash._baseindexof-2.4.0.tgz"},"_from":".","_npmVersion":"1.3.14","_npmUser":{"name":"jdalton","email":"john.david.dalton@gmail.com"},"maintainers":[{"name":"jdalton","email":"john.david.dalton@gmail.com"},{"name":"kitcambridge","email":"github@kitcambridge.be"},{"name":"mathias","email":"mathias@qiwi.be"},{"name":"phated","email":"blaine@iceddev.com"}],"directories":{}},"2.4.1":{"name":"lodash._baseindexof","version":"2.4.1","description":"The internal Lo-Dash function `baseIndexOf` as a Node.js module generated by lodash-cli.","homepage":"http://lodash.com/custom-builds","license":"MIT","author":{"name":"John-David Dalton","email":"john.david.dalton@gmail.com","url":"http://allyoucanleet.com/"},"contributors":[{"name":"John-David Dalton","email":"john.david.dalton@gmail.com","url":"http://allyoucanleet.com/"},{"name":"Blaine Bublitz","email":"blaine@iceddev.com","url":"http://www.iceddev.com/"},{"name":"Kit Cambridge","email":"github@kitcambridge.be","url":"http://kitcambridge.be/"},{"name":"Mathias Bynens","email":"mathias@qiwi.be","url":"http://mathiasbynens.be/"}],"bugs":{"url":"https://github.com/lodash/lodash-cli/issues"},"repository":{"type":"git","url":"https://github.com/lodash/lodash-cli.git"},"_id":"lodash._baseindexof@2.4.1","dist":{"shasum":"59db58412b40604ca4531abaf7a43cf1cc36bd59","tarball":"https://registry.npmjs.org/lodash._baseindexof/-/lodash._baseindexof-2.4.1.tgz"},"_from":".","_npmVersion":"1.3.14","_npmUser":{"name":"jdalton","email":"john.david.dalton@gmail.com"},"maintainers":[{"name":"jdalton","email":"john.david.dalton@gmail.com"},{"name":"kitcambridge","email":"github@kitcambridge.be"},{"name":"mathias","email":"mathias@qiwi.be"},{"name":"phated","email":"blaine@iceddev.com"}],"directories":{}},"3.0.0":{"name":"lodash._baseindexof","version":"3.0.0","description":"The modern build of lodash’s internal `baseIndexOf` as a module.","homepage":"https://lodash.com/","icon":"https://lodash.com/icon.svg","license":"MIT","author":{"name":"John-David Dalton","email":"john.david.dalton@gmail.com","url":"http://allyoucanleet.com/"},"contributors":[{"name":"John-David Dalton","email":"john.david.dalton@gmail.com","url":"http://allyoucanleet.com/"},{"name":"Benjamin Tan","email":"demoneaux@gmail.com","url":"https://d10.github.io/"},{"name":"Blaine Bublitz","email":"blaine@iceddev.com","url":"http://www.iceddev.com/"},{"name":"Kit Cambridge","email":"github@kitcambridge.be","url":"http://kitcambridge.be/"},{"name":"Mathias Bynens","email":"mathias@qiwi.be","url":"https://mathiasbynens.be/"}],"repository":{"type":"git","url":"https://github.com/lodash/lodash"},"scripts":{"test":"echo \"See https://travis-ci.org/lodash/lodash-cli for testing details.\""},"bugs":{"url":"https://github.com/lodash/lodash/issues"},"_id":"lodash._baseindexof@3.0.0","_shasum":"9dba9dd2cba3af6f814f27f930bd746267cbc7b0","_from":".","_npmVersion":"2.3.0","_nodeVersion":"0.10.35","_npmUser":{"name":"jdalton","email":"john.david.dalton@gmail.com"},"maintainers":[{"name":"jdalton","email":"john.david.dalton@gmail.com"},{"name":"kitcambridge","email":"github@kitcambridge.be"},{"name":"mathias","email":"mathias@qiwi.be"},{"name":"phated","email":"blaine@iceddev.com"}],"dist":{"shasum":"9dba9dd2cba3af6f814f27f930bd746267cbc7b0","tarball":"https://registry.npmjs.org/lodash._baseindexof/-/lodash._baseindexof-3.0.0.tgz"},"directories":{}},"3.1.0":{"name":"lodash._baseindexof","version":"3.1.0","description":"The modern build of lodash’s internal `baseIndexOf` as a module.","homepage":"https://lodash.com/","icon":"https://lodash.com/icon.svg","license":"MIT","author":{"name":"John-David Dalton","email":"john.david.dalton@gmail.com","url":"http://allyoucanleet.com/"},"contributors":[{"name":"John-David Dalton","email":"john.david.dalton@gmail.com","url":"http://allyoucanleet.com/"},{"name":"Benjamin Tan","email":"demoneaux@gmail.com","url":"https://d10.github.io/"},{"name":"Blaine Bublitz","email":"blaine@iceddev.com","url":"http://www.iceddev.com/"},{"name":"Kit Cambridge","email":"github@kitcambridge.be","url":"http://kitcambridge.be/"},{"name":"Mathias Bynens","email":"mathias@qiwi.be","url":"https://mathiasbynens.be/"}],"repository":{"type":"git","url":"https://github.com/lodash/lodash"},"scripts":{"test":"echo \"See https://travis-ci.org/lodash/lodash-cli for testing details.\""},"bugs":{"url":"https://github.com/lodash/lodash/issues"},"_id":"lodash._baseindexof@3.1.0","_shasum":"fe52b53a1c6761e42618d654e4a25789ed61822c","_from":".","_npmVersion":"2.6.1","_nodeVersion":"0.12.0","_npmUser":{"name":"jdalton","email":"john.david.dalton@gmail.com"},"maintainers":[{"name":"jdalton","email":"john.david.dalton@gmail.com"},{"name":"kitcambridge","email":"github@kitcambridge.be"},{"name":"mathias","email":"mathias@qiwi.be"},{"name":"phated","email":"blaine@iceddev.com"},{"name":"d10","email":"demoneaux@gmail.com"}],"dist":{"shasum":"fe52b53a1c6761e42618d654e4a25789ed61822c","tarball":"https://registry.npmjs.org/lodash._baseindexof/-/lodash._baseindexof-3.1.0.tgz"},"directories":{}}},"readme":"# lodash._baseindexof v3.1.0\n\nThe [modern build](https://github.com/lodash/lodash/wiki/Build-Differences) of [lodash’s](https://lodash.com/) internal `baseIndexOf` exported as a [Node.js](http://nodejs.org/)/[io.js](https://iojs.org/) module.\n\n## Installation\n\nUsing npm:\n\n```bash\n$ {sudo -H} npm i -g npm\n$ npm i --save lodash._baseindexof\n```\n\nIn Node.js/io.js:\n\n```js\nvar baseIndexOf = require('lodash._baseindexof');\n```\n\nSee the [package source](https://github.com/lodash/lodash/blob/3.1.0-npm-packages/lodash._baseindexof) for more details.\n","maintainers":[{"name":"jdalton","email":"john.david.dalton@gmail.com"},{"name":"mathias","email":"mathias@qiwi.be"}],"time":{"modified":"2016-10-06T16:54:49.076Z","created":"2013-09-23T06:26:45.548Z","2.0.0":"2013-09-23T07:26:38.464Z","2.1.0":"2013-09-23T07:46:32.815Z","2.2.0":"2013-09-29T22:05:39.535Z","2.2.1":"2013-10-03T18:46:37.620Z","2.3.0":"2013-11-11T16:43:57.000Z","2.4.0":"2013-11-26T19:53:35.330Z","2.4.1":"2013-12-03T17:07:47.826Z","3.0.0":"2015-01-26T15:28:01.712Z","3.1.0":"2015-03-06T16:55:28.182Z"},"author":{"name":"John-David Dalton","email":"john.david.dalton@gmail.com","url":"http://allyoucanleet.com/"},"repository":{"type":"git","url":"https://github.com/lodash/lodash"},"homepage":"https://lodash.com/","contributors":[{"name":"John-David Dalton","email":"john.david.dalton@gmail.com","url":"http://allyoucanleet.com/"},{"name":"Benjamin Tan","email":"demoneaux@gmail.com","url":"https://d10.github.io/"},{"name":"Blaine Bublitz","email":"blaine@iceddev.com","url":"http://www.iceddev.com/"},{"name":"Kit Cambridge","email":"github@kitcambridge.be","url":"http://kitcambridge.be/"},{"name":"Mathias Bynens","email":"mathias@qiwi.be","url":"https://mathiasbynens.be/"}],"bugs":{"url":"https://github.com/lodash/lodash/issues"},"license":"MIT","readmeFilename":"README.md","_attachments":{},"_etag":"W/\"14f135e802ceeaba3dc90e95ac75a98f\"","_lastModified":"Sun, 27 May 2018 06:58:04 GMT"}