{"_id":"lodash._createset","_rev":"7-58423d4cd51f4a6512defe3158115e34","name":"lodash._createset","description":"The internal lodash function `createSet` exported as a module.","dist-tags":{"latest":"4.0.3"},"versions":{"4.0.0":{"name":"lodash._createset","version":"4.0.0","description":"The internal lodash function `createSet` exported as a module.","homepage":"https://lodash.com/","icon":"https://lodash.com/icon.svg","license":"MIT","author":{"name":"John-David Dalton","email":"john.david.dalton@gmail.com","url":"http://allyoucanleet.com/"},"contributors":[{"name":"John-David Dalton","email":"john.david.dalton@gmail.com","url":"http://allyoucanleet.com/"},{"name":"Blaine Bublitz","email":"blaine@iceddev.com","url":"https://github.com/phated"},{"name":"Mathias Bynens","email":"mathias@qiwi.be","url":"https://mathiasbynens.be/"}],"repository":{"type":"git","url":"git+https://github.com/lodash/lodash.git"},"scripts":{"test":"echo \"See https://travis-ci.org/lodash/lodash-cli for testing details.\""},"bugs":{"url":"https://github.com/lodash/lodash/issues"},"_id":"lodash._createset@4.0.0","_shasum":"92b46092919dd7270e9fab70294feadb3a835822","_from":".","_npmVersion":"2.14.17","_nodeVersion":"5.5.0","_npmUser":{"name":"jdalton","email":"john.david.dalton@gmail.com"},"dist":{"shasum":"92b46092919dd7270e9fab70294feadb3a835822","tarball":"https://registry.npmjs.org/lodash._createset/-/lodash._createset-4.0.0.tgz"},"maintainers":[{"name":"jdalton","email":"john.david.dalton@gmail.com"}],"_npmOperationalInternal":{"host":"packages-6-west.internal.npmjs.com","tmp":"tmp/lodash._createset-4.0.0.tgz_1456330780129_0.0739455302245915"},"directories":{}},"4.0.1":{"name":"lodash._createset","version":"4.0.1","description":"The internal lodash function `createSet` exported as a module.","homepage":"https://lodash.com/","icon":"https://lodash.com/icon.svg","license":"MIT","author":{"name":"John-David Dalton","email":"john.david.dalton@gmail.com","url":"http://allyoucanleet.com/"},"contributors":[{"name":"John-David Dalton","email":"john.david.dalton@gmail.com","url":"http://allyoucanleet.com/"},{"name":"Blaine Bublitz","email":"blaine.bublitz@gmail.com","url":"https://github.com/phated"},{"name":"Mathias Bynens","email":"mathias@qiwi.be","url":"https://mathiasbynens.be/"}],"repository":{"type":"git","url":"git+https://github.com/lodash/lodash.git"},"scripts":{"test":"echo \"See https://travis-ci.org/lodash/lodash-cli for testing details.\""},"bugs":{"url":"https://github.com/lodash/lodash/issues"},"_id":"lodash._createset@4.0.1","_shasum":"00e891e3dd386c4512fcb1f49060dfa4d02a9819","_from":".","_npmVersion":"2.14.17","_nodeVersion":"5.5.0","_npmUser":{"name":"jdalton","email":"john.david.dalton@gmail.com"},"dist":{"shasum":"00e891e3dd386c4512fcb1f49060dfa4d02a9819","tarball":"https://registry.npmjs.org/lodash._createset/-/lodash._createset-4.0.1.tgz"},"maintainers":[{"name":"jdalton","email":"john.david.dalton@gmail.com"},{"name":"mathias","email":"mathias@qiwi.be"},{"name":"phated","email":"blaine.bublitz@gmail.com"}],"_npmOperationalInternal":{"host":"packages-13-west.internal.npmjs.com","tmp":"tmp/lodash._createset-4.0.1.tgz_1456896434807_0.3753381560090929"},"directories":{}},"4.0.2":{"name":"lodash._createset","version":"4.0.2","description":"The internal lodash function `createSet` exported as a module.","homepage":"https://lodash.com/","icon":"https://lodash.com/icon.svg","license":"MIT","author":{"name":"John-David Dalton","email":"john.david.dalton@gmail.com","url":"http://allyoucanleet.com/"},"contributors":[{"name":"John-David Dalton","email":"john.david.dalton@gmail.com","url":"http://allyoucanleet.com/"},{"name":"Blaine Bublitz","email":"blaine.bublitz@gmail.com","url":"https://github.com/phated"},{"name":"Mathias Bynens","email":"mathias@qiwi.be","url":"https://mathiasbynens.be/"}],"repository":{"type":"git","url":"git+https://github.com/lodash/lodash.git"},"scripts":{"test":"echo \"See https://travis-ci.org/lodash/lodash-cli for testing details.\""},"bugs":{"url":"https://github.com/lodash/lodash/issues"},"_id":"lodash._createset@4.0.2","_shasum":"c6c83cb8ed3e89e6b322a7cf5a832cf33ee67518","_from":".","_npmVersion":"2.15.3","_nodeVersion":"5.5.0","_npmUser":{"name":"jdalton","email":"john.david.dalton@gmail.com"},"dist":{"shasum":"c6c83cb8ed3e89e6b322a7cf5a832cf33ee67518","tarball":"https://registry.npmjs.org/lodash._createset/-/lodash._createset-4.0.2.tgz"},"maintainers":[{"name":"jdalton","email":"john.david.dalton@gmail.com"},{"name":"mathias","email":"mathias@qiwi.be"},{"name":"phated","email":"blaine.bublitz@gmail.com"}],"_npmOperationalInternal":{"host":"packages-12-west.internal.npmjs.com","tmp":"tmp/lodash._createset-4.0.2.tgz_1460126669503_0.45431904401630163"},"directories":{}},"4.0.3":{"name":"lodash._createset","version":"4.0.3","description":"The internal lodash function `createSet` exported as a module.","homepage":"https://lodash.com/","icon":"https://lodash.com/icon.svg","license":"MIT","author":{"name":"John-David Dalton","email":"john.david.dalton@gmail.com","url":"http://allyoucanleet.com/"},"contributors":[{"name":"John-David Dalton","email":"john.david.dalton@gmail.com","url":"http://allyoucanleet.com/"},{"name":"Blaine Bublitz","email":"blaine.bublitz@gmail.com","url":"https://github.com/phated"},{"name":"Mathias Bynens","email":"mathias@qiwi.be","url":"https://mathiasbynens.be/"}],"repository":{"type":"git","url":"git+https://github.com/lodash/lodash.git"},"scripts":{"test":"echo \"See https://travis-ci.org/lodash/lodash-cli for testing details.\""},"bugs":{"url":"https://github.com/lodash/lodash/issues"},"_id":"lodash._createset@4.0.3","_shasum":"0f4659fbb09d75194fa9e2b88a6644d363c9fe26","_from":".","_npmVersion":"2.15.5","_nodeVersion":"5.5.0","_npmUser":{"name":"jdalton","email":"john.david.dalton@gmail.com"},"dist":{"shasum":"0f4659fbb09d75194fa9e2b88a6644d363c9fe26","tarball":"https://registry.npmjs.org/lodash._createset/-/lodash._createset-4.0.3.tgz"},"maintainers":[{"name":"jdalton","email":"john.david.dalton@gmail.com"},{"name":"mathias","email":"mathias@qiwi.be"},{"name":"phated","email":"blaine.bublitz@gmail.com"}],"_npmOperationalInternal":{"host":"packages-16-east.internal.npmjs.com","tmp":"tmp/lodash._createset-4.0.3.tgz_1463062044214_0.7864094290416688"},"directories":{}}},"readme":"# lodash._createset v4.0.3\n\nThe internal [lodash](https://lodash.com/) function `createSet` exported as a [Node.js](https://nodejs.org/) module.\n\n## Installation\n\nUsing npm:\n```bash\n$ {sudo -H} npm i -g npm\n$ npm i --save lodash._createset\n```\n\nIn Node.js:\n```js\nvar createSet = require('lodash._createset');\n```\n\nSee the [package source](https://github.com/lodash/lodash/blob/4.0.3-npm-packages/lodash._createset) for more details.\n","maintainers":[{"name":"jdalton","email":"john.david.dalton@gmail.com"},{"name":"mathias","email":"mathias@qiwi.be"}],"time":{"modified":"2016-10-06T17:04:33.027Z","created":"2016-02-24T16:19:40.865Z","4.0.0":"2016-02-24T16:19:40.865Z","4.0.1":"2016-03-02T05:27:15.313Z","4.0.2":"2016-04-08T14:44:30.138Z","4.0.3":"2016-05-12T14:07:27.487Z"},"homepage":"https://lodash.com/","repository":{"type":"git","url":"git+https://github.com/lodash/lodash.git"},"contributors":[{"name":"John-David Dalton","email":"john.david.dalton@gmail.com","url":"http://allyoucanleet.com/"},{"name":"Blaine Bublitz","email":"blaine.bublitz@gmail.com","url":"https://github.com/phated"},{"name":"Mathias Bynens","email":"mathias@qiwi.be","url":"https://mathiasbynens.be/"}],"author":{"name":"John-David Dalton","email":"john.david.dalton@gmail.com","url":"http://allyoucanleet.com/"},"bugs":{"url":"https://github.com/lodash/lodash/issues"},"license":"MIT","readmeFilename":"README.md","_attachments":{},"_etag":"W/\"b5aa0d4ce89cb2034793dad7070f7ff1\"","_lastModified":"Sun, 27 May 2018 06:58:08 GMT"}