{"_id":"xtend","_rev":"86-5d5369b8ca1d95a52d8883f115c3a1f1","name":"xtend","description":"extend like a boss","dist-tags":{"latest":"4.0.1"},"versions":{"1.0.0":{"name":"xtend","version":"1.0.0","description":"extend like a boss","keywords":[],"author":{"name":"Raynos","email":"raynos2@gmail.com"},"repository":{"type":"git","url":"git://github.com/Raynos/xtend.git"},"main":"index","scripts":{"test":"make test"},"homepage":"https://github.com/Raynos/xtend","contributors":[{"name":"Jake Verbaten"}],"bugs":{"email":"raynos2@gmail.com","url":"https://github.com/Raynos/xtend/issues"},"licenses":[{"type":"MIT","url":"http://github.com/raynos/xtend/raw/master/LICENSE"}],"engines":{"node":">=0.4"},"_npmUser":{"name":"raynos","email":"raynos2@gmail.com"},"_id":"xtend@1.0.0","dependencies":{},"devDependencies":{},"optionalDependencies":{},"_engineSupported":true,"_npmVersion":"1.1.9","_nodeVersion":"v0.6.13","_defaultsLoaded":true,"dist":{"shasum":"d3ab250423ff0c0e3bf05d66379af5dc2cf583ff","tarball":"https://registry.npmjs.org/xtend/-/xtend-1.0.0.tgz"},"maintainers":[{"name":"raynos","email":"raynos2@gmail.com"}],"directories":{}},"1.0.1":{"name":"xtend","version":"1.0.1","description":"extend like a boss","keywords":[],"author":{"name":"Raynos","email":"raynos2@gmail.com"},"repository":{"type":"git","url":"git://github.com/Raynos/xtend.git"},"main":"index","scripts":{"test":"make test"},"homepage":"https://github.com/Raynos/xtend","contributors":[{"name":"Jake Verbaten"}],"bugs":{"email":"raynos2@gmail.com","url":"https://github.com/Raynos/xtend/issues"},"licenses":[{"type":"MIT","url":"http://github.com/raynos/xtend/raw/master/LICENSE"}],"engines":{"node":">=0.4"},"_npmUser":{"name":"raynos","email":"raynos2@gmail.com"},"_id":"xtend@1.0.1","dependencies":{},"devDependencies":{},"optionalDependencies":{},"_engineSupported":true,"_npmVersion":"1.1.9","_nodeVersion":"v0.6.13","_defaultsLoaded":true,"dist":{"shasum":"86452b658fae1c959aea2bd8c57048d8ced4b010","tarball":"https://registry.npmjs.org/xtend/-/xtend-1.0.1.tgz"},"maintainers":[{"name":"raynos","email":"raynos2@gmail.com"}],"directories":{}},"1.0.2":{"name":"xtend","version":"1.0.2","description":"extend like a boss","keywords":[],"author":{"name":"Raynos","email":"raynos2@gmail.com"},"repository":{"type":"git","url":"git://github.com/Raynos/xtend.git"},"main":"index","scripts":{"test":"make test"},"homepage":"https://github.com/Raynos/xtend","contributors":[{"name":"Jake Verbaten"}],"bugs":{"email":"raynos2@gmail.com","url":"https://github.com/Raynos/xtend/issues"},"licenses":[{"type":"MIT","url":"http://github.com/raynos/xtend/raw/master/LICENSE"}],"engines":{"node":">=0.4"},"_npmUser":{"name":"raynos","email":"raynos2@gmail.com"},"_id":"xtend@1.0.2","dependencies":{},"devDependencies":{},"optionalDependencies":{},"_engineSupported":true,"_npmVersion":"1.1.9","_nodeVersion":"v0.6.13","_defaultsLoaded":true,"dist":{"shasum":"127e37ce5e4050de5f175f439b2a0649297dc14b","tarball":"https://registry.npmjs.org/xtend/-/xtend-1.0.2.tgz"},"maintainers":[{"name":"raynos","email":"raynos2@gmail.com"}],"directories":{}},"1.0.3":{"name":"xtend","version":"1.0.3","description":"extend like a boss","keywords":[],"author":{"name":"Raynos","email":"raynos2@gmail.com"},"repository":{"type":"git","url":"git://github.com/Raynos/xtend.git"},"main":"index","scripts":{"test":"make test"},"homepage":"https://github.com/Raynos/xtend","contributors":[{"name":"Jake Verbaten"},{"name":"Matt Esch"}],"bugs":{"email":"raynos2@gmail.com","url":"https://github.com/Raynos/xtend/issues"},"licenses":[{"type":"MIT","url":"http://github.com/raynos/xtend/raw/master/LICENSE"}],"engines":{"node":">=0.4"},"_npmUser":{"name":"raynos","email":"raynos2@gmail.com"},"_id":"xtend@1.0.3","dependencies":{},"devDependencies":{},"optionalDependencies":{},"_engineSupported":true,"_npmVersion":"1.1.21","_nodeVersion":"v0.6.18","_defaultsLoaded":true,"dist":{"shasum":"3f5d937353cced8e085399a563fdb22541c2960a","tarball":"https://registry.npmjs.org/xtend/-/xtend-1.0.3.tgz"},"maintainers":[{"name":"raynos","email":"raynos2@gmail.com"}],"directories":{}},"2.0.1":{"name":"xtend","version":"2.0.1","description":"extend like a boss","keywords":[],"author":{"name":"Raynos","email":"raynos2@gmail.com"},"repository":{"type":"git","url":"git://github.com/Raynos/xtend.git"},"main":"index","scripts":{"test":"node test"},"devDependencies":{"tape":"~0.2.2"},"homepage":"https://github.com/Raynos/xtend","contributors":[{"name":"Jake Verbaten"},{"name":"Matt Esch"}],"bugs":{"url":"https://github.com/Raynos/xtend/issues","email":"raynos2@gmail.com"},"licenses":[{"type":"MIT","url":"http://github.com/raynos/xtend/raw/master/LICENSE"}],"testling":{"files":"test.js","browsers":["ie/7..latest","chrome/5..latest","firefox/3.6..latest","safari/5.1..latest"]},"engines":{"node":">=0.4"},"_id":"xtend@2.0.1","dist":{"shasum":"008f40eede59ba58a2c14b1b64cc28b97513248d","tarball":"https://registry.npmjs.org/xtend/-/xtend-2.0.1.tgz"},"_from":".","_npmVersion":"1.2.3","_npmUser":{"name":"raynos","email":"raynos2@gmail.com"},"maintainers":[{"name":"raynos","email":"raynos2@gmail.com"}],"directories":{}},"2.0.2":{"name":"xtend","version":"2.0.2","description":"extend like a boss","keywords":[],"author":{"name":"Raynos","email":"raynos2@gmail.com"},"repository":{"type":"git","url":"git://github.com/Raynos/xtend.git"},"main":"index","scripts":{"test":"node test"},"devDependencies":{"tape":"~0.2.2"},"homepage":"https://github.com/Raynos/xtend","contributors":[{"name":"Jake Verbaten"},{"name":"Matt Esch"}],"bugs":{"url":"https://github.com/Raynos/xtend/issues","email":"raynos2@gmail.com"},"licenses":[{"type":"MIT","url":"http://github.com/raynos/xtend/raw/master/LICENSE"}],"testling":{"files":"test.js","browsers":["ie/7..latest","chrome/5..latest","firefox/3.6..latest","safari/5.1..latest"]},"engines":{"node":">=0.4"},"_id":"xtend@2.0.2","dist":{"shasum":"2bd96b92d6e4c85573084a0d2f104a50947b9b85","tarball":"https://registry.npmjs.org/xtend/-/xtend-2.0.2.tgz"},"_from":".","_npmVersion":"1.2.3","_npmUser":{"name":"raynos","email":"raynos2@gmail.com"},"maintainers":[{"name":"raynos","email":"raynos2@gmail.com"}],"directories":{}},"2.0.3":{"name":"xtend","version":"2.0.3","description":"extend like a boss","keywords":[],"author":{"name":"Raynos","email":"raynos2@gmail.com"},"repository":{"type":"git","url":"git://github.com/Raynos/xtend.git"},"main":"index","scripts":{"test":"node test"},"devDependencies":{"tape":"~0.2.2"},"homepage":"https://github.com/Raynos/xtend","contributors":[{"name":"Jake Verbaten"},{"name":"Matt Esch"}],"bugs":{"url":"https://github.com/Raynos/xtend/issues","email":"raynos2@gmail.com"},"licenses":[{"type":"MIT","url":"http://github.com/raynos/xtend/raw/master/LICENSE"}],"testling":{"files":"test.js","browsers":["ie/7..latest","chrome/5..latest","firefox/3.6..latest","safari/5.1..latest"]},"engines":{"node":">=0.4"},"_id":"xtend@2.0.3","dist":{"shasum":"62600900f096ad6a111e3ca37dbb908776493094","tarball":"https://registry.npmjs.org/xtend/-/xtend-2.0.3.tgz"},"_from":".","_npmVersion":"1.2.3","_npmUser":{"name":"raynos","email":"raynos2@gmail.com"},"maintainers":[{"name":"raynos","email":"raynos2@gmail.com"}],"directories":{}},"2.0.4":{"name":"xtend","version":"2.0.4","description":"extend like a boss","keywords":[],"author":{"name":"Raynos","email":"raynos2@gmail.com"},"repository":{"type":"git","url":"git://github.com/Raynos/xtend.git"},"main":"index","scripts":{"test":"node test"},"dependencies":{"is-object":"~0.1.2","object-keys":"~0.2.0"},"devDependencies":{"tape":"~1.0.2"},"homepage":"https://github.com/Raynos/xtend","contributors":[{"name":"Jake Verbaten"},{"name":"Matt Esch"}],"bugs":{"url":"https://github.com/Raynos/xtend/issues","email":"raynos2@gmail.com"},"licenses":[{"type":"MIT","url":"http://github.com/raynos/xtend/raw/master/LICENSE"}],"testling":{"files":"test.js","browsers":["ie/7..latest","firefox/16..latest","firefox/nightly","chrome/22..latest","chrome/canary","opera/12..latest","opera/next","safari/5.1..latest","ipad/6.0..latest","iphone/6.0..latest"]},"engines":{"node":">=0.4"},"_id":"xtend@2.0.4","dist":{"shasum":"af09e545bd860909a88682af042680ec179a2208","tarball":"https://registry.npmjs.org/xtend/-/xtend-2.0.4.tgz"},"_from":".","_npmVersion":"1.2.21","_npmUser":{"name":"raynos","email":"raynos2@gmail.com"},"maintainers":[{"name":"raynos","email":"raynos2@gmail.com"}],"directories":{}},"2.0.5":{"name":"xtend","version":"2.0.5","description":"extend like a boss","keywords":[],"author":{"name":"Raynos","email":"raynos2@gmail.com"},"repository":{"type":"git","url":"git://github.com/Raynos/xtend.git"},"main":"index","scripts":{"test":"node test"},"dependencies":{"is-object":"~0.1.2","object-keys":"~0.2.0"},"devDependencies":{"tape":"~1.0.2"},"homepage":"https://github.com/Raynos/xtend","contributors":[{"name":"Jake Verbaten"},{"name":"Matt Esch"}],"bugs":{"url":"https://github.com/Raynos/xtend/issues","email":"raynos2@gmail.com"},"licenses":[{"type":"MIT","url":"http://github.com/raynos/xtend/raw/master/LICENSE"}],"testling":{"files":"test.js","browsers":["ie/7..latest","firefox/16..latest","firefox/nightly","chrome/22..latest","chrome/canary","opera/12..latest","opera/next","safari/5.1..latest","ipad/6.0..latest","iphone/6.0..latest"]},"engines":{"node":">=0.4"},"_id":"xtend@2.0.5","dist":{"shasum":"51e23655b93e7aa1ef84e485369a4c7b5ebe6dbc","tarball":"https://registry.npmjs.org/xtend/-/xtend-2.0.5.tgz"},"_from":".","_npmVersion":"1.2.18","_npmUser":{"name":"raynos","email":"raynos2@gmail.com"},"maintainers":[{"name":"raynos","email":"raynos2@gmail.com"}],"directories":{}},"2.0.6":{"name":"xtend","version":"2.0.6","description":"extend like a boss","keywords":[],"author":{"name":"Raynos","email":"raynos2@gmail.com"},"repository":{"type":"git","url":"git://github.com/Raynos/xtend.git"},"main":"index","scripts":{"test":"node test"},"dependencies":{"is-object":"~0.1.2","object-keys":"~0.2.0"},"devDependencies":{"tape":"~1.0.2"},"homepage":"https://github.com/Raynos/xtend","contributors":[{"name":"Jake Verbaten"},{"name":"Matt Esch"}],"bugs":{"url":"https://github.com/Raynos/xtend/issues","email":"raynos2@gmail.com"},"licenses":[{"type":"MIT","url":"http://github.com/raynos/xtend/raw/master/LICENSE"}],"testling":{"files":"test.js","browsers":["ie/7..latest","firefox/16..latest","firefox/nightly","chrome/22..latest","chrome/canary","opera/12..latest","opera/next","safari/5.1..latest","ipad/6.0..latest","iphone/6.0..latest"]},"engines":{"node":">=0.4"},"_id":"xtend@2.0.6","dist":{"shasum":"5ea657a6dba447069c2e59c58a1138cb0c5e6cee","tarball":"https://registry.npmjs.org/xtend/-/xtend-2.0.6.tgz"},"_from":".","_npmVersion":"1.2.21","_npmUser":{"name":"raynos","email":"raynos2@gmail.com"},"maintainers":[{"name":"raynos","email":"raynos2@gmail.com"}],"directories":{}},"2.1.1":{"name":"xtend","version":"2.1.1","description":"extend like a boss","keywords":[],"author":{"name":"Raynos","email":"raynos2@gmail.com"},"repository":{"type":"git","url":"git://github.com/Raynos/xtend.git"},"main":"index","scripts":{"test":"node test"},"dependencies":{"object-keys":"~0.4.0"},"devDependencies":{"tape":"~1.1.0"},"homepage":"https://github.com/Raynos/xtend","contributors":[{"name":"Jake Verbaten"},{"name":"Matt Esch"}],"bugs":{"url":"https://github.com/Raynos/xtend/issues","email":"raynos2@gmail.com"},"licenses":[{"type":"MIT","url":"http://github.com/raynos/xtend/raw/master/LICENSE"}],"testling":{"files":"test.js","browsers":["ie/7..latest","firefox/16..latest","firefox/nightly","chrome/22..latest","chrome/canary","opera/12..latest","opera/next","safari/5.1..latest","ipad/6.0..latest","iphone/6.0..latest"]},"engines":{"node":">=0.4"},"_id":"xtend@2.1.1","dist":{"shasum":"d97a083e97cef3a331c4e9bd0201356711849b9f","tarball":"https://registry.npmjs.org/xtend/-/xtend-2.1.1.tgz"},"_from":".","_npmVersion":"1.3.5","_npmUser":{"name":"raynos","email":"raynos2@gmail.com"},"maintainers":[{"name":"raynos","email":"raynos2@gmail.com"}],"directories":{}},"2.1.2":{"name":"xtend","version":"2.1.2","description":"extend like a boss","keywords":["extend","merge","options","opts","object","array"],"author":{"name":"Raynos","email":"raynos2@gmail.com"},"repository":{"type":"git","url":"git://github.com/Raynos/xtend.git"},"main":"index","scripts":{"test":"node test"},"dependencies":{"object-keys":"~0.4.0"},"devDependencies":{"tape":"~1.1.0"},"homepage":"https://github.com/Raynos/xtend","contributors":[{"name":"Jake Verbaten"},{"name":"Matt Esch"}],"bugs":{"url":"https://github.com/Raynos/xtend/issues","email":"raynos2@gmail.com"},"licenses":[{"type":"MIT","url":"http://github.com/raynos/xtend/raw/master/LICENSE"}],"testling":{"files":"test.js","browsers":["ie/7..latest","firefox/16..latest","firefox/nightly","chrome/22..latest","chrome/canary","opera/12..latest","opera/next","safari/5.1..latest","ipad/6.0..latest","iphone/6.0..latest"]},"engines":{"node":">=0.4"},"_id":"xtend@2.1.2","dist":{"shasum":"6efecc2a4dad8e6962c4901b337ce7ba87b5d28b","tarball":"https://registry.npmjs.org/xtend/-/xtend-2.1.2.tgz"},"_from":".","_npmVersion":"1.3.14","_npmUser":{"name":"raynos","email":"raynos2@gmail.com"},"maintainers":[{"name":"raynos","email":"raynos2@gmail.com"}],"directories":{}},"2.2.0":{"name":"xtend","version":"2.2.0","description":"extend like a boss","keywords":["extend","merge","options","opts","object","array"],"author":{"name":"Raynos","email":"raynos2@gmail.com"},"repository":{"type":"git","url":"git://github.com/Raynos/xtend.git"},"main":"index","scripts":{"test":"node test"},"dependencies":{},"devDependencies":{"tape":"~1.1.0"},"homepage":"https://github.com/Raynos/xtend","contributors":[{"name":"Jake Verbaten"},{"name":"Matt Esch"}],"bugs":{"url":"https://github.com/Raynos/xtend/issues","email":"raynos2@gmail.com"},"licenses":[{"type":"MIT","url":"http://github.com/raynos/xtend/raw/master/LICENSE"}],"testling":{"files":"test.js","browsers":["ie/7..latest","firefox/16..latest","firefox/nightly","chrome/22..latest","chrome/canary","opera/12..latest","opera/next","safari/5.1..latest","ipad/6.0..latest","iphone/6.0..latest"]},"engines":{"node":">=0.4"},"_id":"xtend@2.2.0","dist":{"shasum":"eef6b1f198c1c8deafad8b1765a04dad4a01c5a9","tarball":"https://registry.npmjs.org/xtend/-/xtend-2.2.0.tgz"},"_from":".","_npmVersion":"1.4.6","_npmUser":{"name":"raynos","email":"raynos2@gmail.com"},"maintainers":[{"name":"raynos","email":"raynos2@gmail.com"}],"directories":{}},"3.0.0":{"name":"xtend","version":"3.0.0","description":"extend like a boss","keywords":["extend","merge","options","opts","object","array"],"author":{"name":"Raynos","email":"raynos2@gmail.com"},"repository":{"type":"git","url":"git://github.com/Raynos/xtend.git"},"main":"index","scripts":{"test":"node test"},"dependencies":{},"devDependencies":{"tape":"~1.1.0"},"homepage":"https://github.com/Raynos/xtend","contributors":[{"name":"Jake Verbaten"},{"name":"Matt Esch"}],"bugs":{"url":"https://github.com/Raynos/xtend/issues","email":"raynos2@gmail.com"},"licenses":[{"type":"MIT","url":"http://github.com/raynos/xtend/raw/master/LICENSE"}],"testling":{"files":"test.js","browsers":["ie/7..latest","firefox/16..latest","firefox/nightly","chrome/22..latest","chrome/canary","opera/12..latest","opera/next","safari/5.1..latest","ipad/6.0..latest","iphone/6.0..latest"]},"engines":{"node":">=0.4"},"_id":"xtend@3.0.0","dist":{"shasum":"5cce7407baf642cba7becda568111c493f59665a","tarball":"https://registry.npmjs.org/xtend/-/xtend-3.0.0.tgz"},"_from":".","_npmVersion":"1.4.6","_npmUser":{"name":"raynos","email":"raynos2@gmail.com"},"maintainers":[{"name":"raynos","email":"raynos2@gmail.com"}],"directories":{}},"4.0.0":{"name":"xtend","version":"4.0.0","description":"extend like a boss","keywords":["extend","merge","options","opts","object","array"],"author":{"name":"Raynos","email":"raynos2@gmail.com"},"repository":{"type":"git","url":"git://github.com/Raynos/xtend.git"},"main":"immutable","scripts":{"test":"node test"},"dependencies":{},"devDependencies":{"tape":"~1.1.0"},"homepage":"https://github.com/Raynos/xtend","contributors":[{"name":"Jake Verbaten"},{"name":"Matt Esch"}],"bugs":{"url":"https://github.com/Raynos/xtend/issues","email":"raynos2@gmail.com"},"licenses":[{"type":"MIT","url":"http://github.com/raynos/xtend/raw/master/LICENSE"}],"testling":{"files":"test.js","browsers":["ie/7..latest","firefox/16..latest","firefox/nightly","chrome/22..latest","chrome/canary","opera/12..latest","opera/next","safari/5.1..latest","ipad/6.0..latest","iphone/6.0..latest"]},"engines":{"node":">=0.4"},"gitHead":"94a95d76154103290533b2c55ffa0fe4be16bfef","_id":"xtend@4.0.0","_shasum":"8bc36ff87aedbe7ce9eaf0bca36b2354a743840f","_from":".","_npmVersion":"1.4.15","_npmUser":{"name":"raynos","email":"raynos2@gmail.com"},"maintainers":[{"name":"raynos","email":"raynos2@gmail.com"}],"dist":{"shasum":"8bc36ff87aedbe7ce9eaf0bca36b2354a743840f","tarball":"https://registry.npmjs.org/xtend/-/xtend-4.0.0.tgz"},"directories":{}},"4.0.1":{"name":"xtend","version":"4.0.1","description":"extend like a boss","keywords":["extend","merge","options","opts","object","array"],"author":{"name":"Raynos","email":"raynos2@gmail.com"},"repository":{"type":"git","url":"git://github.com/Raynos/xtend.git"},"main":"immutable","scripts":{"test":"node test"},"dependencies":{},"devDependencies":{"tape":"~1.1.0"},"homepage":"https://github.com/Raynos/xtend","contributors":[{"name":"Jake Verbaten"},{"name":"Matt Esch"}],"bugs":{"url":"https://github.com/Raynos/xtend/issues","email":"raynos2@gmail.com"},"license":"MIT","testling":{"files":"test.js","browsers":["ie/7..latest","firefox/16..latest","firefox/nightly","chrome/22..latest","chrome/canary","opera/12..latest","opera/next","safari/5.1..latest","ipad/6.0..latest","iphone/6.0..latest"]},"engines":{"node":">=0.4"},"gitHead":"23dc302a89756da89c1897bc732a752317e35390","_id":"xtend@4.0.1","_shasum":"a5c6d532be656e23db820efb943a1f04998d63af","_from":".","_npmVersion":"2.14.1","_nodeVersion":"0.10.32","_npmUser":{"name":"raynos","email":"raynos2@gmail.com"},"dist":{"shasum":"a5c6d532be656e23db820efb943a1f04998d63af","tarball":"https://registry.npmjs.org/xtend/-/xtend-4.0.1.tgz"},"maintainers":[{"name":"raynos","email":"raynos2@gmail.com"}],"directories":{}}},"readme":"# xtend\n\n[![browser support][3]][4]\n\n[![locked](http://badges.github.io/stability-badges/dist/locked.svg)](http://github.com/badges/stability-badges)\n\nExtend like a boss\n\nxtend is a basic utility library which allows you to extend an object by appending all of the properties from each object in a list. When there are identical properties, the right-most property takes precedence.\n\n## Examples\n\n```js\nvar extend = require(\"xtend\")\n\n// extend returns a new object. Does not mutate arguments\nvar combination = extend({\n    a: \"a\",\n    b: 'c'\n}, {\n    b: \"b\"\n})\n// { a: \"a\", b: \"b\" }\n```\n\n## Stability status: Locked\n\n## MIT Licenced\n\n\n  [3]: http://ci.testling.com/Raynos/xtend.png\n  [4]: http://ci.testling.com/Raynos/xtend\n","maintainers":[{"name":"raynos","email":"raynos2@gmail.com"}],"time":{"modified":"2017-11-28T18:52:56.932Z","created":"2012-05-23T11:25:19.588Z","1.0.0":"2012-05-23T11:25:21.192Z","1.0.1":"2012-05-23T11:27:39.720Z","1.0.2":"2012-05-23T11:28:40.032Z","1.0.3":"2012-05-30T12:03:49.948Z","2.0.1":"2013-03-02T02:52:08.771Z","2.0.2":"2013-03-02T02:53:05.996Z","2.0.3":"2013-03-02T02:56:11.023Z","2.0.4":"2013-05-15T21:04:12.697Z","2.0.5":"2013-06-01T23:27:01.096Z","2.0.6":"2013-06-20T21:30:21.949Z","2.1.1":"2013-09-04T17:17:38.531Z","2.1.2":"2014-01-01T09:31:13.601Z","2.2.0":"2014-03-26T08:35:47.006Z","3.0.0":"2014-04-14T20:35:30.623Z","4.0.0":"2014-07-31T22:23:46.567Z","4.0.1":"2015-11-02T22:19:21.923Z"},"author":{"name":"Raynos","email":"raynos2@gmail.com"},"repository":{"type":"git","url":"git://github.com/Raynos/xtend.git"},"users":{"devoidfury":true,"brianloveswords":true,"grncdr":true,"johnnyscript":true,"artskydj":true,"kahboom":true,"tunnckocore":true,"stringparser":true,"kws4679":true,"frknbasaran":true,"axelav":true,"iamveen":true,"attilab":true,"simplyianm":true,"jefrancomix":true,"joakin":true,"bsnote":true,"itonyyo":true,"program247365":true,"elidiazgt":true,"thebearingedge":true,"akiva":true,"detj":true,"maxidr":true,"vbv":true,"nickleefly":true,"ru7hl355":true,"moimikey":true,"nickeltobias":true,"bojand":true,"tobiasnickel":true,"thejaydox":true,"dracochou":true,"bret":true,"chaoticloki":true,"rnbwd":true,"grreenzz":true,"estrattonbailey":true,"vonthar":true,"minicast":true,"dzhou777":true,"max_devjs":true,"evanshortiss":true,"sprying":true,"eliellis":true,"kerwyn":true},"homepage":"https://github.com/Raynos/xtend","keywords":["extend","merge","options","opts","object","array"],"contributors":[{"name":"Jake Verbaten"},{"name":"Matt Esch"}],"bugs":{"url":"https://github.com/Raynos/xtend/issues","email":"raynos2@gmail.com"},"readmeFilename":"README.md","license":"MIT","_attachments":{},"_etag":"W/\"5ea6ca0f66188807c5bc0e0c0248a40d\"","_lastModified":"Sun, 27 May 2018 22:31:50 GMT"}