{"_id":"unique-filename","_rev":"7-2f3386c1bedc51f96ca3b717347964bb","name":"unique-filename","description":"Generate a unique filename for use in temporary directories or caches.","dist-tags":{"latest":"1.1.0"},"versions":{"1.0.0":{"name":"unique-filename","version":"1.0.0","description":"Generate a unique filename for use in temporary directories or caches.","main":"index.js","scripts":{"test":"standard && tap test"},"repository":{"type":"git","url":"https://github.com/iarna/unique-filename.git"},"keywords":[],"author":{"name":"Rebecca Turner","email":"me@re-becca.org","url":"http://re-becca.org/"},"license":"ISC","bugs":{"url":"https://github.com/iarna/unique-filename/issues"},"homepage":"https://github.com/iarna/unique-filename","devDependencies":{"standard":"^3.7.3","tap":"^1.0.0"},"dependencies":{"unique-slug":"^1.0.0"},"gitHead":"935739361f6ecc7b613c5daf66a57b67938796d4","_id":"unique-filename@1.0.0","_shasum":"0bee4219e192e86da3c4ffc0cc6e054d8634eab9","_from":".","_npmVersion":"2.7.6","_nodeVersion":"1.6.2","_npmUser":{"name":"iarna","email":"me@re-becca.org"},"maintainers":[{"name":"iarna","email":"me@re-becca.org"}],"dist":{"shasum":"0bee4219e192e86da3c4ffc0cc6e054d8634eab9","tarball":"https://registry.npmjs.org/unique-filename/-/unique-filename-1.0.0.tgz"},"directories":{}},"1.1.0":{"name":"unique-filename","version":"1.1.0","description":"Generate a unique filename for use in temporary directories or caches.","main":"index.js","scripts":{"test":"standard && tap test"},"repository":{"type":"git","url":"git+https://github.com/iarna/unique-filename.git"},"keywords":[],"author":{"name":"Rebecca Turner","email":"me@re-becca.org","url":"http://re-becca.org/"},"license":"ISC","bugs":{"url":"https://github.com/iarna/unique-filename/issues"},"homepage":"https://github.com/iarna/unique-filename","devDependencies":{"standard":"^5.4.1","tap":"^2.3.1"},"dependencies":{"unique-slug":"^2.0.0"},"gitHead":"cb31644c71f842258a8019e0e6ef8f2b8533a5c0","_id":"unique-filename@1.1.0","_shasum":"d05f2fe4032560871f30e93cbe735eea201514f3","_from":".","_npmVersion":"2.14.13","_nodeVersion":"4.2.2","_npmUser":{"name":"iarna","email":"me@re-becca.org"},"dist":{"shasum":"d05f2fe4032560871f30e93cbe735eea201514f3","tarball":"https://registry.npmjs.org/unique-filename/-/unique-filename-1.1.0.tgz"},"maintainers":[{"name":"iarna","email":"me@re-becca.org"}],"directories":{}}},"readme":"unique-filename\n===============\n\nGenerate a unique filename for use in temporary directories or caches.\n\n```\nvar uniqueFilename = require('unique-filename')\n\n// returns something like: /tmp/912ec803b2ce49e4a541068d495ab570\nvar randomTmpfile = uniqueFilename(os.tmpdir())\n\n// returns something like: /tmp/my-test-912ec803b2ce49e4a541068d495ab570\nvar randomPrefixedTmpfile = uniqueFilename(os.tmpdir(), 'my-test')\n\nvar uniqueTmpfile = uniqueFilename('/tmp', 'testing', '/my/thing/to/uniq/on')\n```\n\n### uniqueFilename(*dir*, *fileprefix*, *uniqstr*) → String\n\nReturns the full path of a unique filename that looks like:\n`dir/prefix-7ddd44c0`\nor `dir/7ddd44c0`\n\n*dir* – The path you want the filename in. `os.tmpdir()` is a good choice for this.\n\n*fileprefix* – A string to append prior to the unique part of the filename.\nThe parameter is required if *uniqstr* is also passed in but is otherwise\noptional and can be `undefined`/`null`/`''`. If present and not empty\nthen this string plus a hyphen are prepended to the unique part.\n\n*uniqstr* – Optional, if not passed the unique part of the resulting\nfilename will be random.  If passed in it will be generated from this string\nin a reproducable way.\n","maintainers":[{"name":"iarna","email":"me@re-becca.org"}],"time":{"modified":"2017-10-19T05:20:47.190Z","created":"2015-05-07T23:12:09.667Z","1.0.0":"2015-05-07T23:12:09.667Z","1.1.0":"2015-12-03T23:00:37.437Z"},"homepage":"https://github.com/iarna/unique-filename","keywords":[],"repository":{"type":"git","url":"git+https://github.com/iarna/unique-filename.git"},"author":{"name":"Rebecca Turner","email":"me@re-becca.org","url":"http://re-becca.org/"},"bugs":{"url":"https://github.com/iarna/unique-filename/issues"},"license":"ISC","readmeFilename":"README.md","users":{"mattmcfarland":true,"iarna":true,"shiva127":true},"_attachments":{},"_etag":"W/\"df3cb72104f9b26e826072492fa67b8c\"","_lastModified":"Sun, 27 May 2018 20:28:47 GMT"}