{"_id":"normalize-package-data","_rev":"98-3eb267e6d81fe08f065ec990592d1f1c","name":"normalize-package-data","description":"Normalizes data that can be found in package.json files.","dist-tags":{"latest":"2.4.0"},"versions":{"0.0.1":{"name":"normalize-package-data","version":"0.0.1","author":{"name":"Meryn Stol","email":"merynstol@gmail.com"},"description":"Normalizes data that can be found in package.json files.","repository":{"type":"git","url":"git://github.com:meryn/read-package-data.git"},"main":"lib/normalize.js","scripts":{"test":"tap test/*.js"},"dependencies":{"semver":"1.x"},"devDependencies":{"tap":"~0.2.5"},"_id":"normalize-package-data@0.0.1","dist":{"shasum":"69484315eeeda5e9c87fd947f3dba74517bb8ab6","tarball":"https://registry.npmjs.org/normalize-package-data/-/normalize-package-data-0.0.1.tgz"},"_from":".","_npmVersion":"1.2.14","_npmUser":{"name":"meryn","email":"merynstol@gmail.com"},"maintainers":[{"name":"meryn","email":"merynstol@gmail.com"}],"directories":{}},"0.0.3":{"name":"normalize-package-data","version":"0.0.3","author":{"name":"Meryn Stol","email":"merynstol@gmail.com"},"description":"Normalizes data that can be found in package.json files.","repository":{"type":"git","url":"git://github.com:meryn/read-package-data.git"},"main":"lib/normalize.js","scripts":{"test":"tap test/*.js"},"dependencies":{"semver":"1.x"},"devDependencies":{"tap":"~0.2.5","underscore":"~1.4.4"},"_id":"normalize-package-data@0.0.3","dist":{"shasum":"5c065ddfc2a534aca61c534bbcd76df47e0d810a","tarball":"https://registry.npmjs.org/normalize-package-data/-/normalize-package-data-0.0.3.tgz"},"_from":".","_npmVersion":"1.2.14","_npmUser":{"name":"meryn","email":"merynstol@gmail.com"},"maintainers":[{"name":"meryn","email":"merynstol@gmail.com"}],"directories":{}},"0.0.5":{"name":"normalize-package-data","version":"0.0.5","author":{"name":"Meryn Stol","email":"merynstol@gmail.com"},"description":"Normalizes data that can be found in package.json files.","repository":{"type":"git","url":"git://github.com/meryn/read-package-data.git"},"main":"lib/normalize.js","scripts":{"test":"tap test/*.js"},"dependencies":{"semver":"1.x"},"devDependencies":{"tap":"~0.2.5","underscore":"~1.4.4","async":"~0.2.7"},"_id":"normalize-package-data@0.0.5","dist":{"shasum":"200212e70b5af2baf2ff9dfca4f2969019240f08","tarball":"https://registry.npmjs.org/normalize-package-data/-/normalize-package-data-0.0.5.tgz"},"_from":".","_npmVersion":"1.2.14","_npmUser":{"name":"meryn","email":"merynstol@gmail.com"},"maintainers":[{"name":"meryn","email":"merynstol@gmail.com"}],"directories":{}},"0.0.7":{"name":"normalize-package-data","version":"0.0.7","author":{"name":"Meryn Stol","email":"merynstol@gmail.com"},"description":"Normalizes data that can be found in package.json files.","repository":{"type":"git","url":"git://github.com/meryn/read-package-data.git"},"main":"lib/normalize.js","scripts":{"test":"tap test/*.js"},"dependencies":{"semver":"1.x"},"devDependencies":{"tap":"~0.2.5","underscore":"~1.4.4","async":"~0.2.7"},"_id":"normalize-package-data@0.0.7","dist":{"shasum":"ee59782772549cebc3c366cfcc008b57fa8b0382","tarball":"https://registry.npmjs.org/normalize-package-data/-/normalize-package-data-0.0.7.tgz"},"_from":".","_npmVersion":"1.2.14","_npmUser":{"name":"meryn","email":"merynstol@gmail.com"},"maintainers":[{"name":"meryn","email":"merynstol@gmail.com"}],"directories":{}},"0.0.9":{"name":"normalize-package-data","version":"0.0.9","author":{"name":"Meryn Stol","email":"merynstol@gmail.com"},"description":"Normalizes data that can be found in package.json files.","repository":{"type":"git","url":"git://github.com/meryn/read-package-data.git"},"main":"lib/normalize.js","scripts":{"test":"tap test/*.js"},"dependencies":{"semver":"1.x"},"devDependencies":{"tap":"~0.2.5","underscore":"~1.4.4","async":"~0.2.7"},"_id":"normalize-package-data@0.0.9","dist":{"shasum":"c8dca93bf0389c7206539487d187b261f39772c1","tarball":"https://registry.npmjs.org/normalize-package-data/-/normalize-package-data-0.0.9.tgz"},"_from":".","_npmVersion":"1.2.14","_npmUser":{"name":"meryn","email":"merynstol@gmail.com"},"maintainers":[{"name":"meryn","email":"merynstol@gmail.com"}],"directories":{}},"0.0.10":{"name":"normalize-package-data","version":"0.0.10","author":{"name":"Meryn Stol","email":"merynstol@gmail.com"},"description":"Normalizes data that can be found in package.json files.","repository":{"type":"git","url":"git://github.com/meryn/read-package-data.git"},"main":"lib/normalize.js","scripts":{"test":"tap test/*.js"},"dependencies":{"semver":"1.x","github-url-from-git":"~1.0.0"},"devDependencies":{"tap":"~0.2.5","underscore":"~1.4.4","async":"~0.2.7"},"_id":"normalize-package-data@0.0.10","dist":{"shasum":"2631bd4de289839fc298bb5e328e446f767b83a5","tarball":"https://registry.npmjs.org/normalize-package-data/-/normalize-package-data-0.0.10.tgz"},"_from":".","_npmVersion":"1.2.15","_npmUser":{"name":"meryn","email":"merynstol@gmail.com"},"maintainers":[{"name":"meryn","email":"merynstol@gmail.com"}],"directories":{}},"0.1.1":{"name":"normalize-package-data","version":"0.1.1","author":{"name":"Meryn Stol","email":"merynstol@gmail.com"},"description":"Normalizes data that can be found in package.json files.","repository":{"type":"git","url":"git://github.com/meryn/normalize-package-data.git"},"main":"lib/normalize.js","scripts":{"test":"tap test/*.js"},"dependencies":{"semver":"1.x","github-url-from-git":"git://github.com/isaacs/node-github-url-from-git"},"devDependencies":{"tap":"~0.2.5","underscore":"~1.4.4","async":"~0.2.7"},"contributors":[{"name":"Isaac Z. Schlueter","email":"i@izs.me"},{"name":"Meryn Stol","email":"merynstol@gmail.com"}],"_id":"normalize-package-data@0.1.1","dist":{"shasum":"12c5d9a818fea3053a1c8d24185ead054f4e8852","tarball":"https://registry.npmjs.org/normalize-package-data/-/normalize-package-data-0.1.1.tgz"},"_from":".","_npmVersion":"1.2.18","_npmUser":{"name":"meryn","email":"merynstol@gmail.com"},"maintainers":[{"name":"meryn","email":"merynstol@gmail.com"}],"directories":{}},"0.1.2":{"name":"normalize-package-data","version":"0.1.2","author":{"name":"Meryn Stol","email":"merynstol@gmail.com"},"description":"Normalizes data that can be found in package.json files.","repository":{"type":"git","url":"git://github.com/meryn/normalize-package-data.git"},"main":"lib/normalize.js","scripts":{"test":"tap test/*.js"},"dependencies":{"semver":"1.x","github-url-from-git":"~1.1.1"},"devDependencies":{"tap":"~0.2.5","underscore":"~1.4.4","async":"~0.2.7"},"contributors":[{"name":"Isaac Z. Schlueter","email":"i@izs.me"},{"name":"Meryn Stol","email":"merynstol@gmail.com"}],"_id":"normalize-package-data@0.1.2","dist":{"shasum":"1ca206a9feff43bdcfd1ae5abcd87fac4d7c1bcd","tarball":"https://registry.npmjs.org/normalize-package-data/-/normalize-package-data-0.1.2.tgz"},"_from":".","_npmVersion":"1.2.18","_npmUser":{"name":"meryn","email":"merynstol@gmail.com"},"maintainers":[{"name":"meryn","email":"merynstol@gmail.com"}],"directories":{}},"0.1.3":{"name":"normalize-package-data","version":"0.1.3","author":{"name":"Meryn Stol","email":"merynstol@gmail.com"},"description":"Normalizes data that can be found in package.json files.","repository":{"type":"git","url":"git://github.com/meryn/normalize-package-data.git"},"main":"lib/normalize.js","scripts":{"test":"tap test/*.js"},"dependencies":{"semver":"1.x","github-url-from-git":"~1.1.1"},"devDependencies":{"tap":"~0.2.5","underscore":"~1.4.4","async":"~0.2.7"},"contributors":[{"name":"Isaac Z. Schlueter","email":"i@izs.me"},{"name":"Meryn Stol","email":"merynstol@gmail.com"}],"_id":"normalize-package-data@0.1.3","dist":{"shasum":"0174cc9691682e2995049554577db3a74955c01a","tarball":"https://registry.npmjs.org/normalize-package-data/-/normalize-package-data-0.1.3.tgz"},"_from":".","_npmVersion":"1.2.18","_npmUser":{"name":"meryn","email":"merynstol@gmail.com"},"maintainers":[{"name":"meryn","email":"merynstol@gmail.com"}],"directories":{}},"0.1.4":{"name":"normalize-package-data","version":"0.1.4","author":{"name":"Meryn Stol","email":"merynstol@gmail.com"},"description":"Normalizes data that can be found in package.json files.","repository":{"type":"git","url":"git://github.com/meryn/normalize-package-data.git"},"main":"lib/normalize.js","scripts":{"test":"tap test/*.js"},"dependencies":{"semver":"1.x","github-url-from-git":"~1.1.1"},"devDependencies":{"tap":"~0.2.5","underscore":"~1.4.4","async":"~0.2.7"},"contributors":[{"name":"Isaac Z. Schlueter","email":"i@izs.me"},{"name":"Meryn Stol","email":"merynstol@gmail.com"}],"_id":"normalize-package-data@0.1.4","dist":{"shasum":"48dda377768d05e2ef5036fca225e862f7260a29","tarball":"https://registry.npmjs.org/normalize-package-data/-/normalize-package-data-0.1.4.tgz"},"_from":".","_npmVersion":"1.2.18","_npmUser":{"name":"meryn","email":"merynstol@gmail.com"},"maintainers":[{"name":"meryn","email":"merynstol@gmail.com"}],"directories":{}},"0.1.5":{"name":"normalize-package-data","version":"0.1.5","author":{"name":"Meryn Stol","email":"merynstol@gmail.com"},"description":"Normalizes data that can be found in package.json files.","repository":{"type":"git","url":"git://github.com/meryn/normalize-package-data.git"},"main":"lib/normalize.js","scripts":{"test":"tap test/*.js"},"dependencies":{"semver":"1.x","github-url-from-git":"~1.1.1"},"devDependencies":{"tap":"~0.2.5","underscore":"~1.4.4","async":"~0.2.7"},"contributors":[{"name":"Isaac Z. Schlueter","email":"i@izs.me"},{"name":"Meryn Stol","email":"merynstol@gmail.com"}],"_id":"normalize-package-data@0.1.5","dist":{"shasum":"655e4420b51e00ac7dd9ce15f5abc09ebe94114e","tarball":"https://registry.npmjs.org/normalize-package-data/-/normalize-package-data-0.1.5.tgz"},"_from":".","_npmVersion":"1.2.18","_npmUser":{"name":"meryn","email":"merynstol@gmail.com"},"maintainers":[{"name":"meryn","email":"merynstol@gmail.com"}],"directories":{}},"0.1.6":{"name":"normalize-package-data","version":"0.1.6","author":{"name":"Meryn Stol","email":"merynstol@gmail.com"},"description":"Normalizes data that can be found in package.json files.","repository":{"type":"git","url":"git://github.com/meryn/normalize-package-data.git"},"main":"lib/normalize.js","scripts":{"test":"tap test/*.js"},"dependencies":{"semver":"1.x","github-url-from-git":"~1.1.1"},"devDependencies":{"tap":"~0.2.5","underscore":"~1.4.4","async":"~0.2.7"},"contributors":[{"name":"Isaac Z. Schlueter","email":"i@izs.me"},{"name":"Meryn Stol","email":"merynstol@gmail.com"}],"_id":"normalize-package-data@0.1.6","dist":{"shasum":"2503118c469c493ff030c5a9bafe82f4d371a566","tarball":"https://registry.npmjs.org/normalize-package-data/-/normalize-package-data-0.1.6.tgz"},"_from":".","_npmVersion":"1.2.18","_npmUser":{"name":"meryn","email":"merynstol@gmail.com"},"maintainers":[{"name":"meryn","email":"merynstol@gmail.com"}],"directories":{}},"0.1.7":{"name":"normalize-package-data","version":"0.1.7","author":{"name":"Meryn Stol","email":"merynstol@gmail.com"},"description":"Normalizes data that can be found in package.json files.","repository":{"type":"git","url":"git://github.com/meryn/normalize-package-data.git"},"main":"lib/normalize.js","scripts":{"test":"tap test/*.js"},"dependencies":{"semver":"1.x","github-url-from-git":"~1.1.1"},"devDependencies":{"tap":"~0.2.5","underscore":"~1.4.4","async":"~0.2.7"},"contributors":[{"name":"Isaac Z. Schlueter","email":"i@izs.me"},{"name":"Meryn Stol","email":"merynstol@gmail.com"}],"bugs":{"url":"https://github.com/meryn/normalize-package-data/issues"},"_id":"normalize-package-data@0.1.7","dist":{"shasum":"f216a318a868214892e89ad80a944cddc1a79615","tarball":"https://registry.npmjs.org/normalize-package-data/-/normalize-package-data-0.1.7.tgz"},"_from":".","_npmVersion":"1.2.25","_npmUser":{"name":"meryn","email":"merynstol@gmail.com"},"maintainers":[{"name":"meryn","email":"merynstol@gmail.com"}],"directories":{}},"0.2.0":{"name":"normalize-package-data","version":"0.2.0","author":{"name":"Meryn Stol","email":"merynstol@gmail.com"},"description":"Normalizes data that can be found in package.json files.","repository":{"type":"git","url":"git://github.com/meryn/normalize-package-data.git"},"main":"lib/normalize.js","scripts":{"test":"tap test/*.js"},"dependencies":{"semver":"2","github-url-from-git":"~1.1.1"},"devDependencies":{"tap":"~0.2.5","underscore":"~1.4.4","async":"~0.2.7"},"contributors":[{"name":"Isaac Z. Schlueter","email":"i@izs.me"},{"name":"Meryn Stol","email":"merynstol@gmail.com"}],"bugs":{"url":"https://github.com/meryn/normalize-package-data/issues"},"_id":"normalize-package-data@0.2.0","dist":{"shasum":"b9349e2db3242912e6ab3d180823309b63a74a92","tarball":"https://registry.npmjs.org/normalize-package-data/-/normalize-package-data-0.2.0.tgz"},"_from":".","_npmVersion":"1.2.25","_npmUser":{"name":"meryn","email":"merynstol@gmail.com"},"maintainers":[{"name":"meryn","email":"merynstol@gmail.com"}],"directories":{}},"0.2.1":{"name":"normalize-package-data","version":"0.2.1","author":{"name":"Meryn Stol","email":"merynstol@gmail.com"},"description":"Normalizes data that can be found in package.json files.","repository":{"type":"git","url":"git://github.com/meryn/normalize-package-data.git"},"main":"lib/normalize.js","scripts":{"test":"tap test/*.js"},"dependencies":{"semver":"2","github-url-from-git":"~1.1.1"},"devDependencies":{"tap":"~0.2.5","underscore":"~1.4.4","async":"~0.2.7"},"contributors":[{"name":"Isaac Z. Schlueter","email":"i@izs.me"},{"name":"Meryn Stol","email":"merynstol@gmail.com"}],"bugs":{"url":"https://github.com/meryn/normalize-package-data/issues"},"_id":"normalize-package-data@0.2.1","dist":{"shasum":"6c13a4b7ab1bca0323265418d354666da2e5ad43","tarball":"https://registry.npmjs.org/normalize-package-data/-/normalize-package-data-0.2.1.tgz"},"_from":".","_npmVersion":"1.2.25","_npmUser":{"name":"meryn","email":"merynstol@gmail.com"},"maintainers":[{"name":"meryn","email":"merynstol@gmail.com"}],"directories":{}},"0.2.2":{"name":"normalize-package-data","version":"0.2.2","author":{"name":"Meryn Stol","email":"merynstol@gmail.com"},"description":"Normalizes data that can be found in package.json files.","repository":{"type":"git","url":"git://github.com/meryn/normalize-package-data.git"},"main":"lib/normalize.js","scripts":{"test":"tap test/*.js"},"dependencies":{"semver":"2","github-url-from-git":"~1.1.1"},"devDependencies":{"tap":"~0.2.5","underscore":"~1.4.4","async":"~0.2.7"},"contributors":[{"name":"Isaac Z. Schlueter","email":"i@izs.me"},{"name":"Meryn Stol","email":"merynstol@gmail.com"}],"bugs":{"url":"https://github.com/meryn/normalize-package-data/issues"},"_id":"normalize-package-data@0.2.2","dist":{"shasum":"9efde8d32a96e797ea61f8b4916e0f48a5ad83d9","tarball":"https://registry.npmjs.org/normalize-package-data/-/normalize-package-data-0.2.2.tgz"},"_from":".","_npmVersion":"1.2.25","_npmUser":{"name":"meryn","email":"merynstol@gmail.com"},"maintainers":[{"name":"meryn","email":"merynstol@gmail.com"}],"directories":{}},"0.2.3":{"name":"normalize-package-data","version":"0.2.3","author":{"name":"Meryn Stol","email":"merynstol@gmail.com"},"description":"Normalizes data that can be found in package.json files.","repository":{"type":"git","url":"git://github.com/meryn/normalize-package-data.git"},"main":"lib/normalize.js","scripts":{"test":"tap test/*.js"},"dependencies":{"semver":"2","github-url-from-git":"~1.1.1"},"devDependencies":{"tap":"~0.2.5","underscore":"~1.4.4","async":"~0.2.7"},"contributors":[{"name":"Isaac Z. Schlueter","email":"i@izs.me"},{"name":"Meryn Stol","email":"merynstol@gmail.com"},{"name":"Robert Kowalski","email":"rok@kowalski.gd"}],"bugs":{"url":"https://github.com/meryn/normalize-package-data/issues"},"_id":"normalize-package-data@0.2.3","dist":{"shasum":"b001e728da6e712086918588797a57879d1b4c14","tarball":"https://registry.npmjs.org/normalize-package-data/-/normalize-package-data-0.2.3.tgz"},"_from":".","_npmVersion":"1.2.25","_npmUser":{"name":"meryn","email":"merynstol@gmail.com"},"maintainers":[{"name":"meryn","email":"merynstol@gmail.com"}],"directories":{}},"0.2.4":{"name":"normalize-package-data","version":"0.2.4","author":{"name":"Meryn Stol","email":"merynstol@gmail.com"},"description":"Normalizes data that can be found in package.json files.","repository":{"type":"git","url":"git://github.com/meryn/normalize-package-data.git"},"main":"lib/normalize.js","scripts":{"test":"tap test/*.js"},"dependencies":{"semver":"2","github-url-from-git":"~1.1.1"},"devDependencies":{"tap":"~0.2.5","underscore":"~1.4.4","async":"~0.2.7"},"contributors":[{"name":"Isaac Z. Schlueter","email":"i@izs.me"},{"name":"Meryn Stol","email":"merynstol@gmail.com"},{"name":"Robert Kowalski","email":"rok@kowalski.gd"}],"bugs":{"url":"https://github.com/meryn/normalize-package-data/issues"},"_id":"normalize-package-data@0.2.4","dist":{"shasum":"75e20353f342759e0fa8790c87d9935e7563e528","tarball":"https://registry.npmjs.org/normalize-package-data/-/normalize-package-data-0.2.4.tgz"},"_from":".","_npmVersion":"1.2.25","_npmUser":{"name":"meryn","email":"merynstol@gmail.com"},"maintainers":[{"name":"meryn","email":"merynstol@gmail.com"}],"directories":{}},"0.2.5":{"name":"normalize-package-data","version":"0.2.5","author":{"name":"Meryn Stol","email":"merynstol@gmail.com"},"description":"Normalizes data that can be found in package.json files.","repository":{"type":"git","url":"git://github.com/meryn/normalize-package-data.git"},"main":"lib/normalize.js","scripts":{"test":"tap test/*.js"},"dependencies":{"semver":"2","github-url-from-git":"~1.1.1"},"devDependencies":{"tap":"~0.2.5","underscore":"~1.4.4","async":"~0.2.7"},"contributors":[{"name":"Isaac Z. Schlueter","email":"i@izs.me"},{"name":"Meryn Stol","email":"merynstol@gmail.com"},{"name":"Robert Kowalski","email":"rok@kowalski.gd"}],"bugs":{"url":"https://github.com/meryn/normalize-package-data/issues"},"_id":"normalize-package-data@0.2.5","dist":{"shasum":"88a50c7ab4f56a4003da08fd73ca4f85ffc181a7","tarball":"https://registry.npmjs.org/normalize-package-data/-/normalize-package-data-0.2.5.tgz"},"_from":".","_npmVersion":"1.3.8","_npmUser":{"name":"meryn","email":"merynstol@gmail.com"},"maintainers":[{"name":"meryn","email":"merynstol@gmail.com"}],"directories":{}},"0.2.6":{"name":"normalize-package-data","version":"0.2.6","author":{"name":"Meryn Stol","email":"merynstol@gmail.com"},"description":"Normalizes data that can be found in package.json files.","repository":{"type":"git","url":"git://github.com/meryn/normalize-package-data.git"},"main":"lib/normalize.js","scripts":{"test":"tap test/*.js"},"dependencies":{"semver":"2","github-url-from-git":"~1.1.1"},"devDependencies":{"tap":"~0.2.5","underscore":"~1.4.4","async":"~0.2.7"},"contributors":[{"name":"Isaac Z. Schlueter","email":"i@izs.me"},{"name":"Meryn Stol","email":"merynstol@gmail.com"},{"name":"Robert Kowalski","email":"rok@kowalski.gd"}],"bugs":{"url":"https://github.com/meryn/normalize-package-data/issues"},"_id":"normalize-package-data@0.2.6","dist":{"shasum":"830bda1412f7ccae09b903fc080edbcdbb0947c0","tarball":"https://registry.npmjs.org/normalize-package-data/-/normalize-package-data-0.2.6.tgz"},"_from":".","_npmVersion":"1.3.8","_npmUser":{"name":"meryn","email":"merynstol@gmail.com"},"maintainers":[{"name":"meryn","email":"merynstol@gmail.com"}],"directories":{}},"0.2.7":{"name":"normalize-package-data","version":"0.2.7","author":{"name":"Meryn Stol","email":"merynstol@gmail.com"},"description":"Normalizes data that can be found in package.json files.","repository":{"type":"git","url":"git://github.com/meryn/normalize-package-data.git"},"main":"lib/normalize.js","scripts":{"test":"tap test/*.js"},"dependencies":{"semver":"2","github-url-from-git":"~1.1.1","github-url-from-username-repo":"0.0.2"},"devDependencies":{"tap":"~0.2.5","underscore":"~1.4.4","async":"~0.2.7"},"contributors":[{"name":"Isaac Z. Schlueter","email":"i@izs.me"},{"name":"Meryn Stol","email":"merynstol@gmail.com"},{"name":"Robert Kowalski","email":"rok@kowalski.gd"}],"bugs":{"url":"https://github.com/meryn/normalize-package-data/issues"},"_id":"normalize-package-data@0.2.7","dist":{"shasum":"0f075fa2d1f9ba23a854c4c56818c4077638f72a","tarball":"https://registry.npmjs.org/normalize-package-data/-/normalize-package-data-0.2.7.tgz"},"_from":".","_npmVersion":"1.3.8","_npmUser":{"name":"meryn","email":"merynstol@gmail.com"},"maintainers":[{"name":"meryn","email":"merynstol@gmail.com"}],"directories":{}},"0.2.8":{"name":"normalize-package-data","version":"0.2.8","author":{"name":"Meryn Stol","email":"merynstol@gmail.com"},"description":"Normalizes data that can be found in package.json files.","repository":{"type":"git","url":"git://github.com/meryn/normalize-package-data.git"},"main":"lib/normalize.js","scripts":{"test":"tap test/*.js"},"dependencies":{"semver":"2","github-url-from-git":"~1.1.1","github-url-from-username-repo":"0.0.2"},"devDependencies":{"tap":"~0.2.5","underscore":"~1.4.4","async":"~0.2.7"},"contributors":[{"name":"Isaac Z. Schlueter","email":"i@izs.me"},{"name":"Meryn Stol","email":"merynstol@gmail.com"},{"name":"Robert Kowalski","email":"rok@kowalski.gd"}],"bugs":{"url":"https://github.com/meryn/normalize-package-data/issues"},"_id":"normalize-package-data@0.2.8","dist":{"shasum":"95dc1bcb54c8d46b3be345c05afbab27e48e2f69","tarball":"https://registry.npmjs.org/normalize-package-data/-/normalize-package-data-0.2.8.tgz"},"_from":".","_npmVersion":"1.3.8","_npmUser":{"name":"meryn","email":"merynstol@gmail.com"},"maintainers":[{"name":"meryn","email":"merynstol@gmail.com"}],"directories":{}},"0.2.9":{"name":"normalize-package-data","version":"0.2.9","author":{"name":"Meryn Stol","email":"merynstol@gmail.com"},"description":"Normalizes data that can be found in package.json files.","repository":{"type":"git","url":"git://github.com/meryn/normalize-package-data.git"},"main":"lib/normalize.js","scripts":{"test":"tap test/*.js"},"dependencies":{"semver":"2","github-url-from-git":"~1.1.1","github-url-from-username-repo":"0.0.2"},"devDependencies":{"tap":"~0.2.5","underscore":"~1.4.4","async":"~0.2.7"},"contributors":[{"name":"Isaac Z. Schlueter","email":"i@izs.me"},{"name":"Meryn Stol","email":"merynstol@gmail.com"},{"name":"Robert Kowalski","email":"rok@kowalski.gd"}],"bugs":{"url":"https://github.com/meryn/normalize-package-data/issues"},"homepage":"https://github.com/meryn/normalize-package-data","_id":"normalize-package-data@0.2.9","dist":{"shasum":"8be8a1c0a0b55a7df07bee2b488c67c1d8862a4b","tarball":"https://registry.npmjs.org/normalize-package-data/-/normalize-package-data-0.2.9.tgz"},"_from":".","_npmVersion":"1.3.24","_npmUser":{"name":"meryn","email":"merynstol@gmail.com"},"maintainers":[{"name":"meryn","email":"merynstol@gmail.com"}],"directories":{}},"0.2.11":{"name":"normalize-package-data","version":"0.2.11","author":{"name":"Meryn Stol","email":"merynstol@gmail.com"},"description":"Normalizes data that can be found in package.json files.","repository":{"type":"git","url":"git://github.com/meryn/normalize-package-data.git"},"main":"lib/normalize.js","scripts":{"test":"tap test/*.js"},"dependencies":{"semver":"2","github-url-from-git":"~1.1.1","github-url-from-username-repo":"0.0.2"},"devDependencies":{"tap":"~0.2.5","underscore":"~1.4.4","async":"~0.2.7"},"contributors":[{"name":"Isaac Z. Schlueter","email":"i@izs.me"},{"name":"Meryn Stol","email":"merynstol@gmail.com"},{"name":"Robert Kowalski","email":"rok@kowalski.gd"}],"bugs":{"url":"https://github.com/meryn/normalize-package-data/issues"},"homepage":"https://github.com/meryn/normalize-package-data","_id":"normalize-package-data@0.2.11","dist":{"shasum":"e88c0de92fca3009bf25a8ea06c759f17b9b1037","tarball":"https://registry.npmjs.org/normalize-package-data/-/normalize-package-data-0.2.11.tgz"},"_from":".","_npmVersion":"1.3.24","_npmUser":{"name":"meryn","email":"merynstol@gmail.com"},"maintainers":[{"name":"meryn","email":"merynstol@gmail.com"}],"directories":{}},"0.2.12":{"name":"normalize-package-data","version":"0.2.12","author":{"name":"Meryn Stol","email":"merynstol@gmail.com"},"description":"Normalizes data that can be found in package.json files.","repository":{"type":"git","url":"git://github.com/meryn/normalize-package-data.git"},"main":"lib/normalize.js","scripts":{"test":"tap test/*.js"},"dependencies":{"semver":"2","github-url-from-git":"~1.1.1","github-url-from-username-repo":"0.0.2"},"devDependencies":{"tap":"~0.2.5","underscore":"~1.4.4","async":"~0.2.7"},"contributors":[{"name":"Isaac Z. Schlueter","email":"i@izs.me"},{"name":"Meryn Stol","email":"merynstol@gmail.com"},{"name":"Robert Kowalski","email":"rok@kowalski.gd"}],"bugs":{"url":"https://github.com/meryn/normalize-package-data/issues"},"homepage":"https://github.com/meryn/normalize-package-data","_id":"normalize-package-data@0.2.12","dist":{"shasum":"c8284cf0cb0466ea60ee64276b9070722c1da768","tarball":"https://registry.npmjs.org/normalize-package-data/-/normalize-package-data-0.2.12.tgz"},"_from":".","_npmVersion":"1.3.24","_npmUser":{"name":"meryn","email":"merynstol@gmail.com"},"maintainers":[{"name":"meryn","email":"merynstol@gmail.com"}],"directories":{}},"0.2.13":{"name":"normalize-package-data","version":"0.2.13","author":{"name":"Meryn Stol","email":"merynstol@gmail.com"},"description":"Normalizes data that can be found in package.json files.","repository":{"type":"git","url":"git://github.com/meryn/normalize-package-data.git"},"main":"lib/normalize.js","scripts":{"test":"tap test/*.js"},"dependencies":{"github-url-from-git":"~1.1.1","github-url-from-username-repo":"^0.1.0","semver":"2"},"devDependencies":{"tap":"~0.2.5","underscore":"~1.4.4","async":"~0.2.7"},"contributors":[{"name":"Isaac Z. Schlueter","email":"i@izs.me"},{"name":"Meryn Stol","email":"merynstol@gmail.com"},{"name":"Robert Kowalski","email":"rok@kowalski.gd"}],"bugs":{"url":"https://github.com/meryn/normalize-package-data/issues"},"homepage":"https://github.com/meryn/normalize-package-data","_id":"normalize-package-data@0.2.13","_shasum":"50f9fd9e77b1c8411cd231db2962e73963de774d","_from":".","_npmVersion":"1.4.7","_npmUser":{"name":"isaacs","email":"i@izs.me"},"maintainers":[{"name":"meryn","email":"merynstol@gmail.com"},{"name":"isaacs","email":"i@izs.me"}],"dist":{"shasum":"50f9fd9e77b1c8411cd231db2962e73963de774d","tarball":"https://registry.npmjs.org/normalize-package-data/-/normalize-package-data-0.2.13.tgz"},"directories":{}},"0.3.0":{"name":"normalize-package-data","version":"0.3.0","author":{"name":"Meryn Stol","email":"merynstol@gmail.com"},"description":"Normalizes data that can be found in package.json files.","repository":{"type":"git","url":"git://github.com/meryn/normalize-package-data.git"},"main":"lib/normalize.js","scripts":{"test":"tap test/*.js"},"dependencies":{"github-url-from-git":"~1.1.1","github-url-from-username-repo":"^0.2.0","semver":"2"},"devDependencies":{"tap":"~0.2.5","underscore":"~1.4.4","async":"~0.2.7"},"contributors":[{"name":"Isaac Z. Schlueter","email":"i@izs.me"},{"name":"Meryn Stol","email":"merynstol@gmail.com"},{"name":"Robert Kowalski","email":"rok@kowalski.gd"}],"gitHead":"f4d4268894a23d6f37a335d4ae28bd90b14e4ef9","bugs":{"url":"https://github.com/meryn/normalize-package-data/issues"},"homepage":"https://github.com/meryn/normalize-package-data","_id":"normalize-package-data@0.3.0","_shasum":"70ea9e5b6caf69faa9d83e42f71489642372d815","_from":".","_npmVersion":"1.4.14","_npmUser":{"name":"isaacs","email":"i@izs.me"},"maintainers":[{"name":"meryn","email":"merynstol@gmail.com"},{"name":"isaacs","email":"i@izs.me"}],"dist":{"shasum":"70ea9e5b6caf69faa9d83e42f71489642372d815","tarball":"https://registry.npmjs.org/normalize-package-data/-/normalize-package-data-0.3.0.tgz"},"directories":{}},"0.4.1":{"name":"normalize-package-data","version":"0.4.1","author":{"name":"Meryn Stol","email":"merynstol@gmail.com"},"description":"Normalizes data that can be found in package.json files.","repository":{"type":"git","url":"git://github.com/meryn/normalize-package-data.git"},"main":"lib/normalize.js","scripts":{"test":"tap test/*.js"},"dependencies":{"github-url-from-git":"~1.1.1","github-url-from-username-repo":"^0.2.0","semver":"2"},"devDependencies":{"tap":"~0.2.5","underscore":"~1.4.4","async":"~0.2.7"},"contributors":[{"name":"Isaac Z. Schlueter","email":"i@izs.me"},{"name":"Meryn Stol","email":"merynstol@gmail.com"},{"name":"Robert Kowalski","email":"rok@kowalski.gd"}],"gitHead":"4d16aac9bf196d0816c9c86d4108f39ea705202a","bugs":{"url":"https://github.com/meryn/normalize-package-data/issues"},"homepage":"https://github.com/meryn/normalize-package-data","_id":"normalize-package-data@0.4.1","_shasum":"c7c83d0927cda14332aa08cf48e944919ed9102f","_from":".","_npmVersion":"1.4.16","_npmUser":{"name":"othiym23","email":"ogd@aoaioxxysz.net"},"maintainers":[{"name":"meryn","email":"merynstol@gmail.com"},{"name":"isaacs","email":"i@izs.me"},{"name":"othiym23","email":"ogd@aoaioxxysz.net"}],"dist":{"shasum":"c7c83d0927cda14332aa08cf48e944919ed9102f","tarball":"https://registry.npmjs.org/normalize-package-data/-/normalize-package-data-0.4.1.tgz"},"directories":{}},"0.4.2":{"name":"normalize-package-data","version":"0.4.2","author":{"name":"Meryn Stol","email":"merynstol@gmail.com"},"description":"Normalizes data that can be found in package.json files.","repository":{"type":"git","url":"git://github.com/meryn/normalize-package-data.git"},"main":"lib/normalize.js","scripts":{"test":"tap test/*.js"},"dependencies":{"github-url-from-git":"~1.1.1","github-url-from-username-repo":"^0.2.0","semver":"2 || 3"},"devDependencies":{"tap":"~0.2.5","underscore":"~1.4.4","async":"~0.2.7"},"contributors":[{"name":"Isaac Z. Schlueter","email":"i@izs.me"},{"name":"Meryn Stol","email":"merynstol@gmail.com"},{"name":"Robert Kowalski","email":"rok@kowalski.gd"}],"gitHead":"09ff709e33e611bb4e6ad5aa2b33e52e77b3fa36","bugs":{"url":"https://github.com/meryn/normalize-package-data/issues"},"homepage":"https://github.com/meryn/normalize-package-data","_id":"normalize-package-data@0.4.2","_shasum":"166dc052a74e2f5ac1d3d23903ab3f2e2b7dd8e6","_from":".","_npmVersion":"2.0.0-alpha-5","_npmUser":{"name":"isaacs","email":"i@izs.me"},"maintainers":[{"name":"meryn","email":"merynstol@gmail.com"},{"name":"isaacs","email":"i@izs.me"},{"name":"othiym23","email":"ogd@aoaioxxysz.net"}],"dist":{"shasum":"166dc052a74e2f5ac1d3d23903ab3f2e2b7dd8e6","tarball":"https://registry.npmjs.org/normalize-package-data/-/normalize-package-data-0.4.2.tgz"},"directories":{}},"1.0.0":{"name":"normalize-package-data","version":"1.0.0","author":{"name":"Meryn Stol","email":"merynstol@gmail.com"},"description":"Normalizes data that can be found in package.json files.","repository":{"type":"git","url":"git://github.com/meryn/normalize-package-data.git"},"main":"lib/normalize.js","scripts":{"test":"tap test/*.js"},"dependencies":{"github-url-from-git":"^1.3.0","github-url-from-username-repo":"^0.2.0","semver":"2 || 3"},"devDependencies":{"tap":"~0.2.5","underscore":"~1.4.4","async":"~0.2.7"},"contributors":[{"name":"Isaac Z. Schlueter","email":"i@izs.me"},{"name":"Meryn Stol","email":"merynstol@gmail.com"},{"name":"Robert Kowalski","email":"rok@kowalski.gd"}],"gitHead":"976920445743c647bd2c8f579764f2060c649db9","bugs":{"url":"https://github.com/meryn/normalize-package-data/issues"},"homepage":"https://github.com/meryn/normalize-package-data","_id":"normalize-package-data@1.0.0","_shasum":"5239d9921791a8ad027607f580a74c76166623c8","_from":".","_npmVersion":"1.4.22","_npmUser":{"name":"isaacs","email":"i@izs.me"},"maintainers":[{"name":"meryn","email":"merynstol@gmail.com"},{"name":"isaacs","email":"i@izs.me"},{"name":"othiym23","email":"ogd@aoaioxxysz.net"}],"dist":{"shasum":"5239d9921791a8ad027607f580a74c76166623c8","tarball":"https://registry.npmjs.org/normalize-package-data/-/normalize-package-data-1.0.0.tgz"},"directories":{}},"1.0.1":{"name":"normalize-package-data","version":"1.0.1","author":{"name":"Meryn Stol","email":"merynstol@gmail.com"},"description":"Normalizes data that can be found in package.json files.","repository":{"type":"git","url":"git://github.com/meryn/normalize-package-data.git"},"main":"lib/normalize.js","scripts":{"test":"tap test/*.js"},"dependencies":{"github-url-from-git":"^1.3.0","github-url-from-username-repo":"^1.0.0","semver":"2 || 3"},"devDependencies":{"tap":"~0.2.5","underscore":"~1.4.4","async":"~0.9.0"},"contributors":[{"name":"Isaac Z. Schlueter","email":"i@izs.me"},{"name":"Meryn Stol","email":"merynstol@gmail.com"},{"name":"Robert Kowalski","email":"rok@kowalski.gd"}],"gitHead":"d260644f514672cc84f1cc471024679cccc4fd65","bugs":{"url":"https://github.com/meryn/normalize-package-data/issues"},"homepage":"https://github.com/meryn/normalize-package-data","_id":"normalize-package-data@1.0.1","_shasum":"2a4b5200c82cc47bb91c8c9cf47d645499d200bf","_from":".","_npmVersion":"2.0.0-beta.0","_npmUser":{"name":"othiym23","email":"ogd@aoaioxxysz.net"},"maintainers":[{"name":"meryn","email":"merynstol@gmail.com"},{"name":"isaacs","email":"i@izs.me"},{"name":"othiym23","email":"ogd@aoaioxxysz.net"}],"dist":{"shasum":"2a4b5200c82cc47bb91c8c9cf47d645499d200bf","tarball":"https://registry.npmjs.org/normalize-package-data/-/normalize-package-data-1.0.1.tgz"},"directories":{}},"1.0.2":{"name":"normalize-package-data","version":"1.0.2","author":{"name":"Meryn Stol","email":"merynstol@gmail.com"},"description":"Normalizes data that can be found in package.json files.","repository":{"type":"git","url":"git://github.com/meryn/normalize-package-data.git"},"main":"lib/normalize.js","scripts":{"test":"tap test/*.js"},"dependencies":{"github-url-from-git":"^1.3.0","github-url-from-username-repo":"^1.0.0","semver":"2 || 3 || 4"},"devDependencies":{"tap":"~0.2.5","underscore":"~1.4.4","async":"~0.9.0"},"contributors":[{"name":"Isaac Z. Schlueter","email":"i@izs.me"},{"name":"Meryn Stol","email":"merynstol@gmail.com"},{"name":"Robert Kowalski","email":"rok@kowalski.gd"}],"gitHead":"05fafb91466ac634fa7d591d0796d64b0b432dc0","bugs":{"url":"https://github.com/meryn/normalize-package-data/issues"},"homepage":"https://github.com/meryn/normalize-package-data","_id":"normalize-package-data@1.0.2","_shasum":"32a902ad3cad3286f1106b9b9550062f44ee2118","_from":".","_npmVersion":"2.0.0-beta.3","_npmUser":{"name":"isaacs","email":"i@izs.me"},"maintainers":[{"name":"meryn","email":"merynstol@gmail.com"},{"name":"isaacs","email":"i@izs.me"},{"name":"othiym23","email":"ogd@aoaioxxysz.net"}],"dist":{"shasum":"32a902ad3cad3286f1106b9b9550062f44ee2118","tarball":"https://registry.npmjs.org/normalize-package-data/-/normalize-package-data-1.0.2.tgz"},"directories":{}},"1.0.3":{"name":"normalize-package-data","version":"1.0.3","author":{"name":"Meryn Stol","email":"merynstol@gmail.com"},"description":"Normalizes data that can be found in package.json files.","repository":{"type":"git","url":"git://github.com/meryn/normalize-package-data.git"},"main":"lib/normalize.js","scripts":{"test":"tap test/*.js"},"dependencies":{"github-url-from-git":"^1.3.0","github-url-from-username-repo":"^1.0.0","semver":"2 || 3 || 4"},"devDependencies":{"tap":"~0.2.5","underscore":"~1.4.4","async":"~0.9.0"},"contributors":[{"name":"Isaac Z. Schlueter","email":"i@izs.me"},{"name":"Meryn Stol","email":"merynstol@gmail.com"},{"name":"Robert Kowalski","email":"rok@kowalski.gd"}],"gitHead":"8c30091c83b1a41e113757148c4543ef61ff863d","bugs":{"url":"https://github.com/meryn/normalize-package-data/issues"},"homepage":"https://github.com/meryn/normalize-package-data","_id":"normalize-package-data@1.0.3","_shasum":"8be955b8907af975f1a4584ea8bb9b41492312f5","_from":".","_npmVersion":"2.1.0","_nodeVersion":"0.10.31","_npmUser":{"name":"isaacs","email":"i@izs.me"},"maintainers":[{"name":"meryn","email":"merynstol@gmail.com"},{"name":"isaacs","email":"i@izs.me"},{"name":"othiym23","email":"ogd@aoaioxxysz.net"}],"dist":{"shasum":"8be955b8907af975f1a4584ea8bb9b41492312f5","tarball":"https://registry.npmjs.org/normalize-package-data/-/normalize-package-data-1.0.3.tgz"},"directories":{}},"2.0.0":{"name":"normalize-package-data","version":"2.0.0","author":{"name":"Meryn Stol","email":"merynstol@gmail.com"},"description":"Normalizes data that can be found in package.json files.","repository":{"type":"git","url":"git://github.com/npm/normalize-package-data.git"},"main":"lib/normalize.js","scripts":{"test":"tap test/*.js"},"dependencies":{"hosted-git-info":"^2.0.2","semver":"2 || 3 || 4"},"devDependencies":{"tap":"~0.2.5","underscore":"~1.4.4","async":"~0.9.0"},"contributors":[{"name":"Isaac Z. Schlueter","email":"i@izs.me"},{"name":"Meryn Stol","email":"merynstol@gmail.com"},{"name":"Robert Kowalski","email":"rok@kowalski.gd"}],"gitHead":"ea0b959633e4803685bae2283d3d79a0115e6f8a","bugs":{"url":"https://github.com/npm/normalize-package-data/issues"},"homepage":"https://github.com/npm/normalize-package-data","_id":"normalize-package-data@2.0.0","_shasum":"8795d0d5c70c0e9ca36f419548aac0abf1f638bc","_from":".","_npmVersion":"2.7.5","_nodeVersion":"1.6.2","_npmUser":{"name":"iarna","email":"me@re-becca.org"},"maintainers":[{"name":"meryn","email":"merynstol@gmail.com"},{"name":"isaacs","email":"i@izs.me"},{"name":"othiym23","email":"ogd@aoaioxxysz.net"},{"name":"iarna","email":"me@re-becca.org"}],"dist":{"shasum":"8795d0d5c70c0e9ca36f419548aac0abf1f638bc","tarball":"https://registry.npmjs.org/normalize-package-data/-/normalize-package-data-2.0.0.tgz"},"directories":{}},"2.1.0":{"name":"normalize-package-data","version":"2.1.0","author":{"name":"Meryn Stol","email":"merynstol@gmail.com"},"description":"Normalizes data that can be found in package.json files.","repository":{"type":"git","url":"git://github.com/npm/normalize-package-data.git"},"main":"lib/normalize.js","scripts":{"test":"tap test/*.js"},"dependencies":{"hosted-git-info":"^2.0.2","semver":"2 || 3 || 4","spdx":"^0.4.0"},"devDependencies":{"tap":"~0.2.5","underscore":"~1.4.4","async":"~0.9.0"},"contributors":[{"name":"Isaac Z. Schlueter","email":"i@izs.me"},{"name":"Meryn Stol","email":"merynstol@gmail.com"},{"name":"Robert Kowalski","email":"rok@kowalski.gd"}],"gitHead":"a168f6153570465db33d96601576b612a63ed446","bugs":{"url":"https://github.com/npm/normalize-package-data/issues"},"homepage":"https://github.com/npm/normalize-package-data#readme","_id":"normalize-package-data@2.1.0","_shasum":"31381afb0567a8ab0ae730230c8652ff8a0cdd11","_from":".","_npmVersion":"2.9.1","_nodeVersion":"1.8.1","_npmUser":{"name":"othiym23","email":"ogd@aoaioxxysz.net"},"dist":{"shasum":"31381afb0567a8ab0ae730230c8652ff8a0cdd11","tarball":"https://registry.npmjs.org/normalize-package-data/-/normalize-package-data-2.1.0.tgz"},"maintainers":[{"name":"meryn","email":"merynstol@gmail.com"},{"name":"isaacs","email":"i@izs.me"},{"name":"othiym23","email":"ogd@aoaioxxysz.net"},{"name":"iarna","email":"me@re-becca.org"}],"directories":{}},"2.2.0":{"name":"normalize-package-data","version":"2.2.0","author":{"name":"Meryn Stol","email":"merynstol@gmail.com"},"description":"Normalizes data that can be found in package.json files.","license":"BSD-2-Clause","repository":{"type":"git","url":"git://github.com/npm/normalize-package-data.git"},"main":"lib/normalize.js","scripts":{"test":"tap test/*.js"},"dependencies":{"hosted-git-info":"^2.0.2","semver":"2 || 3 || 4","spdx":"^0.4.0"},"devDependencies":{"tap":"~0.2.5","underscore":"~1.4.4","async":"~0.9.0"},"contributors":[{"name":"Isaac Z. Schlueter","email":"i@izs.me"},{"name":"Meryn Stol","email":"merynstol@gmail.com"},{"name":"Robert Kowalski","email":"rok@kowalski.gd"}],"gitHead":"5b7630cb2a9c475bc93cc8a05854587f2dc9a26c","bugs":{"url":"https://github.com/npm/normalize-package-data/issues"},"homepage":"https://github.com/npm/normalize-package-data","_id":"normalize-package-data@2.2.0","_shasum":"b4f65b40df659b04820f30a2688db5dabc9dfad9","_from":".","_npmVersion":"2.7.6","_nodeVersion":"1.6.2","_npmUser":{"name":"iarna","email":"me@re-becca.org"},"dist":{"shasum":"b4f65b40df659b04820f30a2688db5dabc9dfad9","tarball":"https://registry.npmjs.org/normalize-package-data/-/normalize-package-data-2.2.0.tgz"},"maintainers":[{"name":"meryn","email":"merynstol@gmail.com"},{"name":"isaacs","email":"i@izs.me"},{"name":"othiym23","email":"ogd@aoaioxxysz.net"},{"name":"iarna","email":"me@re-becca.org"}],"directories":{}},"2.2.1":{"name":"normalize-package-data","version":"2.2.1","author":{"name":"Meryn Stol","email":"merynstol@gmail.com"},"description":"Normalizes data that can be found in package.json files.","license":"BSD-2-Clause","repository":{"type":"git","url":"git://github.com/npm/normalize-package-data.git"},"main":"lib/normalize.js","scripts":{"test":"tap test/*.js"},"dependencies":{"hosted-git-info":"^2.0.2","semver":"2 || 3 || 4","spdx":"^0.4.0"},"devDependencies":{"async":"~0.9.0","tap":"^1.1.0","underscore":"~1.4.4"},"contributors":[{"name":"Isaac Z. Schlueter","email":"i@izs.me"},{"name":"Meryn Stol","email":"merynstol@gmail.com"},{"name":"Robert Kowalski","email":"rok@kowalski.gd"}],"gitHead":"e319259b7ebac34c470ae0dc55610befa711dbb6","bugs":{"url":"https://github.com/npm/normalize-package-data/issues"},"homepage":"https://github.com/npm/normalize-package-data#readme","_id":"normalize-package-data@2.2.1","_shasum":"0e00ebd73ac065eb19092fd313531dd291a0e045","_from":".","_npmVersion":"3.0.0-pre.11","_nodeVersion":"2.2.1","_npmUser":{"name":"iarna","email":"me@re-becca.org"},"dist":{"shasum":"0e00ebd73ac065eb19092fd313531dd291a0e045","tarball":"https://registry.npmjs.org/normalize-package-data/-/normalize-package-data-2.2.1.tgz"},"maintainers":[{"name":"meryn","email":"merynstol@gmail.com"},{"name":"isaacs","email":"i@izs.me"},{"name":"othiym23","email":"ogd@aoaioxxysz.net"},{"name":"iarna","email":"me@re-becca.org"}],"directories":{}},"2.3.0":{"name":"normalize-package-data","version":"2.3.0","author":{"name":"Meryn Stol","email":"merynstol@gmail.com"},"description":"Normalizes data that can be found in package.json files.","license":"BSD-2-Clause","repository":{"type":"git","url":"git://github.com/npm/normalize-package-data.git"},"main":"lib/normalize.js","scripts":{"test":"tap test/*.js"},"dependencies":{"hosted-git-info":"^2.0.2","semver":"2 || 3 || 4","validate-npm-package-license":"^2.0.0"},"devDependencies":{"async":"~0.9.0","tap":"^1.1.0","underscore":"~1.4.4"},"contributors":[{"name":"Isaac Z. Schlueter","email":"i@izs.me"},{"name":"Meryn Stol","email":"merynstol@gmail.com"},{"name":"Robert Kowalski","email":"rok@kowalski.gd"}],"gitHead":"2b006a6d53490fc053ba5ee727d36fbb4ff64868","bugs":{"url":"https://github.com/npm/normalize-package-data/issues"},"homepage":"https://github.com/npm/normalize-package-data#readme","_id":"normalize-package-data@2.3.0","_shasum":"5a81b77a6bc2edcea5fceb380d3e34ae28059f51","_from":".","_npmVersion":"2.11.3","_nodeVersion":"2.0.2","_npmUser":{"name":"othiym23","email":"ogd@aoaioxxysz.net"},"dist":{"shasum":"5a81b77a6bc2edcea5fceb380d3e34ae28059f51","tarball":"https://registry.npmjs.org/normalize-package-data/-/normalize-package-data-2.3.0.tgz"},"maintainers":[{"name":"meryn","email":"merynstol@gmail.com"},{"name":"isaacs","email":"i@izs.me"},{"name":"othiym23","email":"ogd@aoaioxxysz.net"},{"name":"iarna","email":"me@re-becca.org"}],"directories":{}},"2.3.1":{"name":"normalize-package-data","version":"2.3.1","author":{"name":"Meryn Stol","email":"merynstol@gmail.com"},"description":"Normalizes data that can be found in package.json files.","license":"BSD-2-Clause","repository":{"type":"git","url":"git://github.com/npm/normalize-package-data.git"},"main":"lib/normalize.js","scripts":{"test":"tap test/*.js"},"dependencies":{"hosted-git-info":"^2.0.2","semver":"2 || 3 || 4 || 5","validate-npm-package-license":"^2.0.0"},"devDependencies":{"async":"~0.9.0","tap":"^1.1.0","underscore":"~1.4.4"},"contributors":[{"name":"Isaac Z. Schlueter","email":"i@izs.me"},{"name":"Meryn Stol","email":"merynstol@gmail.com"},{"name":"Robert Kowalski","email":"rok@kowalski.gd"}],"gitHead":"43b844bd37aac28d204be7567b731d9c55025871","bugs":{"url":"https://github.com/npm/normalize-package-data/issues"},"homepage":"https://github.com/npm/normalize-package-data#readme","_id":"normalize-package-data@2.3.1","_shasum":"e2d24a5ab38a90b22cd697753407d8564f49a890","_from":".","_npmVersion":"2.13.1","_nodeVersion":"2.3.1","_npmUser":{"name":"othiym23","email":"ogd@aoaioxxysz.net"},"dist":{"shasum":"e2d24a5ab38a90b22cd697753407d8564f49a890","tarball":"https://registry.npmjs.org/normalize-package-data/-/normalize-package-data-2.3.1.tgz"},"maintainers":[{"name":"meryn","email":"merynstol@gmail.com"},{"name":"isaacs","email":"i@izs.me"},{"name":"othiym23","email":"ogd@aoaioxxysz.net"},{"name":"iarna","email":"me@re-becca.org"}],"directories":{}},"2.3.2":{"name":"normalize-package-data","version":"2.3.2","author":{"name":"Meryn Stol","email":"merynstol@gmail.com"},"description":"Normalizes data that can be found in package.json files.","license":"BSD-2-Clause","repository":{"type":"git","url":"git://github.com/npm/normalize-package-data.git"},"main":"lib/normalize.js","scripts":{"test":"tap test/*.js"},"dependencies":{"hosted-git-info":"^2.0.2","semver":"2 || 3 || 4 || 5","validate-npm-package-license":"^3.0.1"},"devDependencies":{"async":"~0.9.0","tap":"^1.1.0","underscore":"~1.4.4"},"contributors":[{"name":"Isaac Z. Schlueter","email":"i@izs.me"},{"name":"Meryn Stol","email":"merynstol@gmail.com"},{"name":"Robert Kowalski","email":"rok@kowalski.gd"}],"gitHead":"c0518cf9a352af940fee94b1d3144da576c3e44b","bugs":{"url":"https://github.com/npm/normalize-package-data/issues"},"homepage":"https://github.com/npm/normalize-package-data#readme","_id":"normalize-package-data@2.3.2","_shasum":"ff6d437374188a21921c85fbe5ad11e34ae6ead5","_from":".","_npmVersion":"2.14.1","_nodeVersion":"2.5.0","_npmUser":{"name":"othiym23","email":"ogd@aoaioxxysz.net"},"dist":{"shasum":"ff6d437374188a21921c85fbe5ad11e34ae6ead5","tarball":"https://registry.npmjs.org/normalize-package-data/-/normalize-package-data-2.3.2.tgz"},"maintainers":[{"name":"meryn","email":"merynstol@gmail.com"},{"name":"isaacs","email":"i@izs.me"},{"name":"othiym23","email":"ogd@aoaioxxysz.net"},{"name":"iarna","email":"me@re-becca.org"}],"directories":{}},"2.3.3":{"name":"normalize-package-data","version":"2.3.3","author":{"name":"Meryn Stol","email":"merynstol@gmail.com"},"description":"Normalizes data that can be found in package.json files.","license":"BSD-2-Clause","repository":{"type":"git","url":"git://github.com/npm/normalize-package-data.git"},"main":"lib/normalize.js","scripts":{"test":"tap test/*.js"},"dependencies":{"hosted-git-info":"^2.0.2","semver":"2 || 3 || 4 || 5","validate-npm-package-license":"^3.0.1"},"devDependencies":{"async":"~0.9.0","tap":"^1.1.0","underscore":"~1.4.4"},"contributors":[{"name":"Isaac Z. Schlueter","email":"i@izs.me"},{"name":"Meryn Stol","email":"merynstol@gmail.com"},{"name":"Robert Kowalski","email":"rok@kowalski.gd"}],"gitHead":"8b34d38170ecefdfbbd43269cf838edb18934511","bugs":{"url":"https://github.com/npm/normalize-package-data/issues"},"homepage":"https://github.com/npm/normalize-package-data#readme","_id":"normalize-package-data@2.3.3","_shasum":"1f6a73f61110d535b2067205eca1605f14ade207","_from":".","_npmVersion":"3.3.3","_nodeVersion":"4.0.0","_npmUser":{"name":"iarna","email":"me@re-becca.org"},"dist":{"shasum":"1f6a73f61110d535b2067205eca1605f14ade207","tarball":"https://registry.npmjs.org/normalize-package-data/-/normalize-package-data-2.3.3.tgz"},"maintainers":[{"name":"meryn","email":"merynstol@gmail.com"},{"name":"isaacs","email":"i@izs.me"},{"name":"othiym23","email":"ogd@aoaioxxysz.net"},{"name":"iarna","email":"me@re-becca.org"}],"directories":{}},"2.3.4":{"name":"normalize-package-data","version":"2.3.4","author":{"name":"Meryn Stol","email":"merynstol@gmail.com"},"description":"Normalizes data that can be found in package.json files.","license":"BSD-2-Clause","repository":{"type":"git","url":"git://github.com/npm/normalize-package-data.git"},"main":"lib/normalize.js","scripts":{"test":"tap test/*.js"},"dependencies":{"hosted-git-info":"^2.0.2","is-builtin-module":"^1.0.0","semver":"2 || 3 || 4 || 5","validate-npm-package-license":"^3.0.1"},"devDependencies":{"async":"~0.9.0","tap":"^1.1.0","underscore":"~1.4.4"},"contributors":[{"name":"Isaac Z. Schlueter","email":"i@izs.me"},{"name":"Meryn Stol","email":"merynstol@gmail.com"},{"name":"Robert Kowalski","email":"rok@kowalski.gd"}],"gitHead":"0aa15b23116f2dfd086f1ed6bf213cbb7e7490dd","bugs":{"url":"https://github.com/npm/normalize-package-data/issues"},"homepage":"https://github.com/npm/normalize-package-data#readme","_id":"normalize-package-data@2.3.4","_shasum":"b92233ce6ef04fbd6bc0c05dead155af33a623e0","_from":".","_npmVersion":"2.14.3","_nodeVersion":"2.2.2","_npmUser":{"name":"zkat","email":"kat@sykosomatic.org"},"dist":{"shasum":"b92233ce6ef04fbd6bc0c05dead155af33a623e0","tarball":"https://registry.npmjs.org/normalize-package-data/-/normalize-package-data-2.3.4.tgz"},"maintainers":[{"name":"iarna","email":"me@re-becca.org"},{"name":"isaacs","email":"isaacs@npmjs.com"},{"name":"meryn","email":"merynstol@gmail.com"},{"name":"othiym23","email":"ogd@aoaioxxysz.net"},{"name":"zkat","email":"kat@sykosomatic.org"}],"directories":{}},"2.3.5":{"name":"normalize-package-data","version":"2.3.5","author":{"name":"Meryn Stol","email":"merynstol@gmail.com"},"description":"Normalizes data that can be found in package.json files.","license":"BSD-2-Clause","repository":{"type":"git","url":"git://github.com/npm/normalize-package-data.git"},"main":"lib/normalize.js","scripts":{"test":"tap test/*.js"},"dependencies":{"hosted-git-info":"^2.1.4","is-builtin-module":"^1.0.0","semver":"2 || 3 || 4 || 5","validate-npm-package-license":"^3.0.1"},"devDependencies":{"async":"^1.5.0","tap":"^2.2.0","underscore":"^1.8.3"},"contributors":[{"name":"Isaac Z. Schlueter","email":"i@izs.me"},{"name":"Meryn Stol","email":"merynstol@gmail.com"},{"name":"Robert Kowalski","email":"rok@kowalski.gd"}],"gitHead":"3dc7756af20b3b1b24c6d75302448ca3659e0a65","bugs":{"url":"https://github.com/npm/normalize-package-data/issues"},"homepage":"https://github.com/npm/normalize-package-data#readme","_id":"normalize-package-data@2.3.5","_shasum":"8d924f142960e1777e7ffe170543631cc7cb02df","_from":".","_npmVersion":"3.3.6","_nodeVersion":"5.0.0","_npmUser":{"name":"iarna","email":"me@re-becca.org"},"dist":{"shasum":"8d924f142960e1777e7ffe170543631cc7cb02df","tarball":"https://registry.npmjs.org/normalize-package-data/-/normalize-package-data-2.3.5.tgz"},"maintainers":[{"name":"iarna","email":"me@re-becca.org"},{"name":"isaacs","email":"isaacs@npmjs.com"},{"name":"meryn","email":"merynstol@gmail.com"},{"name":"othiym23","email":"ogd@aoaioxxysz.net"},{"name":"zkat","email":"kat@sykosomatic.org"}],"directories":{}},"2.3.6":{"name":"normalize-package-data","version":"2.3.6","author":{"name":"Meryn Stol","email":"merynstol@gmail.com"},"description":"Normalizes data that can be found in package.json files.","license":"BSD-2-Clause","repository":{"type":"git","url":"git://github.com/npm/normalize-package-data.git"},"main":"lib/normalize.js","scripts":{"test":"tap test/*.js"},"dependencies":{"hosted-git-info":"^2.1.4","is-builtin-module":"^1.0.0","semver":"2 || 3 || 4 || 5","validate-npm-package-license":"^3.0.1"},"devDependencies":{"async":"^1.5.0","tap":"^2.2.0","underscore":"^1.8.3"},"contributors":[{"name":"Isaac Z. Schlueter","email":"i@izs.me"},{"name":"Meryn Stol","email":"merynstol@gmail.com"},{"name":"Robert Kowalski","email":"rok@kowalski.gd"}],"gitHead":"f6c37066edd095c0e465f6e181c0cd79a02f6c3d","bugs":{"url":"https://github.com/npm/normalize-package-data/issues"},"homepage":"https://github.com/npm/normalize-package-data#readme","_id":"normalize-package-data@2.3.6","_shasum":"498fa420c96401f787402ba21e600def9f981fff","_from":".","_npmVersion":"4.1.2","_nodeVersion":"7.7.1","_npmUser":{"name":"zkat","email":"kat@sykosomatic.org"},"dist":{"shasum":"498fa420c96401f787402ba21e600def9f981fff","tarball":"https://registry.npmjs.org/normalize-package-data/-/normalize-package-data-2.3.6.tgz"},"maintainers":[{"name":"iarna","email":"me@re-becca.org"},{"name":"isaacs","email":"isaacs@npmjs.com"},{"name":"meryn","email":"merynstol@gmail.com"},{"name":"othiym23","email":"ogd@aoaioxxysz.net"},{"name":"zkat","email":"kat@sykosomatic.org"}],"_npmOperationalInternal":{"host":"packages-18-east.internal.npmjs.com","tmp":"tmp/normalize-package-data-2.3.6.tgz_1488928112411_0.01280554523691535"},"directories":{}},"2.3.7":{"name":"normalize-package-data","version":"2.3.7","author":{"name":"Meryn Stol","email":"merynstol@gmail.com"},"description":"Normalizes data that can be found in package.json files.","license":"BSD-2-Clause","repository":{"type":"git","url":"git://github.com/npm/normalize-package-data.git"},"main":"lib/normalize.js","scripts":{"test":"tap test/*.js"},"dependencies":{"hosted-git-info":"^2.1.4","is-builtin-module":"^1.0.0","semver":"2 || 3 || 4 || 5","validate-npm-package-license":"^3.0.1"},"devDependencies":{"async":"^1.5.0","tap":"^2.2.0","underscore":"^1.8.3"},"files":["lib/*.js","AUTHORS"],"contributors":[{"name":"Isaac Z. Schlueter","email":"i@izs.me"},{"name":"Meryn Stol","email":"merynstol@gmail.com"},{"name":"Robert Kowalski","email":"rok@kowalski.gd"}],"gitHead":"a57fcd69ecaf4c4a702c5c47fc0ef41dd60bb2a0","bugs":{"url":"https://github.com/npm/normalize-package-data/issues"},"homepage":"https://github.com/npm/normalize-package-data#readme","_id":"normalize-package-data@2.3.7","_npmVersion":"4.5.0","_nodeVersion":"4.6.1","_npmUser":{"name":"iarna","email":"me@re-becca.org"},"dist":{"shasum":"3998258db8f2f058fb441f591254824610f10beb","tarball":"https://registry.npmjs.org/normalize-package-data/-/normalize-package-data-2.3.7.tgz"},"maintainers":[{"name":"iarna","email":"me@re-becca.org"},{"name":"isaacs","email":"isaacs@npmjs.com"},{"name":"meryn","email":"merynstol@gmail.com"},{"name":"othiym23","email":"ogd@aoaioxxysz.net"},{"name":"zkat","email":"kat@sykosomatic.org"}],"_npmOperationalInternal":{"host":"packages-18-east.internal.npmjs.com","tmp":"tmp/normalize-package-data-2.3.7.tgz_1492734762093_0.09298714948818088"},"directories":{}},"2.3.8":{"name":"normalize-package-data","version":"2.3.8","author":{"name":"Meryn Stol","email":"merynstol@gmail.com"},"description":"Normalizes data that can be found in package.json files.","license":"BSD-2-Clause","repository":{"type":"git","url":"git://github.com/npm/normalize-package-data.git"},"main":"lib/normalize.js","scripts":{"test":"tap test/*.js"},"dependencies":{"hosted-git-info":"^2.1.4","is-builtin-module":"^1.0.0","semver":"2 || 3 || 4 || 5","validate-npm-package-license":"^3.0.1"},"devDependencies":{"async":"^1.5.0","tap":"^2.2.0","underscore":"^1.8.3"},"files":["lib/*.js","lib/*.json","AUTHORS"],"contributors":[{"name":"Isaac Z. Schlueter","email":"i@izs.me"},{"name":"Meryn Stol","email":"merynstol@gmail.com"},{"name":"Robert Kowalski","email":"rok@kowalski.gd"}],"gitHead":"6ba494919aa5f8aa7bb2881a136eefbd04b9d141","bugs":{"url":"https://github.com/npm/normalize-package-data/issues"},"homepage":"https://github.com/npm/normalize-package-data#readme","_id":"normalize-package-data@2.3.8","_npmVersion":"4.5.0","_nodeVersion":"4.6.1","_npmUser":{"name":"iarna","email":"me@re-becca.org"},"dist":{"shasum":"d819eda2a9dedbd1ffa563ea4071d936782295bb","tarball":"https://registry.npmjs.org/normalize-package-data/-/normalize-package-data-2.3.8.tgz"},"maintainers":[{"name":"iarna","email":"me@re-becca.org"},{"name":"isaacs","email":"isaacs@npmjs.com"},{"name":"meryn","email":"merynstol@gmail.com"},{"name":"othiym23","email":"ogd@aoaioxxysz.net"},{"name":"zkat","email":"kat@sykosomatic.org"}],"_npmOperationalInternal":{"host":"packages-12-west.internal.npmjs.com","tmp":"tmp/normalize-package-data-2.3.8.tgz_1492736191668_0.44064528262242675"},"directories":{}},"2.4.0":{"name":"normalize-package-data","version":"2.4.0","author":{"name":"Meryn Stol","email":"merynstol@gmail.com"},"description":"Normalizes data that can be found in package.json files.","license":"BSD-2-Clause","repository":{"type":"git","url":"git://github.com/npm/normalize-package-data.git"},"main":"lib/normalize.js","scripts":{"test":"tap test/*.js"},"dependencies":{"hosted-git-info":"^2.1.4","is-builtin-module":"^1.0.0","semver":"2 || 3 || 4 || 5","validate-npm-package-license":"^3.0.1"},"devDependencies":{"async":"^1.5.0","tap":"^2.2.0","underscore":"^1.8.3"},"files":["lib/*.js","lib/*.json","AUTHORS"],"contributors":[{"name":"Isaac Z. Schlueter","email":"i@izs.me"},{"name":"Meryn Stol","email":"merynstol@gmail.com"},{"name":"Robert Kowalski","email":"rok@kowalski.gd"}],"gitHead":"9948ecf3d97cffcaab8f914522a0f3953edac6e4","bugs":{"url":"https://github.com/npm/normalize-package-data/issues"},"homepage":"https://github.com/npm/normalize-package-data#readme","_id":"normalize-package-data@2.4.0","_npmVersion":"5.0.4","_nodeVersion":"8.1.0","_npmUser":{"name":"iarna","email":"me@re-becca.org"},"dist":{"integrity":"sha512-9jjUFbTPfEy3R/ad/2oNbKtW9Hgovl5O1FvFWKkKblNXoN/Oou6+9+KKohPK13Yc3/TyunyWhJp6gvRNR/PPAw==","shasum":"12f95a307d58352075a04907b84ac8be98ac012f","tarball":"https://registry.npmjs.org/normalize-package-data/-/normalize-package-data-2.4.0.tgz"},"maintainers":[{"name":"iarna","email":"me@re-becca.org"},{"name":"isaacs","email":"isaacs@npmjs.com"},{"name":"meryn","email":"merynstol@gmail.com"},{"name":"othiym23","email":"ogd@aoaioxxysz.net"},{"name":"zkat","email":"kat@sykosomatic.org"}],"_npmOperationalInternal":{"host":"s3://npm-registry-packages","tmp":"tmp/normalize-package-data-2.4.0.tgz_1498509665767_0.48049415182322264"},"directories":{}}},"readme":"# normalize-package-data [![Build Status](https://travis-ci.org/npm/normalize-package-data.png?branch=master)](https://travis-ci.org/npm/normalize-package-data)\n\nnormalize-package-data exports a function that normalizes package metadata. This data is typically found in a package.json file, but in principle could come from any source - for example the npm registry.\n\nnormalize-package-data is used by [read-package-json](https://npmjs.org/package/read-package-json) to normalize the data it reads from a package.json file. In turn, read-package-json is used by [npm](https://npmjs.org/package/npm) and various npm-related tools.\n\n## Installation\n\n```\nnpm install normalize-package-data\n```\n\n## Usage\n\nBasic usage is really simple. You call the function that normalize-package-data exports. Let's call it `normalizeData`.\n\n```javascript\nnormalizeData = require('normalize-package-data')\npackageData = require(\"./package.json\")\nnormalizeData(packageData)\n// packageData is now normalized\n```\n\n#### Strict mode\n\nYou may activate strict validation by passing true as the second argument.\n\n```javascript\nnormalizeData = require('normalize-package-data')\npackageData = require(\"./package.json\")\nnormalizeData(packageData, true)\n// packageData is now normalized\n```\n\nIf strict mode is activated, only Semver 2.0 version strings are accepted. Otherwise, Semver 1.0 strings are accepted as well. Packages must have a name, and the name field must not have contain leading or trailing whitespace.\n\n#### Warnings\n\nOptionally, you may pass a \"warning\" function. It gets called whenever the `normalizeData` function encounters something that doesn't look right. It indicates less than perfect input data.\n\n```javascript\nnormalizeData = require('normalize-package-data')\npackageData = require(\"./package.json\")\nwarnFn = function(msg) { console.error(msg) }\nnormalizeData(packageData, warnFn)\n// packageData is now normalized. Any number of warnings may have been logged.\n```\n\nYou may combine strict validation with warnings by passing `true` as the second argument, and `warnFn` as third.\n\nWhen `private` field is set to `true`, warnings will be suppressed.\n\n### Potential exceptions\n\nIf the supplied data has an invalid name or version vield, `normalizeData` will throw an error. Depending on where you call `normalizeData`, you may want to catch these errors so can pass them to a callback.\n\n## What normalization (currently) entails\n\n* The value of `name` field gets trimmed (unless in strict mode).\n* The value of the `version` field gets cleaned by `semver.clean`. See [documentation for the semver module](https://github.com/isaacs/node-semver).\n* If `name` and/or `version` fields are missing, they are set to empty strings.\n* If `files` field is not an array, it will be removed.\n* If `bin` field is a string, then `bin` field will become an object with `name` set to the value of the `name` field, and `bin` set to the original string value.\n* If `man` field is a string, it will become an array with the original string as its sole member.\n* If `keywords` field is string, it is considered to be a list of keywords separated by one or more white-space characters. It gets converted to an array by splitting on `\\s+`.\n* All people fields (`author`, `maintainers`, `contributors`) get converted into objects with name, email and url properties.\n* If `bundledDependencies` field (a typo) exists and `bundleDependencies` field does not, `bundledDependencies` will get renamed to `bundleDependencies`.\n* If the value of any of the dependencies fields  (`dependencies`, `devDependencies`, `optionalDependencies`) is a string, it gets converted into an object with familiar `name=>value` pairs.\n* The values in `optionalDependencies` get added to `dependencies`. The `optionalDependencies` array is left untouched.\n* As of v2: Dependencies that point at known hosted git providers (currently: github, bitbucket, gitlab) will have their URLs canonicalized, but protocols will be preserved.\n* As of v2: Dependencies that use shortcuts for hosted git providers (`org/proj`, `github:org/proj`, `bitbucket:org/proj`, `gitlab:org/proj`, `gist:docid`) will have the shortcut left in place. (In the case of github, the `org/proj` form will be expanded to `github:org/proj`.) THIS MARKS A BREAKING CHANGE FROM V1, where the shorcut was previously expanded to a URL.\n* If `description` field does not exist, but `readme` field does, then (more or less) the first paragraph of text that's found in the readme is taken as value for `description`.\n* If `repository` field is a string, it will become an object with `url` set to the original string value, and `type` set to `\"git\"`.\n* If `repository.url` is not a valid url, but in the style of \"[owner-name]/[repo-name]\", `repository.url` will be set to git+https://github.com/[owner-name]/[repo-name].git\n* If `bugs` field is a string, the value of `bugs` field is changed into an object with `url` set to the original string value.\n* If `bugs` field does not exist, but `repository` field points to a repository hosted on GitHub, the value of the `bugs` field gets set to an url in the form of https://github.com/[owner-name]/[repo-name]/issues . If the repository field points to a GitHub Gist repo url, the associated http url is chosen.\n* If `bugs` field is an object, the resulting value only has email and url properties. If email and url properties are not strings, they are ignored. If no valid values for either email or url is found, bugs field will be removed.\n* If `homepage` field is not a string, it will be removed.\n* If the url in the `homepage` field does not specify a protocol, then http is assumed. For example, `myproject.org` will be changed to `http://myproject.org`.\n* If `homepage` field does not exist, but `repository` field points to a repository hosted on GitHub, the value of the `homepage` field gets set to an url in the form of https://github.com/[owner-name]/[repo-name]#readme . If the repository field points to a GitHub Gist repo url, the associated http url is chosen.\n\n### Rules for name field\n\nIf `name` field is given, the value of the name field must be a string. The string may not:\n\n* start with a period.\n* contain the following characters: `/@\\s+%`\n* contain any characters that would need to be encoded for use in urls.\n* resemble the word `node_modules` or `favicon.ico` (case doesn't matter).\n\n### Rules for version field\n\nIf `version` field is given, the value of the version field must be a valid *semver* string, as determined by the `semver.valid` method. See [documentation for the semver module](https://github.com/isaacs/node-semver).\n\n### Rules for license field\n\nThe `license` field should be a valid *SPDX license expression* or one of the special values allowed by [validate-npm-package-license](https://npmjs.com/packages/validate-npm-package-license). See [documentation for the license field in package.json](https://docs.npmjs.com/files/package.json#license).\n\n## Credits\n\nThis package contains code based on read-package-json written by Isaac Z. Schlueter. Used with permisson.\n\n## License\n\nnormalize-package-data is released under the [BSD 2-Clause License](http://opensource.org/licenses/MIT).  \nCopyright (c) 2013 Meryn Stol  \n","maintainers":[{"email":"kzm@sykosomatic.org","name":"zkat"},{"email":"i@izs.me","name":"isaacs"},{"email":"ogd@aoaioxxysz.net","name":"othiym23"},{"email":"braveg1rl@outlook.com","name":"meryn"},{"email":"me@re-becca.org","name":"iarna"}],"time":{"modified":"2018-01-21T05:18:22.580Z","created":"2013-04-09T08:30:31.608Z","0.0.1":"2013-04-09T08:30:58.748Z","0.0.3":"2013-04-09T12:21:50.597Z","0.0.5":"2013-04-10T19:10:12.762Z","0.0.7":"2013-04-10T19:52:31.270Z","0.0.9":"2013-04-12T11:01:00.535Z","0.0.10":"2013-04-20T00:18:13.893Z","0.1.1":"2013-04-23T19:27:10.842Z","0.1.2":"2013-04-25T15:49:17.684Z","0.1.3":"2013-04-29T20:43:46.133Z","0.1.4":"2013-04-29T21:41:29.215Z","0.1.5":"2013-04-30T12:12:17.076Z","0.1.6":"2013-05-06T13:51:01.931Z","0.1.7":"2013-06-14T21:55:52.552Z","0.2.0":"2013-06-20T19:27:48.256Z","0.2.1":"2013-07-24T20:19:32.459Z","0.2.2":"2013-08-22T16:24:44.259Z","0.2.3":"2013-09-22T16:19:58.659Z","0.2.4":"2013-09-24T10:02:40.861Z","0.2.5":"2013-09-24T18:34:47.908Z","0.2.6":"2013-10-01T22:05:09.316Z","0.2.7":"2013-10-27T12:07:36.486Z","0.2.8":"2013-12-11T19:35:00.032Z","0.2.9":"2014-02-11T18:17:07.884Z","0.2.11":"2014-02-21T14:21:33.002Z","0.2.12":"2014-02-21T14:32:38.434Z","0.2.13":"2014-04-28T22:16:31.537Z","0.3.0":"2014-06-06T06:08:17.516Z","0.4.0":"2014-06-27T00:09:20.575Z","0.4.1":"2014-06-27T00:29:05.898Z","0.4.2":"2014-07-23T21:21:45.927Z","1.0.0":"2014-07-31T22:12:36.519Z","1.0.1":"2014-08-29T00:21:08.754Z","1.0.2":"2014-09-11T07:10:16.486Z","1.0.3":"2014-09-29T23:12:27.964Z","2.0.0":"2015-04-06T23:45:02.234Z","2.1.0":"2015-05-06T20:52:57.215Z","2.2.0":"2015-05-21T23:43:28.251Z","2.2.1":"2015-06-12T00:32:38.889Z","2.3.0":"2015-06-19T08:18:45.431Z","2.3.1":"2015-07-16T23:42:08.412Z","2.3.2":"2015-08-27T21:44:05.082Z","2.3.3":"2015-09-15T21:14:33.519Z","2.3.4":"2015-09-17T01:12:51.085Z","2.3.5":"2015-11-02T22:28:05.674Z","2.3.6":"2017-03-07T23:08:34.231Z","2.3.7":"2017-04-21T00:32:43.846Z","2.3.8":"2017-04-21T00:56:31.966Z","2.4.0":"2017-06-26T20:41:05.880Z"},"author":{"name":"Meryn Stol","email":"merynstol@gmail.com"},"repository":{"type":"git","url":"git://github.com/npm/normalize-package-data.git"},"readmeFilename":"README.md","homepage":"https://github.com/npm/normalize-package-data#readme","contributors":[{"name":"Isaac Z. Schlueter","email":"i@izs.me"},{"name":"Meryn Stol","email":"merynstol@gmail.com"},{"name":"Robert Kowalski","email":"rok@kowalski.gd"}],"bugs":{"url":"https://github.com/npm/normalize-package-data/issues"},"users":{"itonyyo":true,"solygen":true,"netweb":true,"mattmcfarland":true,"josecage":true,"kontrax":true,"knksmith57":true},"license":"BSD-2-Clause","_attachments":{},"_etag":"W/\"c2e7be4b675ea9d4d81fcac74a598c81\"","_lastModified":"Sun, 27 May 2018 10:33:44 GMT","_cached":true}