{"_id":"is-typedarray","_rev":"4-286657ac1f347cab8514d92e95735c84","name":"is-typedarray","description":"Detect whether or not an object is a Typed Array","dist-tags":{"latest":"1.0.0"},"versions":{"0.0.0":{"name":"is-typedarray","version":"0.0.0","description":"Detect whether or not an object is a Typed Array","main":"index.js","scripts":{"test":"node test"},"author":{"name":"Hugh Kennedy","email":"hughskennedy@gmail.com","url":"http://hughsk.io/"},"license":"MIT","dependencies":{},"devDependencies":{"tape":"^2.13.1"},"repository":{"type":"git","url":"git://github.com/hughsk/is-typedarray.git"},"keywords":["typed","array","detect","is","util"],"bugs":{"url":"https://github.com/hughsk/is-typedarray/issues"},"homepage":"https://github.com/hughsk/is-typedarray","_id":"is-typedarray@0.0.0","_shasum":"9e5c50a8bf17b3051b48c5e5b678440821f756f4","_from":".","_npmVersion":"1.4.10","_npmUser":{"name":"hughsk","email":"hughskennedy@gmail.com"},"maintainers":[{"name":"hughsk","email":"hughskennedy@gmail.com"}],"dist":{"shasum":"9e5c50a8bf17b3051b48c5e5b678440821f756f4","tarball":"https://registry.npmjs.org/is-typedarray/-/is-typedarray-0.0.0.tgz"},"directories":{}},"1.0.0":{"name":"is-typedarray","version":"1.0.0","description":"Detect whether or not an object is a Typed Array","main":"index.js","scripts":{"test":"node test"},"author":{"name":"Hugh Kennedy","email":"hughskennedy@gmail.com","url":"http://hughsk.io/"},"license":"MIT","dependencies":{},"devDependencies":{"tape":"^2.13.1"},"repository":{"type":"git","url":"git://github.com/hughsk/is-typedarray.git"},"keywords":["typed","array","detect","is","util"],"bugs":{"url":"https://github.com/hughsk/is-typedarray/issues"},"homepage":"https://github.com/hughsk/is-typedarray","gitHead":"0617cfa871686cf541af62b144f130488f44f6fe","_id":"is-typedarray@1.0.0","_shasum":"e479c80858df0c1b11ddda6940f96011fcda4a9a","_from":".","_npmVersion":"2.7.5","_nodeVersion":"0.10.36","_npmUser":{"name":"hughsk","email":"hughskennedy@gmail.com"},"dist":{"shasum":"e479c80858df0c1b11ddda6940f96011fcda4a9a","tarball":"https://registry.npmjs.org/is-typedarray/-/is-typedarray-1.0.0.tgz"},"maintainers":[{"name":"hughsk","email":"hughskennedy@gmail.com"}],"directories":{}}},"readme":"# is-typedarray [![locked](http://badges.github.io/stability-badges/dist/locked.svg)](http://github.com/badges/stability-badges)\n\nDetect whether or not an object is a\n[Typed Array](https://developer.mozilla.org/en-US/docs/Web/JavaScript/Typed_arrays).\n\n## Usage\n\n[![NPM](https://nodei.co/npm/is-typedarray.png)](https://nodei.co/npm/is-typedarray/)\n\n### isTypedArray(array)\n\nReturns `true` when array is a Typed Array, and `false` when it is not.\n\n## License\n\nMIT. See [LICENSE.md](http://github.com/hughsk/is-typedarray/blob/master/LICENSE.md) for details.\n","maintainers":[{"name":"hughsk","email":"hughskennedy@gmail.com"}],"time":{"modified":"2016-12-25T00:47:00.818Z","created":"2014-06-01T19:10:47.674Z","0.0.0":"2014-06-01T19:10:47.674Z","1.0.0":"2015-05-17T01:03:39.627Z"},"homepage":"https://github.com/hughsk/is-typedarray","keywords":["typed","array","detect","is","util"],"repository":{"type":"git","url":"git://github.com/hughsk/is-typedarray.git"},"author":{"name":"Hugh Kennedy","email":"hughskennedy@gmail.com","url":"http://hughsk.io/"},"bugs":{"url":"https://github.com/hughsk/is-typedarray/issues"},"license":"MIT","readmeFilename":"README.md","users":{"anoubis":true},"_attachments":{},"_etag":"W/\"e7b88219ebe721b877b678c51795c9c5\"","_lastModified":"Sat, 26 May 2018 12:53:10 GMT"}