{"_id":"node-uuid","_rev":"285-7fe2da83725c20a7e2ac3c8d3b05ea6d","name":"node-uuid","description":"Rigorous implementation of RFC4122 (v1 and v4) UUIDs.","dist-tags":{"latest":"1.4.8"},"versions":{"1.2.0":{"name":"node-uuid","description":"Simple, fast generation of RFC4122 (v1 and v4) UUIDs.","url":"http://github.com/broofa/node-uuid","keywords":["uuid","guid","rfc4122"],"author":{"name":"Robert Kieffer","email":"robert@broofa.com"},"contributors":[{"name":"Christoph Tavan","email":"dev@tavan.de"}],"dependencies":{},"lib":".","main":"./uuid.js","version":"1.2.0","_npmUser":{"name":"broofa","email":"robert@broofa.com"},"_id":"node-uuid@1.2.0","devDependencies":{},"engines":{"node":"*"},"_engineSupported":true,"_npmVersion":"1.0.106","_nodeVersion":"v0.4.6","_defaultsLoaded":true,"dist":{"shasum":"81a9fe32934719852499b58b2523d2cd5fdfd65b","tarball":"https://registry.npmjs.org/node-uuid/-/node-uuid-1.2.0.tgz"},"maintainers":[{"name":"broofa","email":"robert@broofa.com"}],"directories":{},"deprecated":"Use uuid module instead"},"1.3.0":{"name":"node-uuid","description":"Rigorous implementation of RFC4122 (v1 and v4) UUIDs.","url":"http://github.com/broofa/node-uuid","keywords":["uuid","guid","rfc4122"],"author":{"name":"Robert Kieffer","email":"robert@broofa.com"},"contributors":[{"name":"Christoph Tavan","email":"dev@tavan.de"}],"dependencies":{},"lib":".","main":"./uuid.js","version":"1.3.0","_npmUser":{"name":"broofa","email":"robert@broofa.com"},"_id":"node-uuid@1.3.0","devDependencies":{},"engines":{"node":"*"},"_engineSupported":true,"_npmVersion":"1.0.106","_nodeVersion":"v0.4.6","_defaultsLoaded":true,"dist":{"shasum":"ae7aaa86c2941a2ce3af4d07de4e636f7039a051","tarball":"https://registry.npmjs.org/node-uuid/-/node-uuid-1.3.0.tgz"},"maintainers":[{"name":"broofa","email":"robert@broofa.com"}],"directories":{},"deprecated":"Use uuid module instead"},"1.3.1":{"name":"node-uuid","description":"Rigorous implementation of RFC4122 (v1 and v4) UUIDs.","url":"http://github.com/broofa/node-uuid","keywords":["uuid","guid","rfc4122"],"author":{"name":"Robert Kieffer","email":"robert@broofa.com"},"contributors":[{"name":"Christoph Tavan","email":"dev@tavan.de"}],"dependencies":{},"lib":".","main":"./uuid.js","version":"1.3.1","_npmUser":{"name":"broofa","email":"robert@broofa.com"},"_id":"node-uuid@1.3.1","devDependencies":{},"engines":{"node":"*"},"_engineSupported":true,"_npmVersion":"1.0.106","_nodeVersion":"v0.4.6","_defaultsLoaded":true,"dist":{"shasum":"a923260d441c4c5323b9b62b39fe2361014380c1","tarball":"https://registry.npmjs.org/node-uuid/-/node-uuid-1.3.1.tgz"},"maintainers":[{"name":"broofa","email":"robert@broofa.com"}],"directories":{},"deprecated":"Use uuid module instead"},"1.3.2":{"name":"node-uuid","description":"Rigorous implementation of RFC4122 (v1 and v4) UUIDs.","url":"http://github.com/broofa/node-uuid","keywords":["uuid","guid","rfc4122"],"author":{"name":"Robert Kieffer","email":"robert@broofa.com"},"contributors":[{"name":"Christoph Tavan","email":"dev@tavan.de"}],"dependencies":{},"lib":".","main":"./uuid.js","version":"1.3.2","_npmUser":{"name":"broofa","email":"robert@broofa.com"},"_id":"node-uuid@1.3.2","devDependencies":{},"engines":{"node":"*"},"_engineSupported":true,"_npmVersion":"1.0.106","_nodeVersion":"v0.4.6","_defaultsLoaded":true,"dist":{"shasum":"e7d66a0e06e7e93194e2238f94a28eebd3366e79","tarball":"https://registry.npmjs.org/node-uuid/-/node-uuid-1.3.2.tgz"},"maintainers":[{"name":"broofa","email":"robert@broofa.com"}],"directories":{},"deprecated":"Use uuid module instead"},"1.1.0":{"name":"node-uuid","description":"Simple, fast generation of RFC4122(v4) UUIDs.","url":"http://github.com/broofa/node-uuid","keywords":["uuid","guid","rfc4122"],"author":{"name":"Robert Kieffer","email":"robert@broofa.com"},"contributors":[],"dependencies":{},"lib":".","main":"./uuid.js","version":"1.1.0","_npmUser":{"name":"broofa","email":"robert@broofa.com"},"_id":"node-uuid@1.1.0","devDependencies":{},"engines":{"node":"*"},"_engineSupported":true,"_npmVersion":"1.0.106","_nodeVersion":"v0.4.6","_defaultsLoaded":true,"dist":{"shasum":"5117df805ee5cc4010f542299180142e3ff24a70","tarball":"https://registry.npmjs.org/node-uuid/-/node-uuid-1.1.0.tgz"},"maintainers":[{"name":"broofa","email":"robert@broofa.com"}],"directories":{},"deprecated":"Use uuid module instead"},"1.0.0":{"name":"node-uuid","description":"Generate standards-compliant UUID strings.","url":"http://github.com/broofa/node-uuid","keywords":["uuid","guid","rfc4122"],"author":{"name":"Robert Kieffer","email":"robert@broofa.com"},"contributors":[],"dependencies":{},"lib":".","main":"./uuid.js","version":"1.0.0","_npmUser":{"name":"broofa","email":"robert@broofa.com"},"_id":"node-uuid@1.0.0","devDependencies":{},"engines":{"node":"*"},"_engineSupported":true,"_npmVersion":"1.0.106","_nodeVersion":"v0.4.6","_defaultsLoaded":true,"dist":{"shasum":"daa362ab4121345ccef2bf37883e5d71ec66fb57","tarball":"https://registry.npmjs.org/node-uuid/-/node-uuid-1.0.0.tgz"},"maintainers":[{"name":"broofa","email":"robert@broofa.com"}],"directories":{},"deprecated":"Use uuid module instead"},"1.3.3":{"name":"node-uuid","description":"Rigorous implementation of RFC4122 (v1 and v4) UUIDs.","url":"http://github.com/broofa/node-uuid","keywords":["uuid","guid","rfc4122"],"author":{"name":"Robert Kieffer","email":"robert@broofa.com"},"contributors":[{"name":"Christoph Tavan","email":"dev@tavan.de"}],"lib":".","main":"./uuid.js","repository":{"type":"git","url":"git://github.com/broofa/node-uuid.git"},"version":"1.3.3","_npmUser":{"name":"broofa","email":"robert@broofa.com"},"_id":"node-uuid@1.3.3","dependencies":{},"devDependencies":{},"engines":{"node":"*"},"_engineSupported":true,"_npmVersion":"1.0.106","_nodeVersion":"v0.4.6","_defaultsLoaded":true,"dist":{"shasum":"d3db4d7b56810d9e4032342766282af07391729b","tarball":"https://registry.npmjs.org/node-uuid/-/node-uuid-1.3.3.tgz"},"maintainers":[{"name":"broofa","email":"robert@broofa.com"}],"deprecated":"Use uuid module instead","directories":{}},"1.4.0":{"name":"node-uuid","description":"Rigorous implementation of RFC4122 (v1 and v4) UUIDs.","url":"http://github.com/broofa/node-uuid","keywords":["uuid","guid","rfc4122"],"author":{"name":"Robert Kieffer","email":"robert@broofa.com"},"contributors":[{"name":"Christoph Tavan","email":"dev@tavan.de"}],"lib":".","main":"./uuid.js","repository":{"type":"git","url":"https://github.com/broofa/node-uuid.git"},"version":"1.4.0","_id":"node-uuid@1.4.0","dist":{"shasum":"07f9b2337572ff6275c775e1d48513f3a45d7a65","tarball":"https://registry.npmjs.org/node-uuid/-/node-uuid-1.4.0.tgz"},"maintainers":[{"name":"broofa","email":"robert@broofa.com"}],"deprecated":"Use uuid module instead","directories":{}},"1.4.1":{"name":"node-uuid","description":"Rigorous implementation of RFC4122 (v1 and v4) UUIDs.","url":"http://github.com/broofa/node-uuid","keywords":["uuid","guid","rfc4122"],"author":{"name":"Robert Kieffer","email":"robert@broofa.com"},"contributors":[{"name":"Christoph Tavan","email":"dev@tavan.de"}],"lib":".","main":"./uuid.js","repository":{"type":"git","url":"https://github.com/broofa/node-uuid.git"},"version":"1.4.1","bugs":{"url":"https://github.com/broofa/node-uuid/issues"},"_id":"node-uuid@1.4.1","dist":{"shasum":"39aef510e5889a3dca9c895b506c73aae1bac048","tarball":"https://registry.npmjs.org/node-uuid/-/node-uuid-1.4.1.tgz"},"_from":".","_npmVersion":"1.3.6","_npmUser":{"name":"broofa","email":"robert@broofa.com"},"maintainers":[{"name":"broofa","email":"robert@broofa.com"}],"deprecated":"Use uuid module instead","directories":{}},"1.4.2":{"name":"node-uuid","description":"Rigorous implementation of RFC4122 (v1 and v4) UUIDs.","url":"http://github.com/broofa/node-uuid","keywords":["uuid","guid","rfc4122"],"author":{"name":"Robert Kieffer","email":"robert@broofa.com"},"contributors":[{"name":"Christoph Tavan","email":"dev@tavan.de"}],"bin":{"uuid":"./bin/uuid"},"scripts":{"test":"node test/test.js"},"lib":".","main":"./uuid.js","repository":{"type":"git","url":"https://github.com/broofa/node-uuid.git"},"version":"1.4.2","licenses":[{"type":"MIT","url":"https://raw.github.com/broofa/node-uuid/master/LICENSE.md"}],"gitHead":"14c42d2568977f7ddfc02399bd2a6b09e2cfbe5f","bugs":{"url":"https://github.com/broofa/node-uuid/issues"},"homepage":"https://github.com/broofa/node-uuid","_id":"node-uuid@1.4.2","_shasum":"907db3d11b7b6a2cf4f905fb7199f14ae7379ba0","_from":".","_npmVersion":"1.4.28","_npmUser":{"name":"broofa","email":"robert@broofa.com"},"maintainers":[{"name":"broofa","email":"robert@broofa.com"}],"dist":{"shasum":"907db3d11b7b6a2cf4f905fb7199f14ae7379ba0","tarball":"https://registry.npmjs.org/node-uuid/-/node-uuid-1.4.2.tgz"},"deprecated":"Use uuid module instead","directories":{}},"1.4.3":{"name":"node-uuid","description":"Rigorous implementation of RFC4122 (v1 and v4) UUIDs.","url":"http://github.com/broofa/node-uuid","keywords":["uuid","guid","rfc4122"],"author":{"name":"Robert Kieffer","email":"robert@broofa.com"},"contributors":[{"name":"Christoph Tavan","email":"dev@tavan.de"}],"bin":{"uuid":"./bin/uuid"},"scripts":{"test":"node test/test.js"},"lib":".","main":"./uuid.js","repository":{"type":"git","url":"https://github.com/broofa/node-uuid.git"},"version":"1.4.3","licenses":[{"type":"MIT","url":"https://raw.github.com/broofa/node-uuid/master/LICENSE.md"}],"gitHead":"886463c660a095dfebfa69603921a8d156fdb12c","bugs":{"url":"https://github.com/broofa/node-uuid/issues"},"homepage":"https://github.com/broofa/node-uuid","_id":"node-uuid@1.4.3","_shasum":"319bb7a56e7cb63f00b5c0cd7851cd4b4ddf1df9","_from":".","_npmVersion":"1.4.28","_npmUser":{"name":"broofa","email":"robert@broofa.com"},"maintainers":[{"name":"broofa","email":"robert@broofa.com"}],"dist":{"shasum":"319bb7a56e7cb63f00b5c0cd7851cd4b4ddf1df9","tarball":"https://registry.npmjs.org/node-uuid/-/node-uuid-1.4.3.tgz"},"deprecated":"Use uuid module instead","directories":{}},"1.4.6":{"author":{"name":"Robert Kieffer","email":"robert@broofa.com"},"bin":{"uuid":"./bin/uuid"},"bugs":{"url":"https://github.com/broofa/node-uuid/issues"},"contributors":[{"name":"AJ ONeal","email":"coolaj86@gmail.com"},{"name":"Christoph Tavan","email":"dev@tavan.de"}],"dependencies":{},"description":"Rigorous implementation of RFC4122 (v1 and v4) UUIDs.","devDependencies":{"nyc":"^2.2.0"},"directories":{},"homepage":"https://github.com/broofa/node-uuid","installable":true,"keywords":["guid","rfc4122","uuid"],"lib":".","licenses":[{"type":"MIT","url":"https://raw.github.com/broofa/node-uuid/master/LICENSE.md"}],"main":"./uuid.js","maintainers":[{"name":"broofa","email":"robert@broofa.com"},{"name":"coolaj86","email":"coolaj86@gmail.com"}],"name":"node-uuid","optionalDependencies":{},"repository":{"type":"git","url":"git+https://github.com/broofa/node-uuid.git"},"scripts":{"coverage":"nyc npm test && nyc report","test":"node test/test.js"},"url":"http://github.com/broofa/node-uuid","version":"1.4.6","gitHead":"17365b420191e391fe90d7651304ab6e82add07f","_id":"node-uuid@1.4.6","_shasum":"6a9632f46352243c84d2f45534d614c0bdcbeaf2","_from":".","_npmVersion":"3.3.6","_nodeVersion":"5.0.0","_npmUser":{"name":"coolaj86","email":"coolaj86@gmail.com"},"dist":{"shasum":"6a9632f46352243c84d2f45534d614c0bdcbeaf2","tarball":"https://registry.npmjs.org/node-uuid/-/node-uuid-1.4.6.tgz"},"deprecated":"Use uuid module instead"},"1.4.7":{"author":{"name":"Robert Kieffer","email":"robert@broofa.com"},"bin":{"uuid":"./bin/uuid"},"bugs":{"url":"https://github.com/broofa/node-uuid/issues"},"contributors":[{"name":"AJ ONeal","email":"coolaj86@gmail.com"},{"name":"Christoph Tavan","email":"dev@tavan.de"}],"dependencies":{},"description":"Rigorous implementation of RFC4122 (v1 and v4) UUIDs.","devDependencies":{"nyc":"^2.2.0"},"directories":{},"homepage":"https://github.com/broofa/node-uuid","installable":true,"keywords":["guid","rfc4122","uuid"],"lib":".","licenses":[{"type":"MIT","url":"https://raw.github.com/broofa/node-uuid/master/LICENSE.md"}],"main":"./uuid.js","maintainers":[{"name":"broofa","email":"robert@broofa.com"},{"name":"coolaj86","email":"coolaj86@gmail.com"}],"name":"node-uuid","optionalDependencies":{},"repository":{"type":"git","url":"git+https://github.com/broofa/node-uuid.git"},"scripts":{"coverage":"nyc npm test && nyc report","test":"node test/test.js"},"url":"http://github.com/broofa/node-uuid","version":"1.4.7","gitHead":"309512573ec1c60143c257157479a20f7f1f51cd","_id":"node-uuid@1.4.7","_shasum":"6da5a17668c4b3dd59623bda11cf7fa4c1f60a6f","_from":".","_npmVersion":"3.3.6","_nodeVersion":"5.0.0","_npmUser":{"name":"coolaj86","email":"coolaj86@gmail.com"},"dist":{"shasum":"6da5a17668c4b3dd59623bda11cf7fa4c1f60a6f","tarball":"https://registry.npmjs.org/node-uuid/-/node-uuid-1.4.7.tgz"},"deprecated":"Use uuid module instead"},"1.4.8":{"author":{"name":"Robert Kieffer","email":"robert@broofa.com"},"bin":{"uuid":"./bin/uuid"},"bugs":{"url":"https://github.com/broofa/node-uuid/issues"},"contributors":[{"name":"AJ ONeal","email":"coolaj86@gmail.com"},{"name":"Christoph Tavan","email":"dev@tavan.de"}],"dependencies":{},"description":"Rigorous implementation of RFC4122 (v1 and v4) UUIDs.","devDependencies":{"nyc":"^2.2.0"},"directories":{},"homepage":"https://github.com/broofa/node-uuid","installable":true,"keywords":["guid","rfc4122","uuid"],"lib":".","licenses":[{"type":"MIT","url":"https://raw.github.com/broofa/node-uuid/master/LICENSE.md"}],"main":"./uuid.js","maintainers":[{"name":"broofa","email":"robert@broofa.com"},{"name":"defunctzombie","email":"shtylman@gmail.com"}],"name":"node-uuid","optionalDependencies":{},"repository":{"type":"git","url":"git+https://github.com/broofa/node-uuid.git"},"scripts":{"coverage":"nyc npm test && nyc report","test":"node test/test.js"},"url":"http://github.com/broofa/node-uuid","version":"1.4.8","gitHead":"6f0f31b997cd6bec7919223e8897454350ed820f","_id":"node-uuid@1.4.8","_shasum":"b040eb0923968afabf8d32fb1f17f1167fdab907","_from":".","_npmVersion":"4.3.0","_nodeVersion":"6.9.2","_npmUser":{"name":"broofa","email":"robert@broofa.com"},"dist":{"shasum":"b040eb0923968afabf8d32fb1f17f1167fdab907","tarball":"https://registry.npmjs.org/node-uuid/-/node-uuid-1.4.8.tgz"},"_npmOperationalInternal":{"host":"packages-12-west.internal.npmjs.com","tmp":"tmp/node-uuid-1.4.8.tgz_1490142638297_0.6400028455536813"},"deprecated":"Use uuid module instead"}},"readme":"# node-uuid\n\nDEPRECATED: Use the `uuid` package instead.  See\n\n* On NPM: https://www.npmjs.com/package/uuid\n* On Github: https://github.com/kelektiv/node-uuid\n\n(Yes, the github project is still called \"node-uuid\". We merged the two projects. Sorry for the confusion.)\n","maintainers":[{"name":"broofa","email":"robert@broofa.com"},{"name":"defunctzombie","email":"shtylman@gmail.com"}],"time":{"modified":"2018-03-07T02:19:35.847Z","created":"2012-02-06T13:13:29.968Z","1.3.3":"2012-02-06T19:00:02.414Z","1.2.0":"2012-02-06T18:37:58.432Z","1.3.0":"2012-02-06T18:43:49.454Z","1.3.1":"2012-02-06T18:46:09.071Z","1.3.2":"2012-02-06T18:49:48.386Z","1.1.0":"2012-02-06T18:54:52.771Z","1.0.0":"2012-02-06T18:56:53.955Z","1.4.0":"2012-10-18T13:51:34.289Z","1.4.1":"2013-08-17T12:51:06.146Z","1.4.2":"2014-12-03T23:17:39.913Z","1.4.3":"2015-03-05T19:31:39.445Z","1.4.4":"2015-11-12T01:29:51.514Z","1.4.6":"2015-11-12T22:03:38.350Z","1.4.7":"2015-11-13T20:31:28.475Z","1.4.8":"2017-03-22T00:30:38.543Z"},"author":{"name":"Robert Kieffer","email":"robert@broofa.com"},"repository":{"type":"git","url":"git+https://github.com/broofa/node-uuid.git"},"users":{"fgribreau":true,"chilts":true,"hij1nx":true,"bryanburgers":true,"booyaa":true,"dannydulai":true,"tigefa":true,"spekkionu":true,"pragmadash":true,"oliversalzburg":true,"davidrlee":true,"hortinstein":true,"jorgemsrs":true,"apache2046":true,"jokeyrhyme":true,"infrasp":true,"anticom":true,"gabeio":true,"serdar2nc":true,"toogle":true,"brentonhouse":true,"shen-weizhong":true,"v6":true,"tchey":true,"josephdavisco":true,"shobhitsinghal624":true,"japh":true,"sitnin":true,"boustanihani":true,"alnafie":true,"morrelinko":true,"carlton":true,"inderdeep":true,"noopkat":true,"arthas":true,"drittich":true,"genediazjr":true,"abeldu":true,"mesin":true,"mjzac":true,"pingjiang":true,"codeq":true,"stoneren":true,"pensierinmusica":true,"ivangaravito":true,"shahzaib":true,"gazilla":true,"alxe.master":true,"thomask33":true,"kabomi":true,"gdbtek":true,"kikar":true,"kenlimmj":true,"itonyyo":true,"zerodi":true,"j3kz":true,"marco.jahn":true,"roryrjb":true,"robermac":true,"sahilsk":true,"igorkirey":true,"vboctor":true,"jamescostian":true,"skarface":true,"mp2526":true,"markthethomas":true,"lujcon":true,"flyslow":true,"mikend":true,"tonydieu":true,"justintormey":true,"moimikey":true,"jcottam":true,"richarddavenport":true,"sanketss84":true,"program247365":true,"junjiansyu":true,"smd4":true,"etsit":true,"leodutra":true,"alekseyleshko":true,"tanmaypatel":true,"leoyzy":true,"karthickt":true,"devmoreno":true,"karlbateman":true,"mjurincic":true,"xucl":true,"decoda":true,"daniilbabanin":true,"arashmilani":true,"stephn_r":true,"paulj":true,"nanook":true,"kparkov":true,"kungkk":true,"yianl":true,"reecegoddard":true,"brad-christie":true,"crazyjingling":true,"ftornik":true,"eviratec":true,"nalindak":true,"josejaguirre":true,"antixrist":true,"bracketdash":true,"stretchgz":true,"superpaintman":true,"bojand":true,"hust007":true,"starfox64":true,"rbartoli":true,"tstringer":true,"pstoev":true,"seanr":true,"sirrah":true,"algonzo":true,"andersonsantos":true,"evanyeung":true,"onufrienko":true,"crusaderltd":true,"yrocq":true,"coolhanddev":true,"grantcarthew":true,"tobiasnickel":true,"dlv_201":true,"traveltechymatt":true,"ristostevcev":true,"brend":true,"nickeltobias":true,"roman-io":true,"xufz":true,"fistynuts":true,"gregl83":true,"vinchik":true,"spanser":true,"nigel0913":true,"hckhanh":true,"leonardorb":true,"tonytonyzhi":true,"rigelerique":true,"jfernandezgersol":true,"lcdss":true,"arcrammer":true,"boto":true,"johanliebert":true,"writech":true,"narklord":true,"vitorazevedo":true,"crowelch":true,"csbun":true,"abuddington":true,"pragmader":true,"mauriciolauffer":true,"itsakt":true,"muhammadghazali":true,"backnight":true,"kjarisk":true,"vutran":true,"nilz3ro":true,"gildasdubois":true,"largepuma":true,"codebyren":true,"bogdanvlviv":true,"sopov":true,"ramzesucr":true,"goatandsheep":true,"scottfreecode":true,"jakedetels":true,"ahmed-dinar":true,"tmurngon":true,"figroc":true,"ab.moon":true,"yangtze":true,"mojaray2k":true,"sundaycrafts":true,"davequick":true,"egantz":true,"alexdudar":true,"rylan_yan":true,"wenhsiaoyi":true,"markpitman":true,"edwingeng":true,"ensarakin":true,"dmitryscaletta":true,"seangenabe":true,"razr9":true,"cblumer":true,"cr8tiv":true,"isenricho":true,"satoru":true,"nickeljew":true,"quafoo":true,"zeus_lv":true,"akshay.vs9543":true,"guioconnor":true,"lionel86":true},"homepage":"https://github.com/broofa/node-uuid","keywords":["guid","rfc4122","uuid"],"contributors":[{"name":"AJ ONeal","email":"coolaj86@gmail.com"},{"name":"Christoph Tavan","email":"dev@tavan.de"}],"bugs":{"url":"https://github.com/broofa/node-uuid/issues"},"readmeFilename":"README.md","_attachments":{},"_etag":"W/\"def9dab157146184d251cc671b61bd0c\"","_lastModified":"Sun, 27 May 2018 10:19:34 GMT"}