{"_id":"util-deprecate","_rev":"8-c3cf08cc4c04709be67fe66c8617d0a9","name":"util-deprecate","description":"The Node.js `util.deprecate()` function with browser support","dist-tags":{"latest":"1.0.2"},"versions":{"1.0.0":{"name":"util-deprecate","version":"1.0.0","description":"The Node.js `util.deprecate()` function with browser support","main":"node.js","browser":"browser.js","scripts":{"test":"echo \"Error: no test specified\" && exit 1"},"repository":{"type":"git","url":"git://github.com/TooTallNate/util-deprecate.git"},"keywords":["util","deprecate","browserify","browser","node"],"author":{"name":"Nathan Rajlich","email":"nathan@tootallnate.net","url":"http://n8.io/"},"license":"MIT","bugs":{"url":"https://github.com/TooTallNate/util-deprecate/issues"},"homepage":"https://github.com/TooTallNate/util-deprecate","_id":"util-deprecate@1.0.0","dist":{"shasum":"3007af012c140eae26de05576ec22785cac3abf2","tarball":"https://registry.npmjs.org/util-deprecate/-/util-deprecate-1.0.0.tgz"},"_from":".","_npmVersion":"1.4.3","_npmUser":{"name":"tootallnate","email":"nathan@tootallnate.net"},"maintainers":[{"name":"tootallnate","email":"nathan@tootallnate.net"}],"directories":{}},"1.0.1":{"name":"util-deprecate","version":"1.0.1","description":"The Node.js `util.deprecate()` function with browser support","main":"node.js","browser":"browser.js","scripts":{"test":"echo \"Error: no test specified\" && exit 1"},"repository":{"type":"git","url":"git://github.com/TooTallNate/util-deprecate.git"},"keywords":["util","deprecate","browserify","browser","node"],"author":{"name":"Nathan Rajlich","email":"nathan@tootallnate.net","url":"http://n8.io/"},"license":"MIT","bugs":{"url":"https://github.com/TooTallNate/util-deprecate/issues"},"homepage":"https://github.com/TooTallNate/util-deprecate","gitHead":"6e923f7d98a0afbe5b9c7db9d0f0029c1936746c","_id":"util-deprecate@1.0.1","_shasum":"3556a3d13c4c6aa7983d7e2425478197199b7881","_from":".","_npmVersion":"1.4.28","_npmUser":{"name":"tootallnate","email":"nathan@tootallnate.net"},"maintainers":[{"name":"tootallnate","email":"nathan@tootallnate.net"}],"dist":{"shasum":"3556a3d13c4c6aa7983d7e2425478197199b7881","tarball":"https://registry.npmjs.org/util-deprecate/-/util-deprecate-1.0.1.tgz"},"directories":{}},"1.0.2":{"name":"util-deprecate","version":"1.0.2","description":"The Node.js `util.deprecate()` function with browser support","main":"node.js","browser":"browser.js","scripts":{"test":"echo \"Error: no test specified\" && exit 1"},"repository":{"type":"git","url":"git://github.com/TooTallNate/util-deprecate.git"},"keywords":["util","deprecate","browserify","browser","node"],"author":{"name":"Nathan Rajlich","email":"nathan@tootallnate.net","url":"http://n8.io/"},"license":"MIT","bugs":{"url":"https://github.com/TooTallNate/util-deprecate/issues"},"homepage":"https://github.com/TooTallNate/util-deprecate","gitHead":"475fb6857cd23fafff20c1be846c1350abf8e6d4","_id":"util-deprecate@1.0.2","_shasum":"450d4dc9fa70de732762fbd2d4a28981419a0ccf","_from":".","_npmVersion":"2.14.4","_nodeVersion":"4.1.2","_npmUser":{"name":"tootallnate","email":"nathan@tootallnate.net"},"maintainers":[{"name":"tootallnate","email":"nathan@tootallnate.net"}],"dist":{"shasum":"450d4dc9fa70de732762fbd2d4a28981419a0ccf","tarball":"https://registry.npmjs.org/util-deprecate/-/util-deprecate-1.0.2.tgz"},"directories":{}}},"readme":"util-deprecate\n==============\n### The Node.js `util.deprecate()` function with browser support\n\nIn Node.js, this module simply re-exports the `util.deprecate()` function.\n\nIn the web browser (i.e. via browserify), a browser-specific implementation\nof the `util.deprecate()` function is used.\n\n\n## API\n\nA `deprecate()` function is the only thing exposed by this module.\n\n``` javascript\n// setup:\nexports.foo = deprecate(foo, 'foo() is deprecated, use bar() instead');\n\n\n// users see:\nfoo();\n// foo() is deprecated, use bar() instead\nfoo();\nfoo();\n```\n\n\n## License\n\n(The MIT License)\n\nCopyright (c) 2014 Nathan Rajlich <nathan@tootallnate.net>\n\nPermission is hereby granted, free of charge, to any person\nobtaining a copy of this software and associated documentation\nfiles (the \"Software\"), to deal in the Software without\nrestriction, including without limitation the rights to use,\ncopy, modify, merge, publish, distribute, sublicense, and/or sell\ncopies of the Software, and to permit persons to whom the\nSoftware is furnished to do so, subject to the following\nconditions:\n\nThe above copyright notice and this permission notice shall be\nincluded in all copies or substantial portions of the Software.\n\nTHE SOFTWARE IS PROVIDED \"AS IS\", WITHOUT WARRANTY OF ANY KIND,\nEXPRESS OR IMPLIED, INCLUDING BUT NOT LIMITED TO THE WARRANTIES\nOF MERCHANTABILITY, FITNESS FOR A PARTICULAR PURPOSE AND\nNONINFRINGEMENT. IN NO EVENT SHALL THE AUTHORS OR COPYRIGHT\nHOLDERS BE LIABLE FOR ANY CLAIM, DAMAGES OR OTHER LIABILITY,\nWHETHER IN AN ACTION OF CONTRACT, TORT OR OTHERWISE, ARISING\nFROM, OUT OF OR IN CONNECTION WITH THE SOFTWARE OR THE USE OR\nOTHER DEALINGS IN THE SOFTWARE.\n","maintainers":[{"name":"tootallnate","email":"nathan@tootallnate.net"}],"time":{"modified":"2017-06-14T14:28:22.197Z","created":"2014-04-30T17:10:32.112Z","1.0.0":"2014-04-30T17:10:32.112Z","1.0.1":"2014-11-25T20:08:13.859Z","1.0.2":"2015-10-07T18:37:40.665Z"},"homepage":"https://github.com/TooTallNate/util-deprecate","keywords":["util","deprecate","browserify","browser","node"],"repository":{"type":"git","url":"git://github.com/TooTallNate/util-deprecate.git"},"author":{"name":"Nathan Rajlich","email":"nathan@tootallnate.net","url":"http://n8.io/"},"bugs":{"url":"https://github.com/TooTallNate/util-deprecate/issues"},"license":"MIT","readmeFilename":"README.md","users":{"hugojosefson":true,"mojaray2k":true,"lestad":true},"_attachments":{},"_etag":"W/\"d116b09e4cac1e1e657ea3ce533e5631\"","_lastModified":"Sun, 27 May 2018 20:38:18 GMT"}