{"_id":"chownr","_rev":"10-ee057788ff709baa30ca7c8b289c8482","name":"chownr","description":"like `chown -R`","dist-tags":{"latest":"1.0.1"},"versions":{"0.0.1":{"author":{"name":"Isaac Z. Schlueter","email":"i@izs.me","url":"http://blog.izs.me/"},"name":"chownr","description":"like `chown -R`","version":"0.0.1","repository":{"type":"git","url":"git://github.com/isaacs/chownr.git"},"main":"chownr.js","devDependencies":{"tap":"0.2","mkdirp":"0.3","rimraf":""},"scripts":{"test":"tap test/*.js"},"license":"BSD","_npmUser":{"name":"isaacs","email":"i@izs.me"},"_id":"chownr@0.0.1","dependencies":{},"optionalDependencies":{},"engines":{"node":"*"},"_engineSupported":true,"_npmVersion":"1.1.23","_nodeVersion":"v0.7.10-pre","_defaultsLoaded":true,"dist":{"shasum":"51d18189d9092d5f8afd623f3288bfd1c6bf1a62","tarball":"https://registry.npmjs.org/chownr/-/chownr-0.0.1.tgz"},"maintainers":[{"name":"isaacs","email":"i@izs.me"}],"directories":{}},"0.0.2":{"author":{"name":"Isaac Z. Schlueter","email":"i@izs.me","url":"http://blog.izs.me/"},"name":"chownr","description":"like `chown -R`","version":"0.0.2","repository":{"type":"git","url":"git://github.com/isaacs/chownr.git"},"main":"chownr.js","devDependencies":{"tap":"0.2","mkdirp":"0.3","rimraf":""},"scripts":{"test":"tap test/*.js"},"license":"ISC","gitHead":"3cafeb70b2c343e893f710750406b3909ec537cb","bugs":{"url":"https://github.com/isaacs/chownr/issues"},"homepage":"https://github.com/isaacs/chownr#readme","_id":"chownr@0.0.2","_shasum":"2f9aebf746f90808ce00607b72ba73b41604c485","_from":".","_npmVersion":"2.10.0","_nodeVersion":"2.0.1","_npmUser":{"name":"isaacs","email":"isaacs@npmjs.com"},"dist":{"shasum":"2f9aebf746f90808ce00607b72ba73b41604c485","tarball":"https://registry.npmjs.org/chownr/-/chownr-0.0.2.tgz"},"maintainers":[{"name":"isaacs","email":"i@izs.me"}],"directories":{}},"1.0.0":{"author":{"name":"Isaac Z. Schlueter","email":"i@izs.me","url":"http://blog.izs.me/"},"name":"chownr","description":"like `chown -R`","version":"1.0.0","repository":{"type":"git","url":"git://github.com/isaacs/chownr.git"},"main":"chownr.js","devDependencies":{"mkdirp":"0.3","rimraf":"","tap":"^1.2.0"},"scripts":{"test":"tap test/*.js"},"license":"ISC","gitHead":"4f72743895927db8108dbf3d5462c667db22ebce","bugs":{"url":"https://github.com/isaacs/chownr/issues"},"homepage":"https://github.com/isaacs/chownr#readme","_id":"chownr@1.0.0","_shasum":"02855833d20515cf2681c717d686bb8c1f3ea91a","_from":".","_npmVersion":"3.2.2","_nodeVersion":"2.2.1","_npmUser":{"name":"isaacs","email":"isaacs@npmjs.com"},"dist":{"shasum":"02855833d20515cf2681c717d686bb8c1f3ea91a","tarball":"https://registry.npmjs.org/chownr/-/chownr-1.0.0.tgz"},"maintainers":[{"name":"isaacs","email":"i@izs.me"}],"directories":{}},"1.0.1":{"author":{"name":"Isaac Z. Schlueter","email":"i@izs.me","url":"http://blog.izs.me/"},"name":"chownr","description":"like `chown -R`","version":"1.0.1","repository":{"type":"git","url":"git://github.com/isaacs/chownr.git"},"main":"chownr.js","files":["chownr.js"],"devDependencies":{"mkdirp":"0.3","rimraf":"","tap":"^1.2.0"},"scripts":{"test":"tap test/*.js"},"license":"ISC","gitHead":"c6c43844e80d7c7045e737a72b9fbb1ba0579a26","bugs":{"url":"https://github.com/isaacs/chownr/issues"},"homepage":"https://github.com/isaacs/chownr#readme","_id":"chownr@1.0.1","_shasum":"e2a75042a9551908bebd25b8523d5f9769d79181","_from":".","_npmVersion":"3.2.2","_nodeVersion":"2.2.1","_npmUser":{"name":"isaacs","email":"isaacs@npmjs.com"},"dist":{"shasum":"e2a75042a9551908bebd25b8523d5f9769d79181","tarball":"https://registry.npmjs.org/chownr/-/chownr-1.0.1.tgz"},"maintainers":[{"name":"isaacs","email":"i@izs.me"}],"directories":{}}},"readme":"Like `chown -R`.\n\nTakes the same arguments as `fs.chown()`\n","maintainers":[{"name":"isaacs","email":"i@izs.me"}],"time":{"modified":"2015-08-09T22:24:36.640Z","created":"2012-06-04T04:01:25.807Z","0.0.1":"2012-06-04T04:01:28.039Z","0.0.2":"2015-05-20T07:04:02.130Z","1.0.0":"2015-08-09T22:22:45.361Z","1.0.1":"2015-08-09T22:24:36.640Z"},"author":{"name":"Isaac Z. Schlueter","email":"i@izs.me","url":"http://blog.izs.me/"},"repository":{"type":"git","url":"git://github.com/isaacs/chownr.git"},"users":{"jswartwood":true,"brandonpapworth":true},"homepage":"https://github.com/isaacs/chownr#readme","bugs":{"url":"https://github.com/isaacs/chownr/issues"},"license":"ISC","readmeFilename":"README.md","_attachments":{},"_etag":"W/\"6cd8791115aaaffbabc209c8e932e97a\"","_lastModified":"Sat, 26 May 2018 19:48:22 GMT"}