{"_id":"is-builtin-module","_rev":"4-2bf5ac2c868640a66f9f61566cb48ef9","name":"is-builtin-module","description":"Check if a string matches the name of a Node.js builtin module","dist-tags":{"latest":"2.0.0"},"versions":{"1.0.0":{"name":"is-builtin-module","version":"1.0.0","description":"Check if a string matches the name of a Node.js builtin module","license":"MIT","repository":{"type":"git","url":"https://github.com/sindresorhus/is-builtin-module"},"author":{"name":"Sindre Sorhus","email":"sindresorhus@gmail.com","url":"sindresorhus.com"},"engines":{"node":">=0.10.0"},"scripts":{"test":"node test.js"},"files":["index.js"],"keywords":["builtin","built-in","builtins","node","modules","core","bundled","list","array","names","is","detect","check","match"],"dependencies":{"builtin-modules":"^1.0.0"},"devDependencies":{"ava":"0.0.4"},"gitHead":"da55ebf031f3864c5d309e25e49ed816957d70a2","bugs":{"url":"https://github.com/sindresorhus/is-builtin-module/issues"},"homepage":"https://github.com/sindresorhus/is-builtin-module","_id":"is-builtin-module@1.0.0","_shasum":"540572d34f7ac3119f8f76c30cbc1b1e037affbe","_from":".","_npmVersion":"2.7.4","_nodeVersion":"0.12.2","_npmUser":{"name":"sindresorhus","email":"sindresorhus@gmail.com"},"dist":{"shasum":"540572d34f7ac3119f8f76c30cbc1b1e037affbe","tarball":"https://registry.npmjs.org/is-builtin-module/-/is-builtin-module-1.0.0.tgz"},"maintainers":[{"name":"sindresorhus","email":"sindresorhus@gmail.com"}],"directories":{}},"2.0.0":{"name":"is-builtin-module","version":"2.0.0","description":"Check if a string matches the name of a Node.js builtin module","license":"MIT","repository":{"type":"git","url":"git+https://github.com/sindresorhus/is-builtin-module.git"},"author":{"name":"Sindre Sorhus","email":"sindresorhus@gmail.com","url":"sindresorhus.com"},"engines":{"node":">=4"},"scripts":{"test":"xo && ava"},"files":["index.js"],"keywords":["builtin","built-in","builtins","node","modules","core","bundled","list","array","names","is","detect","check","match"],"dependencies":{"builtin-modules":"^2.0.0"},"devDependencies":{"ava":"*","xo":"*"},"gitHead":"5a7c0244ad5a88c57a2a53b255c433cf6a827ea3","bugs":{"url":"https://github.com/sindresorhus/is-builtin-module/issues"},"homepage":"https://github.com/sindresorhus/is-builtin-module#readme","_id":"is-builtin-module@2.0.0","_npmVersion":"5.5.1","_nodeVersion":"9.2.0","_npmUser":{"name":"sindresorhus","email":"sindresorhus@gmail.com"},"dist":{"integrity":"sha512-G2jLHphOywpgrL/AaJKWDXpdpGR9X4V1PCkB+EwG5Z28z8EukgdWnAUFAS2wdBtIpwHhHBIiq0NBOWEbSXN0Rg==","shasum":"431104b3b4ba838ec7a17d82bb3bccd2233e8cd9","tarball":"https://registry.npmjs.org/is-builtin-module/-/is-builtin-module-2.0.0.tgz"},"maintainers":[{"name":"sindresorhus","email":"sindresorhus@gmail.com"}],"_npmOperationalInternal":{"host":"s3://npm-registry-packages","tmp":"tmp/is-builtin-module-2.0.0.tgz_1510719856227_0.13728722045198083"},"directories":{}}},"readme":"# is-builtin-module [![Build Status](https://travis-ci.org/sindresorhus/is-builtin-module.svg?branch=master)](https://travis-ci.org/sindresorhus/is-builtin-module)\n\n> Check if a string matches the name of a Node.js builtin module\n\n\n## Install\n\n```\n$ npm install is-builtin-module\n```\n\n\n## Usage\n\n```js\nconst isBuiltinModule = require('is-builtin-module');\n\nisBuiltinModule('fs');\n//=> true\n\nisBuiltinModule('unicorn');\n//=> false\n```\n\n\n## Related\n\n- [builtin-modules](https://github.com/sindresorhus/builtin-modules) - List of the Node.js builtin modules\n\n\n## License\n\nMIT © [Sindre Sorhus](https://sindresorhus.com)\n","maintainers":[{"name":"sindresorhus","email":"sindresorhus@gmail.com"}],"time":{"modified":"2017-11-15T04:24:16.303Z","created":"2015-05-04T16:00:13.605Z","1.0.0":"2015-05-04T16:00:13.605Z","2.0.0":"2017-11-15T04:24:16.303Z"},"homepage":"https://github.com/sindresorhus/is-builtin-module#readme","keywords":["builtin","built-in","builtins","node","modules","core","bundled","list","array","names","is","detect","check","match"],"repository":{"type":"git","url":"git+https://github.com/sindresorhus/is-builtin-module.git"},"author":{"name":"Sindre Sorhus","email":"sindresorhus@gmail.com","url":"sindresorhus.com"},"bugs":{"url":"https://github.com/sindresorhus/is-builtin-module/issues"},"license":"MIT","readmeFilename":"readme.md","users":{"piecioshka":true,"rocket0191":true},"_attachments":{},"_etag":"W/\"a06224c52ff138a28d5b07f210768347\"","_lastModified":"Sun, 27 May 2018 04:58:41 GMT","_cached":true}