{"_id":"npm-cache-filename","_rev":"9-e705a0324e0742a251f650354a5e1a69","name":"npm-cache-filename","description":"Given a cache folder and url, return the appropriate cache folder.","dist-tags":{"latest":"1.0.2"},"versions":{"1.0.0":{"name":"npm-cache-filename","version":"1.0.0","description":"Given a cache folder and url, return the appropriate cache folder.","main":"index.js","dependencies":{},"devDependencies":{"tap":"^0.4.10"},"scripts":{"test":"tap test.js"},"repository":{"type":"git","url":"git://github.com/npm/npm-cache-filename"},"author":{"name":"Isaac Z. Schlueter","email":"i@izs.me","url":"http://blog.izs.me/"},"license":"ISC","bugs":{"url":"https://github.com/npm/npm-cache-filename/issues"},"homepage":"https://github.com/npm/npm-cache-filename","_id":"npm-cache-filename@1.0.0","_shasum":"3eff71737d4308ef1cf876ceaafc51fa1e65485b","_from":".","_npmVersion":"1.4.10","_npmUser":{"name":"isaacs","email":"i@izs.me"},"maintainers":[{"name":"isaacs","email":"i@izs.me"}],"dist":{"shasum":"3eff71737d4308ef1cf876ceaafc51fa1e65485b","tarball":"https://registry.npmjs.org/npm-cache-filename/-/npm-cache-filename-1.0.0.tgz"},"directories":{}},"1.0.1":{"name":"npm-cache-filename","version":"1.0.1","description":"Given a cache folder and url, return the appropriate cache folder.","main":"index.js","dependencies":{},"devDependencies":{"tap":"^0.4.10"},"scripts":{"test":"tap test.js"},"repository":{"type":"git","url":"git://github.com/npm/npm-cache-filename"},"author":{"name":"Isaac Z. Schlueter","email":"i@izs.me","url":"http://blog.izs.me/"},"license":"ISC","bugs":{"url":"https://github.com/npm/npm-cache-filename/issues"},"homepage":"https://github.com/npm/npm-cache-filename","_id":"npm-cache-filename@1.0.1","_shasum":"9b640f0c1a5ba1145659685372a9ff71f70c4323","_from":".","_npmVersion":"1.4.10","_npmUser":{"name":"isaacs","email":"i@izs.me"},"maintainers":[{"name":"isaacs","email":"i@izs.me"}],"dist":{"shasum":"9b640f0c1a5ba1145659685372a9ff71f70c4323","tarball":"https://registry.npmjs.org/npm-cache-filename/-/npm-cache-filename-1.0.1.tgz"},"directories":{}},"1.0.2":{"name":"npm-cache-filename","version":"1.0.2","description":"Given a cache folder and url, return the appropriate cache folder.","main":"index.js","dependencies":{},"devDependencies":{"tap":"^1.2.0"},"scripts":{"test":"tap test.js"},"repository":{"type":"git","url":"git://github.com/npm/npm-cache-filename.git"},"author":{"name":"Isaac Z. Schlueter","email":"i@izs.me","url":"http://blog.izs.me/"},"license":"ISC","bugs":{"url":"https://github.com/npm/npm-cache-filename/issues"},"homepage":"https://github.com/npm/npm-cache-filename","gitHead":"b7eef12919fdf544a3b83bba73093f7268c40c1e","_id":"npm-cache-filename@1.0.2","_shasum":"ded306c5b0bfc870a9e9faf823bc5f283e05ae11","_from":".","_npmVersion":"2.12.1","_nodeVersion":"2.2.2","_npmUser":{"name":"zkat","email":"kat@sykosomatic.org"},"dist":{"shasum":"ded306c5b0bfc870a9e9faf823bc5f283e05ae11","tarball":"https://registry.npmjs.org/npm-cache-filename/-/npm-cache-filename-1.0.2.tgz"},"maintainers":[{"name":"isaacs","email":"isaacs@npmjs.com"},{"name":"kat","email":"kat@lua.cz"},{"name":"zkat","email":"kat@sykosomatic.org"}],"directories":{}}},"readme":"# npm-cache-filename\n\nGiven a cache folder and url, return the appropriate cache folder.\n\n## USAGE\n\n```javascript\nvar cf = require('npm-cache-filename');\nconsole.log(cf('/tmp/cache', 'https://registry.npmjs.org:1234/foo/bar'));\n// outputs: /tmp/cache/registry.npmjs.org_1234/foo/bar\n```\n\nAs a bonus, you can also bind it to a specific root path:\n\n```javascript\nvar cf = require('npm-cache-filename');\nvar getFile = cf('/tmp/cache');\n\nconsole.log(getFile('https://registry.npmjs.org:1234/foo/bar'));\n// outputs: /tmp/cache/registry.npmjs.org_1234/foo/bar\n```\n","maintainers":[{"email":"kat@sykosomatic.org","name":"zkat"},{"email":"i@izs.me","name":"isaacs"}],"time":{"modified":"2017-06-16T21:00:35.730Z","created":"2014-05-14T01:14:42.525Z","1.0.0":"2014-05-14T01:14:42.525Z","1.0.1":"2014-05-14T05:56:55.384Z","1.0.2":"2015-06-29T21:21:18.877Z"},"homepage":"https://github.com/npm/npm-cache-filename","repository":{"type":"git","url":"git://github.com/npm/npm-cache-filename.git"},"author":{"name":"Isaac Z. Schlueter","email":"i@izs.me","url":"http://blog.izs.me/"},"bugs":{"url":"https://github.com/npm/npm-cache-filename/issues"},"license":"ISC","readmeFilename":"README.md","_attachments":{},"_etag":"W/\"ca7bfe2447bf29b03d330af74c70e801\"","_lastModified":"Sun, 27 May 2018 10:37:29 GMT"}