{"_id":"lodash._bindcallback","_rev":"10-2e15546b8351a77333fd9a43b28801fd","name":"lodash._bindcallback","description":"The modern build of lodash’s internal `bindCallback` as a module.","dist-tags":{"latest":"3.0.1"},"versions":{"3.0.0":{"name":"lodash._bindcallback","version":"3.0.0","description":"The modern build of lodash’s internal `bindCallback` as a module.","homepage":"https://lodash.com/","icon":"https://lodash.com/icon.svg","license":"MIT","author":{"name":"John-David Dalton","email":"john.david.dalton@gmail.com","url":"http://allyoucanleet.com/"},"contributors":[{"name":"John-David Dalton","email":"john.david.dalton@gmail.com","url":"http://allyoucanleet.com/"},{"name":"Benjamin Tan","email":"demoneaux@gmail.com","url":"https://d10.github.io/"},{"name":"Blaine Bublitz","email":"blaine@iceddev.com","url":"http://www.iceddev.com/"},{"name":"Kit Cambridge","email":"github@kitcambridge.be","url":"http://kitcambridge.be/"},{"name":"Mathias Bynens","email":"mathias@qiwi.be","url":"https://mathiasbynens.be/"}],"repository":{"type":"git","url":"https://github.com/lodash/lodash"},"scripts":{"test":"echo \"See https://travis-ci.org/lodash/lodash-cli for testing details.\""},"bugs":{"url":"https://github.com/lodash/lodash/issues"},"_id":"lodash._bindcallback@3.0.0","_shasum":"1587dfa157634c13f8ae2a60c1bd5517c1800937","_from":".","_npmVersion":"2.3.0","_nodeVersion":"0.10.35","_npmUser":{"name":"jdalton","email":"john.david.dalton@gmail.com"},"maintainers":[{"name":"jdalton","email":"john.david.dalton@gmail.com"}],"dist":{"shasum":"1587dfa157634c13f8ae2a60c1bd5517c1800937","tarball":"https://registry.npmjs.org/lodash._bindcallback/-/lodash._bindcallback-3.0.0.tgz"},"directories":{}},"3.0.1":{"name":"lodash._bindcallback","version":"3.0.1","description":"The modern build of lodash’s internal `bindCallback` as a module.","homepage":"https://lodash.com/","icon":"https://lodash.com/icon.svg","license":"MIT","author":{"name":"John-David Dalton","email":"john.david.dalton@gmail.com","url":"http://allyoucanleet.com/"},"contributors":[{"name":"John-David Dalton","email":"john.david.dalton@gmail.com","url":"http://allyoucanleet.com/"},{"name":"Benjamin Tan","email":"demoneaux@gmail.com","url":"https://d10.github.io/"},{"name":"Blaine Bublitz","email":"blaine@iceddev.com","url":"http://www.iceddev.com/"},{"name":"Kit Cambridge","email":"github@kitcambridge.be","url":"http://kitcambridge.be/"},{"name":"Mathias Bynens","email":"mathias@qiwi.be","url":"https://mathiasbynens.be/"}],"repository":{"type":"git","url":"https://github.com/lodash/lodash"},"scripts":{"test":"echo \"See https://travis-ci.org/lodash/lodash-cli for testing details.\""},"bugs":{"url":"https://github.com/lodash/lodash/issues"},"_id":"lodash._bindcallback@3.0.1","_shasum":"e531c27644cf8b57a99e17ed95b35c748789392e","_from":".","_npmVersion":"2.7.6","_nodeVersion":"0.12.2","_npmUser":{"name":"jdalton","email":"john.david.dalton@gmail.com"},"maintainers":[{"name":"jdalton","email":"john.david.dalton@gmail.com"},{"name":"d10","email":"demoneaux@gmail.com"},{"name":"kitcambridge","email":"github@kitcambridge.be"},{"name":"mathias","email":"mathias@qiwi.be"},{"name":"phated","email":"blaine@iceddev.com"}],"dist":{"shasum":"e531c27644cf8b57a99e17ed95b35c748789392e","tarball":"https://registry.npmjs.org/lodash._bindcallback/-/lodash._bindcallback-3.0.1.tgz"},"directories":{}}},"readme":"# lodash._bindcallback v3.0.1\n\nThe [modern build](https://github.com/lodash/lodash/wiki/Build-Differences) of [lodash’s](https://lodash.com/) internal `bindCallback` exported as a [Node.js](http://nodejs.org/)/[io.js](https://iojs.org/) module.\n\n## Installation\n\nUsing npm:\n\n```bash\n$ {sudo -H} npm i -g npm\n$ npm i --save lodash._bindcallback\n```\n\nIn Node.js/io.js:\n\n```js\nvar bindCallback = require('lodash._bindcallback');\n```\n\nSee the [package source](https://github.com/lodash/lodash/blob/3.0.1-npm-packages/lodash._bindcallback) for more details.\n","maintainers":[{"name":"jdalton","email":"john.david.dalton@gmail.com"},{"name":"mathias","email":"mathias@qiwi.be"}],"time":{"modified":"2016-10-06T16:55:15.351Z","created":"2015-01-26T15:28:10.771Z","3.0.0":"2015-01-26T15:28:10.771Z","3.0.1":"2015-04-16T16:27:39.919Z"},"homepage":"https://lodash.com/","repository":{"type":"git","url":"https://github.com/lodash/lodash"},"contributors":[{"name":"John-David Dalton","email":"john.david.dalton@gmail.com","url":"http://allyoucanleet.com/"},{"name":"Benjamin Tan","email":"demoneaux@gmail.com","url":"https://d10.github.io/"},{"name":"Blaine Bublitz","email":"blaine@iceddev.com","url":"http://www.iceddev.com/"},{"name":"Kit Cambridge","email":"github@kitcambridge.be","url":"http://kitcambridge.be/"},{"name":"Mathias Bynens","email":"mathias@qiwi.be","url":"https://mathiasbynens.be/"}],"author":{"name":"John-David Dalton","email":"john.david.dalton@gmail.com","url":"http://allyoucanleet.com/"},"bugs":{"url":"https://github.com/lodash/lodash/issues"},"license":"MIT","readmeFilename":"README.md","_attachments":{},"_etag":"W/\"0bbabfdfbc207d2ff8ddee088e052c93\"","_lastModified":"Sun, 27 May 2018 06:58:07 GMT"}