{"_id":"sha","_rev":"33-46ff3640be6929b0bc790a464369aa4a","name":"sha","description":"Check and get file hashes","dist-tags":{"latest":"2.0.1"},"versions":{"1.0.0":{"name":"sha","version":"1.0.0","description":"Check and get file hashes","scripts":{"test":"mocha -R list"},"repository":{"type":"git","url":"https://github.com/ForbesLindesay/sha.git"},"license":"BSD","optionalDependencies":{"graceful-fs":"1.2"},"devDependencies":{"mocha":"~1.9.0"},"_id":"sha@1.0.0","dependencies":{"graceful-fs":"1.2"},"dist":{"shasum":"411b76feb700cf2eed638be5ad76cc79eefc2060","tarball":"https://registry.npmjs.org/sha/-/sha-1.0.0.tgz"},"_from":".","_npmVersion":"1.2.10","_npmUser":{"name":"forbeslindesay","email":"forbes@lindesay.co.uk"},"maintainers":[{"name":"forbeslindesay","email":"forbes@lindesay.co.uk"}],"directories":{}},"1.0.1":{"name":"sha","version":"1.0.1","description":"Check and get file hashes","scripts":{"test":"mocha -R list"},"repository":{"type":"git","url":"https://github.com/ForbesLindesay/sha.git"},"license":"BSD","optionalDependencies":{"graceful-fs":"1.2"},"devDependencies":{"mocha":"~1.9.0"},"_id":"sha@1.0.1","dependencies":{"graceful-fs":"1.2"},"dist":{"shasum":"9b87a92113103e7406f7e7ef00006f3fa1975122","tarball":"https://registry.npmjs.org/sha/-/sha-1.0.1.tgz"},"_from":".","_npmVersion":"1.2.10","_npmUser":{"name":"forbeslindesay","email":"forbes@lindesay.co.uk"},"maintainers":[{"name":"forbeslindesay","email":"forbes@lindesay.co.uk"}],"directories":{}},"1.1.0":{"name":"sha","version":"1.1.0","description":"Check and get file hashes","scripts":{"test":"mocha -R list"},"repository":{"type":"git","url":"https://github.com/ForbesLindesay/sha.git"},"license":"BSD","optionalDependencies":{"graceful-fs":"1.2","readable-stream":"1.0"},"devDependencies":{"mocha":"~1.9.0"},"_id":"sha@1.1.0","dependencies":{"graceful-fs":"1.2","readable-stream":"1.0"},"dist":{"shasum":"41bccc1cea2c39483afc74153cdf50826a648f32","tarball":"https://registry.npmjs.org/sha/-/sha-1.1.0.tgz"},"_from":".","_npmVersion":"1.2.10","_npmUser":{"name":"forbeslindesay","email":"forbes@lindesay.co.uk"},"maintainers":[{"name":"forbeslindesay","email":"forbes@lindesay.co.uk"}],"directories":{}},"1.2.0":{"name":"sha","version":"1.2.0","description":"Check and get file hashes","scripts":{"test":"mocha -R spec"},"repository":{"type":"git","url":"https://github.com/ForbesLindesay/sha.git"},"license":"BSD","optionalDependencies":{"graceful-fs":"1.2","readable-stream":"1.0"},"devDependencies":{"mocha":"~1.9.0"},"_id":"sha@1.2.0","dependencies":{"graceful-fs":"1.2","readable-stream":"1.0"},"dist":{"shasum":"e8ec0307a8e5a57bbad0bd6e6c31ac94abf69603","tarball":"https://registry.npmjs.org/sha/-/sha-1.2.0.tgz"},"_from":".","_npmVersion":"1.2.10","_npmUser":{"name":"forbeslindesay","email":"forbes@lindesay.co.uk"},"maintainers":[{"name":"forbeslindesay","email":"forbes@lindesay.co.uk"}],"directories":{}},"1.2.1":{"name":"sha","version":"1.2.1","description":"Check and get file hashes","scripts":{"test":"mocha -R spec"},"repository":{"type":"git","url":"https://github.com/ForbesLindesay/sha.git"},"license":"BSD","optionalDependencies":{"graceful-fs":"2","readable-stream":"1.0"},"devDependencies":{"mocha":"~1.9.0"},"bugs":{"url":"https://github.com/ForbesLindesay/sha/issues"},"dependencies":{"graceful-fs":"2","readable-stream":"1.0"},"_id":"sha@1.2.1","dist":{"shasum":"30bd5f770852fa6ac2b110ab3698fd4840f7f1cd","tarball":"https://registry.npmjs.org/sha/-/sha-1.2.1.tgz"},"_from":".","_npmVersion":"1.3.4","_npmUser":{"name":"isaacs","email":"i@izs.me"},"maintainers":[{"name":"forbeslindesay","email":"forbes@lindesay.co.uk"}],"directories":{}},"1.2.2":{"name":"sha","version":"1.2.2","description":"Check and get file hashes","scripts":{"test":"mocha -R spec"},"repository":{"type":"git","url":"https://github.com/ForbesLindesay/sha.git"},"license":"BSD","optionalDependencies":{"graceful-fs":"2","readable-stream":"1.0"},"devDependencies":{"mocha":"~1.9.0"},"bugs":{"url":"https://github.com/ForbesLindesay/sha/issues"},"dependencies":{"graceful-fs":"2","readable-stream":"1.0"},"_id":"sha@1.2.2","dist":{"shasum":"f2aa387e8182631fd5f462bd80250d37a8920e62","tarball":"https://registry.npmjs.org/sha/-/sha-1.2.2.tgz"},"_from":".","_npmVersion":"1.2.32","_npmUser":{"name":"forbeslindesay","email":"forbes@lindesay.co.uk"},"maintainers":[{"name":"forbeslindesay","email":"forbes@lindesay.co.uk"}],"directories":{}},"1.2.3":{"name":"sha","version":"1.2.3","description":"Check and get file hashes","scripts":{"test":"mocha -R spec"},"repository":{"type":"git","url":"https://github.com/ForbesLindesay/sha.git"},"license":"BSD","optionalDependencies":{"graceful-fs":"2","readable-stream":"1.0"},"devDependencies":{"mocha":"~1.9.0"},"bugs":{"url":"https://github.com/ForbesLindesay/sha/issues"},"dependencies":{"graceful-fs":"2","readable-stream":"1.0"},"_id":"sha@1.2.3","dist":{"shasum":"3a96ef3054a0fe0b87c9aa985824a6a736fc0329","tarball":"https://registry.npmjs.org/sha/-/sha-1.2.3.tgz"},"_from":".","_npmVersion":"1.2.32","_npmUser":{"name":"forbeslindesay","email":"forbes@lindesay.co.uk"},"maintainers":[{"name":"forbeslindesay","email":"forbes@lindesay.co.uk"}],"directories":{}},"1.2.4":{"name":"sha","version":"1.2.4","description":"Check and get file hashes","scripts":{"test":"mocha -R spec"},"repository":{"type":"git","url":"https://github.com/ForbesLindesay/sha.git"},"license":"BSD","optionalDependencies":{"graceful-fs":"2 || 3","readable-stream":"1.0"},"devDependencies":{"mocha":"~1.9.0"},"bugs":{"url":"https://github.com/ForbesLindesay/sha/issues"},"homepage":"https://github.com/ForbesLindesay/sha","dependencies":{"graceful-fs":"2 || 3","readable-stream":"1.0"},"_id":"sha@1.2.4","dist":{"shasum":"1f9a377f27b6fdee409b9b858e43da702be48a4d","tarball":"https://registry.npmjs.org/sha/-/sha-1.2.4.tgz"},"_from":".","_npmVersion":"1.4.3","_npmUser":{"name":"forbeslindesay","email":"forbes@lindeay.co.uk"},"maintainers":[{"name":"forbeslindesay","email":"forbes@lindesay.co.uk"}],"directories":{}},"1.3.0":{"name":"sha","version":"1.3.0","description":"Check and get file hashes","scripts":{"test":"mocha -R spec"},"repository":{"type":"git","url":"https://github.com/ForbesLindesay/sha.git"},"license":"BSD","optionalDependencies":{"graceful-fs":"2 || 3","readable-stream":"~1.1"},"devDependencies":{"mocha":"~1.9.0"},"gitHead":"f1985eefbf7538e5809a2157c728d2f740901600","bugs":{"url":"https://github.com/ForbesLindesay/sha/issues"},"homepage":"https://github.com/ForbesLindesay/sha","dependencies":{"graceful-fs":"2 || 3","readable-stream":"~1.1"},"_id":"sha@1.3.0","_shasum":"79f4787045d0ede7327d702c25c443460dbc6764","_from":".","_npmVersion":"1.5.0-alpha-4","_npmUser":{"name":"forbeslindesay","email":"forbes@lindesay.co.uk"},"maintainers":[{"name":"forbeslindesay","email":"forbes@lindesay.co.uk"}],"dist":{"shasum":"79f4787045d0ede7327d702c25c443460dbc6764","tarball":"https://registry.npmjs.org/sha/-/sha-1.3.0.tgz"},"directories":{}},"2.0.0":{"name":"sha","version":"2.0.0","description":"Check and get file hashes","scripts":{"test":"mocha -R spec"},"repository":{"type":"git","url":"https://github.com/ForbesLindesay/sha.git"},"license":"(BSD-2-Clause OR MIT)","dependencies":{"graceful-fs":"^4.1.2"},"devDependencies":{"mocha":"~1.9.0"},"gitHead":"ec239241112ded2b90d6d2438c9478fce660a2d8","bugs":{"url":"https://github.com/ForbesLindesay/sha/issues"},"homepage":"https://github.com/ForbesLindesay/sha","_id":"sha@2.0.0","_shasum":"a010d5cceca726fd7666bd20fdf2ca6439c0415f","_from":".","_npmVersion":"2.7.1","_nodeVersion":"1.6.2","_npmUser":{"name":"forbeslindesay","email":"forbes@lindesay.co.uk"},"maintainers":[{"name":"forbeslindesay","email":"forbes@lindesay.co.uk"}],"dist":{"shasum":"a010d5cceca726fd7666bd20fdf2ca6439c0415f","tarball":"https://registry.npmjs.org/sha/-/sha-2.0.0.tgz"},"directories":{}},"2.0.1":{"name":"sha","version":"2.0.1","description":"Check and get file hashes","scripts":{"test":"mocha -R spec"},"repository":{"type":"git","url":"https://github.com/ForbesLindesay/sha.git"},"license":"(BSD-2-Clause OR MIT)","dependencies":{"graceful-fs":"^4.1.2","readable-stream":"^2.0.2"},"devDependencies":{"mocha":"~1.9.0"},"gitHead":"ce7c72ba753d886fb46c396cbadcbfc8eac25b4f","bugs":{"url":"https://github.com/ForbesLindesay/sha/issues"},"homepage":"https://github.com/ForbesLindesay/sha","_id":"sha@2.0.1","_shasum":"6030822fbd2c9823949f8f72ed6411ee5cf25aae","_from":".","_npmVersion":"2.7.1","_nodeVersion":"1.6.2","_npmUser":{"name":"forbeslindesay","email":"forbes@lindesay.co.uk"},"maintainers":[{"name":"forbeslindesay","email":"forbes@lindesay.co.uk"},{"name":"kenan","email":"kenan@kenany.me"},{"name":"thefourtheye","email":"thechargingvolcano@gmail.com"}],"dist":{"shasum":"6030822fbd2c9823949f8f72ed6411ee5cf25aae","tarball":"https://registry.npmjs.org/sha/-/sha-2.0.1.tgz"},"directories":{}}},"readme":"# sha\n\nCheck and get file hashes (using any algorithm)\n\n[![Build Status](https://img.shields.io/travis/ForbesLindesay/sha/master.svg)](https://travis-ci.org/ForbesLindesay/sha)\n[![Dependency Status](https://img.shields.io/gemnasium/ForbesLindesay/sha.svg)](https://gemnasium.com/ForbesLindesay/sha)\n[![NPM version](https://img.shields.io/npm/v/sha.svg)](http://badge.fury.io/js/sha)\n\n## Installation\n\n    $ npm install sha\n\n## API\n\n### check(fileName, expected, [options,] cb) / checkSync(filename, expected, [options])\n\nAsynchronously check that `fileName` has a \"hash\" of `expected`.  The callback will be called with either `null` or an error (indicating that they did not match).\n\nOptions:\n\n- algorithm: defaults to `sha1` and can be any of the algorithms supported by `crypto.createHash`\n\n### get(fileName, [options,] cb) / getSync(filename, [options])\n\nAsynchronously get the \"hash\" of `fileName`.  The callback will be called with an optional `error` object and the (lower cased) hex digest of the hash.\n\nOptions:\n\n- algorithm: defaults to `sha1` and can be any of the algorithms supported by `crypto.createHash`\n\n### stream(expected, [options])\n\nCheck the hash of a stream without ever buffering it.  This is a pass through stream so you can do things like:\n\n```js\nfs.createReadStream('src')\n  .pipe(sha.stream('expected'))\n  .pipe(fs.createWriteStream('dest'))\n```\n\n`dest` will be a complete copy of `src` and an error will be emitted if the hash did not match `'expected'`.\n\nOptions:\n\n- algorithm: defaults to `sha1` and can be any of the algorithms supported by `crypto.createHash`\n\n## License\n\nYou may use this software under the BSD or MIT.  Take your pick.  If you want me to release it under another license, open a pull request.","maintainers":[{"name":"forbeslindesay","email":"forbes@lindesay.co.uk"},{"name":"kenan","email":"kenan@kenany.me"},{"name":"thefourtheye","email":"thechargingvolcano@gmail.com"}],"time":{"modified":"2015-09-11T16:12:05.969Z","created":"2013-04-27T11:38:36.277Z","1.0.0":"2013-04-27T11:38:38.034Z","1.0.1":"2013-04-28T04:13:25.066Z","1.1.0":"2013-06-25T01:06:43.125Z","1.2.0":"2013-07-07T00:19:55.556Z","1.2.1":"2013-07-22T19:12:28.488Z","1.2.2":"2013-08-18T11:34:46.075Z","1.2.3":"2013-08-21T12:33:37.517Z","1.2.4":"2014-06-06T09:54:06.933Z","1.3.0":"2014-09-14T15:03:48.624Z","2.0.0":"2015-09-06T17:26:16.072Z","2.0.1":"2015-09-11T16:12:05.969Z"},"repository":{"type":"git","url":"https://github.com/ForbesLindesay/sha.git"},"homepage":"https://github.com/ForbesLindesay/sha","bugs":{"url":"https://github.com/ForbesLindesay/sha/issues"},"license":"(BSD-2-Clause OR MIT)","readmeFilename":"README.md","users":{"itonyyo":true,"mattmcfarland":true},"_attachments":{},"_etag":"W/\"0c863b1e47553236312b94e9105a8f06\"","_lastModified":"Sun, 27 May 2018 17:07:18 GMT"}