{"_id":"fs-write-stream-atomic","_rev":"29-564cdc703f1d82126a0ffdadbf013a79","name":"fs-write-stream-atomic","description":"Like `fs.createWriteStream(...)`, but atomic.","dist-tags":{"latest":"1.0.10"},"versions":{"1.0.0":{"name":"fs-write-stream-atomic","version":"1.0.0","description":"Like `fs.createWriteStream(...)`, but atomic.","main":"index.js","directories":{"test":"test"},"dependencies":{"graceful-fs":"^3.0.2"},"devDependencies":{"tap":"^0.4.12"},"scripts":{"test":"tap test/*.js"},"repository":{"type":"git","url":"https://github.com/npm/fs-write-stream-atomic"},"author":{"name":"Isaac Z. Schlueter","email":"i@izs.me","url":"http://blog.izs.me/"},"license":"ISC","bugs":{"url":"https://github.com/npm/fs-write-stream-atomic/issues"},"homepage":"https://github.com/npm/fs-write-stream-atomic","gitHead":"81a7c1e0f9dbcfc6e7a2e004389f362c7997566c","_id":"fs-write-stream-atomic@1.0.0","_shasum":"df22968876ac5163dce116790792cb3592d16930","_from":".","_npmVersion":"2.0.1","_nodeVersion":"0.10.31","_npmUser":{"name":"isaacs","email":"i@izs.me"},"maintainers":[{"name":"isaacs","email":"i@izs.me"}],"dist":{"shasum":"df22968876ac5163dce116790792cb3592d16930","tarball":"https://registry.npmjs.org/fs-write-stream-atomic/-/fs-write-stream-atomic-1.0.0.tgz"}},"1.0.1":{"name":"fs-write-stream-atomic","version":"1.0.1","description":"Like `fs.createWriteStream(...)`, but atomic.","main":"index.js","directories":{"test":"test"},"dependencies":{"graceful-fs":"^3.0.2"},"devDependencies":{"tap":"^0.4.12"},"scripts":{"test":"tap test/*.js"},"repository":{"type":"git","url":"https://github.com/npm/fs-write-stream-atomic"},"author":{"name":"Isaac Z. Schlueter","email":"i@izs.me","url":"http://blog.izs.me/"},"license":"ISC","bugs":{"url":"https://github.com/npm/fs-write-stream-atomic/issues"},"homepage":"https://github.com/npm/fs-write-stream-atomic","gitHead":"7db0e8159270278b097789bcefb061b5c5fa7161","_id":"fs-write-stream-atomic@1.0.1","_shasum":"5e424a143d9d29a700bb409729d6612b678f05ac","_from":".","_npmVersion":"2.0.2","_nodeVersion":"0.10.31","_npmUser":{"name":"isaacs","email":"i@izs.me"},"maintainers":[{"name":"isaacs","email":"i@izs.me"}],"dist":{"shasum":"5e424a143d9d29a700bb409729d6612b678f05ac","tarball":"https://registry.npmjs.org/fs-write-stream-atomic/-/fs-write-stream-atomic-1.0.1.tgz"}},"1.0.2":{"name":"fs-write-stream-atomic","version":"1.0.2","description":"Like `fs.createWriteStream(...)`, but atomic.","main":"index.js","directories":{"test":"test"},"dependencies":{"graceful-fs":"^3.0.2"},"devDependencies":{"tap":"^0.4.12"},"scripts":{"test":"tap test/*.js"},"repository":{"type":"git","url":"https://github.com/npm/fs-write-stream-atomic"},"author":{"name":"Isaac Z. Schlueter","email":"i@izs.me","url":"http://blog.izs.me/"},"license":"ISC","bugs":{"url":"https://github.com/npm/fs-write-stream-atomic/issues"},"homepage":"https://github.com/npm/fs-write-stream-atomic","gitHead":"86b111ed1d5db84e8a9680986ef7917036b9c97b","_id":"fs-write-stream-atomic@1.0.2","_shasum":"fe0c6cec75256072b2fef8180d97e309fe3f5efb","_from":".","_npmVersion":"2.1.0","_nodeVersion":"0.10.31","_npmUser":{"name":"isaacs","email":"i@izs.me"},"maintainers":[{"name":"isaacs","email":"i@izs.me"}],"dist":{"shasum":"fe0c6cec75256072b2fef8180d97e309fe3f5efb","tarball":"https://registry.npmjs.org/fs-write-stream-atomic/-/fs-write-stream-atomic-1.0.2.tgz"}},"1.0.3":{"name":"fs-write-stream-atomic","version":"1.0.3","description":"Like `fs.createWriteStream(...)`, but atomic.","main":"index.js","directories":{"test":"test"},"dependencies":{"graceful-fs":"^3.0.2"},"devDependencies":{"tap":"^0.4.12"},"scripts":{"test":"tap test/*.js"},"repository":{"type":"git","url":"https://github.com/npm/fs-write-stream-atomic"},"author":{"name":"Isaac Z. Schlueter","email":"i@izs.me","url":"http://blog.izs.me/"},"license":"ISC","bugs":{"url":"https://github.com/npm/fs-write-stream-atomic/issues"},"homepage":"https://github.com/npm/fs-write-stream-atomic","gitHead":"78573c09271f3ec672740862dad80be3d75e1963","_id":"fs-write-stream-atomic@1.0.3","_shasum":"c8fe17f66d7d3f50e9aee59195c358e7710372cc","_from":".","_npmVersion":"2.7.6","_nodeVersion":"1.6.2","_npmUser":{"name":"iarna","email":"me@re-becca.org"},"dist":{"shasum":"c8fe17f66d7d3f50e9aee59195c358e7710372cc","tarball":"https://registry.npmjs.org/fs-write-stream-atomic/-/fs-write-stream-atomic-1.0.3.tgz"},"maintainers":[{"name":"isaacs","email":"i@izs.me"},{"name":"iarna","email":"me@re-becca.org"}]},"1.0.4":{"name":"fs-write-stream-atomic","version":"1.0.4","description":"Like `fs.createWriteStream(...)`, but atomic.","main":"index.js","directories":{"test":"test"},"dependencies":{"graceful-fs":"^4.1.2"},"devDependencies":{"tap":"^1.2.0"},"scripts":{"test":"tap test/*.js"},"repository":{"type":"git","url":"git+https://github.com/npm/fs-write-stream-atomic.git"},"author":{"name":"Isaac Z. Schlueter","email":"i@izs.me","url":"http://blog.izs.me/"},"license":"ISC","bugs":{"url":"https://github.com/npm/fs-write-stream-atomic/issues"},"homepage":"https://github.com/npm/fs-write-stream-atomic","gitHead":"6ca2651b913149543c5390c6c4f7d370bdca42b5","_id":"fs-write-stream-atomic@1.0.4","_shasum":"c1ea55889f036ceebdead7d1055edbad998fe5e9","_from":".","_npmVersion":"2.14.3","_nodeVersion":"2.2.2","_npmUser":{"name":"zkat","email":"kat@sykosomatic.org"},"dist":{"shasum":"c1ea55889f036ceebdead7d1055edbad998fe5e9","tarball":"https://registry.npmjs.org/fs-write-stream-atomic/-/fs-write-stream-atomic-1.0.4.tgz"},"maintainers":[{"name":"iarna","email":"me@re-becca.org"},{"name":"isaacs","email":"isaacs@npmjs.com"},{"name":"zkat","email":"kat@sykosomatic.org"}]},"1.0.5":{"name":"fs-write-stream-atomic","version":"1.0.5","description":"Like `fs.createWriteStream(...)`, but atomic.","main":"index.js","directories":{"test":"test"},"dependencies":{"graceful-fs":"^4.1.2","imurmurhash":"^0.1.4"},"devDependencies":{"standard":"^5.4.1","tap":"^2.3.1"},"scripts":{"test":"standard && tap --coverage test/*.js"},"repository":{"type":"git","url":"git+https://github.com/npm/fs-write-stream-atomic.git"},"author":{"name":"Isaac Z. Schlueter","email":"i@izs.me","url":"http://blog.izs.me/"},"license":"ISC","bugs":{"url":"https://github.com/npm/fs-write-stream-atomic/issues"},"homepage":"https://github.com/npm/fs-write-stream-atomic","gitHead":"1bc752bf0e0d5b7aaaad7be696dbc0e4ea64258c","_id":"fs-write-stream-atomic@1.0.5","_shasum":"862a4dabdffcafabfc16499458e37310c39925f6","_from":".","_npmVersion":"3.5.1","_nodeVersion":"5.1.0","_npmUser":{"name":"othiym23","email":"ogd@aoaioxxysz.net"},"dist":{"shasum":"862a4dabdffcafabfc16499458e37310c39925f6","tarball":"https://registry.npmjs.org/fs-write-stream-atomic/-/fs-write-stream-atomic-1.0.5.tgz"},"maintainers":[{"name":"iarna","email":"me@re-becca.org"},{"name":"isaacs","email":"i@izs.me"},{"name":"othiym23","email":"ogd@aoaioxxysz.net"},{"name":"zkat","email":"kat@sykosomatic.org"}]},"1.0.6":{"name":"fs-write-stream-atomic","version":"1.0.6","description":"Like `fs.createWriteStream(...)`, but atomic.","main":"index.js","directories":{"test":"test"},"dependencies":{"graceful-fs":"^4.1.2","iferr":"^0.1.5","imurmurhash":"^0.1.4","readable-stream":"1 || 2"},"devDependencies":{"rimraf":"^2.4.4","standard":"^5.4.1","tap":"^2.3.1"},"scripts":{"test":"standard && tap --coverage test/*.js"},"repository":{"type":"git","url":"git+https://github.com/npm/fs-write-stream-atomic.git"},"author":{"name":"Isaac Z. Schlueter","email":"i@izs.me","url":"http://blog.izs.me/"},"license":"ISC","bugs":{"url":"https://github.com/npm/fs-write-stream-atomic/issues"},"homepage":"https://github.com/npm/fs-write-stream-atomic","gitHead":"ba90fb2caf2a4d75691fdc84cff1c0448848832e","_id":"fs-write-stream-atomic@1.0.6","_shasum":"3b4d4b4c76ba8173107faab8659dacae04dc5a62","_from":".","_npmVersion":"3.5.2","_nodeVersion":"0.8.28","_npmUser":{"name":"iarna","email":"me@re-becca.org"},"dist":{"shasum":"3b4d4b4c76ba8173107faab8659dacae04dc5a62","tarball":"https://registry.npmjs.org/fs-write-stream-atomic/-/fs-write-stream-atomic-1.0.6.tgz"},"maintainers":[{"name":"iarna","email":"me@re-becca.org"},{"name":"isaacs","email":"i@izs.me"},{"name":"othiym23","email":"ogd@aoaioxxysz.net"},{"name":"zkat","email":"kat@sykosomatic.org"}],"deprecated":"This version is known to be broken, please use 1.0.8"},"1.0.7":{"name":"fs-write-stream-atomic","version":"1.0.7","description":"Like `fs.createWriteStream(...)`, but atomic.","main":"index.js","directories":{"test":"test"},"dependencies":{"graceful-fs":"^4.1.2","iferr":"^0.1.5","imurmurhash":"^0.1.4","readable-stream":"1 || 2"},"devDependencies":{"rimraf":"^2.4.4","standard":"^5.4.1","tap":"^2.3.1"},"scripts":{"test":"standard && tap --coverage test/*.js"},"repository":{"type":"git","url":"git+https://github.com/npm/fs-write-stream-atomic.git"},"author":{"name":"Isaac Z. Schlueter","email":"i@izs.me","url":"http://blog.izs.me/"},"license":"ISC","bugs":{"url":"https://github.com/npm/fs-write-stream-atomic/issues"},"homepage":"https://github.com/npm/fs-write-stream-atomic","gitHead":"81bcae2ca1afde451461cd3750874dc32b067959","_id":"fs-write-stream-atomic@1.0.7","_shasum":"6b9ea43780268835f2ec6a8f2ee5aca42c5f6130","_from":".","_npmVersion":"3.5.1","_nodeVersion":"5.1.0","_npmUser":{"name":"iarna","email":"me@re-becca.org"},"dist":{"shasum":"6b9ea43780268835f2ec6a8f2ee5aca42c5f6130","tarball":"https://registry.npmjs.org/fs-write-stream-atomic/-/fs-write-stream-atomic-1.0.7.tgz"},"maintainers":[{"name":"iarna","email":"me@re-becca.org"},{"name":"isaacs","email":"i@izs.me"},{"name":"othiym23","email":"ogd@aoaioxxysz.net"},{"name":"zkat","email":"kat@sykosomatic.org"}],"deprecated":"This version is known to be broken, please use 1.0.8"},"1.0.8":{"name":"fs-write-stream-atomic","version":"1.0.8","description":"Like `fs.createWriteStream(...)`, but atomic.","main":"index.js","directories":{"test":"test"},"dependencies":{"graceful-fs":"^4.1.2","iferr":"^0.1.5","imurmurhash":"^0.1.4","readable-stream":"1 || 2"},"devDependencies":{"rimraf":"^2.4.4","standard":"^5.4.1","tap":"^2.3.1"},"scripts":{"test":"standard && tap --coverage test/*.js"},"repository":{"type":"git","url":"git+https://github.com/npm/fs-write-stream-atomic.git"},"author":{"name":"Isaac Z. Schlueter","email":"i@izs.me","url":"http://blog.izs.me/"},"license":"ISC","bugs":{"url":"https://github.com/npm/fs-write-stream-atomic/issues"},"homepage":"https://github.com/npm/fs-write-stream-atomic","gitHead":"b55824ee4de7f1ca23784929d68b1b8f5edbf4a4","_id":"fs-write-stream-atomic@1.0.8","_shasum":"e49aaddf288f87d46ff9e882f216a13abc40778b","_from":".","_npmVersion":"3.5.2","_nodeVersion":"4.2.2","_npmUser":{"name":"iarna","email":"me@re-becca.org"},"dist":{"shasum":"e49aaddf288f87d46ff9e882f216a13abc40778b","tarball":"https://registry.npmjs.org/fs-write-stream-atomic/-/fs-write-stream-atomic-1.0.8.tgz"},"maintainers":[{"name":"iarna","email":"me@re-becca.org"},{"name":"isaacs","email":"i@izs.me"},{"name":"othiym23","email":"ogd@aoaioxxysz.net"},{"name":"zkat","email":"kat@sykosomatic.org"}]},"1.0.9":{"name":"fs-write-stream-atomic","version":"1.0.9","description":"Like `fs.createWriteStream(...)`, but atomic.","main":"index.js","directories":{"test":"test"},"dependencies":{"graceful-fs":"^4.1.2","iferr":"^0.1.5","imurmurhash":"^0.1.4","readable-stream":"1 || 2"},"devDependencies":{"rimraf":"^2.4.4","standard":"^5.4.1","tap":"^2.3.1"},"scripts":{"test":"standard && tap --coverage test/*.js"},"repository":{"type":"git","url":"git+https://github.com/npm/fs-write-stream-atomic.git"},"author":{"name":"Isaac Z. Schlueter","email":"i@izs.me","url":"http://blog.izs.me/"},"license":"ISC","bugs":{"url":"https://github.com/npm/fs-write-stream-atomic/issues"},"homepage":"https://github.com/npm/fs-write-stream-atomic","gitHead":"20be0cd6dce7531ea7e73b464a1abf8d521438c2","_id":"fs-write-stream-atomic@1.0.9","_shasum":"e9fe396640fb22b03919bea30e267f927918bf01","_from":".","_npmVersion":"4.1.2","_nodeVersion":"7.7.1","_npmUser":{"name":"zkat","email":"kat@sykosomatic.org"},"dist":{"shasum":"e9fe396640fb22b03919bea30e267f927918bf01","tarball":"https://registry.npmjs.org/fs-write-stream-atomic/-/fs-write-stream-atomic-1.0.9.tgz"},"maintainers":[{"name":"iarna","email":"me@re-becca.org"},{"name":"isaacs","email":"i@izs.me"},{"name":"othiym23","email":"ogd@aoaioxxysz.net"},{"name":"zkat","email":"kat@sykosomatic.org"}],"_npmOperationalInternal":{"host":"packages-12-west.internal.npmjs.com","tmp":"tmp/fs-write-stream-atomic-1.0.9.tgz_1488922728902_0.3049999396316707"}},"1.0.10":{"name":"fs-write-stream-atomic","version":"1.0.10","description":"Like `fs.createWriteStream(...)`, but atomic.","main":"index.js","directories":{"test":"test"},"dependencies":{"graceful-fs":"^4.1.2","iferr":"^0.1.5","imurmurhash":"^0.1.4","readable-stream":"1 || 2"},"devDependencies":{"rimraf":"^2.4.4","standard":"^5.4.1","tap":"^2.3.1"},"scripts":{"test":"standard && tap --coverage test/*.js"},"repository":{"type":"git","url":"git+https://github.com/npm/fs-write-stream-atomic.git"},"author":{"name":"Isaac Z. Schlueter","email":"i@izs.me","url":"http://blog.izs.me/"},"license":"ISC","bugs":{"url":"https://github.com/npm/fs-write-stream-atomic/issues"},"homepage":"https://github.com/npm/fs-write-stream-atomic","gitHead":"de157c0373a40fb5539640923cab9671cef08b12","_id":"fs-write-stream-atomic@1.0.10","_shasum":"b47df53493ef911df75731e70a9ded0189db40c9","_from":".","_npmVersion":"4.4.1","_nodeVersion":"7.7.1","_npmUser":{"name":"iarna","email":"me@re-becca.org"},"dist":{"shasum":"b47df53493ef911df75731e70a9ded0189db40c9","tarball":"https://registry.npmjs.org/fs-write-stream-atomic/-/fs-write-stream-atomic-1.0.10.tgz"},"maintainers":[{"name":"iarna","email":"me@re-becca.org"},{"name":"isaacs","email":"i@izs.me"},{"name":"othiym23","email":"ogd@aoaioxxysz.net"},{"name":"zkat","email":"kat@sykosomatic.org"}],"_npmOperationalInternal":{"host":"packages-12-west.internal.npmjs.com","tmp":"tmp/fs-write-stream-atomic-1.0.10.tgz_1488925398888_0.6416559314820915"}}},"readme":"# fs-write-stream-atomic\n\nLike `fs.createWriteStream(...)`, but atomic.\n\nWrites to a tmp file and does an atomic `fs.rename` to move it into\nplace when it's done.\n\nFirst rule of debugging: **It's always a race condition.**\n\n## USAGE\n\n```javascript\nvar fsWriteStreamAtomic = require('fs-write-stream-atomic')\n// options are optional.\nvar write = fsWriteStreamAtomic('output.txt', options)\nvar read = fs.createReadStream('input.txt')\nread.pipe(write)\n\n// When the write stream emits a 'finish' or 'close' event,\n// you can be sure that it is moved into place, and contains\n// all the bytes that were written to it, even if something else\n// was writing to `output.txt` at the same time.\n```\n\n### `fsWriteStreamAtomic(filename, [options])`\n\n* `filename` {String} The file we want to write to\n* `options` {Object}\n  * `chown` {Object} User and group to set ownership after write\n    * `uid` {Number}\n    * `gid` {Number}\n  * `encoding` {String} default = 'utf8'\n  * `mode` {Number} default = `0666`\n  * `flags` {String} default = `'w'`\n\n","maintainers":[{"email":"ogd@aoaioxxysz.net","name":"othiym23"},{"email":"kzm@sykosomatic.org","name":"zkat"},{"email":"i@izs.me","name":"isaacs"},{"email":"me@re-becca.org","name":"iarna"}],"time":{"modified":"2017-10-13T22:50:12.201Z","created":"2014-09-19T23:13:20.734Z","1.0.0":"2014-09-19T23:13:20.734Z","1.0.1":"2014-09-22T22:27:01.540Z","1.0.2":"2014-09-29T21:23:51.108Z","1.0.3":"2015-05-21T20:44:34.797Z","1.0.4":"2015-09-09T23:21:57.637Z","1.0.5":"2015-12-02T04:30:39.101Z","1.0.6":"2015-12-10T00:28:40.297Z","1.0.7":"2015-12-10T02:16:03.249Z","1.0.8":"2015-12-12T06:55:11.674Z","1.0.9":"2017-03-07T21:38:49.136Z","1.0.10":"2017-03-07T22:23:19.124Z"},"homepage":"https://github.com/npm/fs-write-stream-atomic","repository":{"type":"git","url":"git+https://github.com/npm/fs-write-stream-atomic.git"},"author":{"name":"Isaac Z. Schlueter","email":"i@izs.me","url":"http://blog.izs.me/"},"bugs":{"url":"https://github.com/npm/fs-write-stream-atomic/issues"},"license":"ISC","readmeFilename":"README.md","users":{"rcramu":true,"nathan7":true},"_attachments":{},"_etag":"W/\"5b9a78aad34b6c0ca4de56c0a577f4ba\"","_lastModified":"Sun, 27 May 2018 01:17:54 GMT"}