{"_id":"fs-vacuum","_rev":"29-1add01444e28b052b30038e0f1a838c8","name":"fs-vacuum","description":"recursively remove empty directories -- to a point","dist-tags":{"latest":"1.2.10"},"versions":{"1.0.0":{"name":"fs-vacuum","version":"1.0.0","description":"recursively remove empty directories -- to a point","main":"vacuum.js","scripts":{"test":"tap test/*.js"},"repository":{"type":"git","url":"https://github.com/npm/fs-vacuum.git"},"keywords":["rm","rimraf","clean"],"author":{"name":"Forrest L Norvell","email":"ogd@aoaioxxysz.net"},"license":"ISC","bugs":{"url":"https://github.com/npm/fs-vacuum/issues"},"homepage":"https://github.com/npm/fs-vacuum","devDependencies":{"tap":"^0.4.11","mkdirp":"^0.5.0","tmp":"0.0.23"},"dependencies":{"graceful-fs":"^3.0.2","rimraf":"^2.2.8"},"gitHead":"3e23579de3da6ce6d665e5fa3fad0ed02a5901ae","_id":"fs-vacuum@1.0.0","_shasum":"bff957c49928f2bc31577558748d193c3b9ab0d9","_from":".","_npmVersion":"1.4.16","_npmUser":{"name":"othiym23","email":"ogd@aoaioxxysz.net"},"maintainers":[{"name":"othiym23","email":"ogd@aoaioxxysz.net"}],"dist":{"shasum":"bff957c49928f2bc31577558748d193c3b9ab0d9","tarball":"https://registry.npmjs.org/fs-vacuum/-/fs-vacuum-1.0.0.tgz"},"directories":{}},"1.1.0":{"name":"fs-vacuum","version":"1.1.0","description":"recursively remove empty directories -- to a point","main":"vacuum.js","scripts":{"test":"tap test/*.js"},"repository":{"type":"git","url":"https://github.com/npm/fs-vacuum.git"},"keywords":["rm","rimraf","clean"],"author":{"name":"Forrest L Norvell","email":"ogd@aoaioxxysz.net"},"license":"ISC","bugs":{"url":"https://github.com/npm/fs-vacuum/issues"},"homepage":"https://github.com/npm/fs-vacuum","devDependencies":{"tap":"^0.4.11","mkdirp":"^0.5.0","tmp":"0.0.23"},"dependencies":{"graceful-fs":"^3.0.2","rimraf":"^2.2.8"},"gitHead":"9bf58b7482283254c6e2eb4c0b7816048705e41b","_id":"fs-vacuum@1.1.0","_shasum":"c5713d65767c15d09f91a77d3d421f3a4ef223cf","_from":".","_npmVersion":"1.4.16","_npmUser":{"name":"othiym23","email":"ogd@aoaioxxysz.net"},"maintainers":[{"name":"othiym23","email":"ogd@aoaioxxysz.net"}],"dist":{"shasum":"c5713d65767c15d09f91a77d3d421f3a4ef223cf","tarball":"https://registry.npmjs.org/fs-vacuum/-/fs-vacuum-1.1.0.tgz"},"directories":{}},"1.1.1":{"name":"fs-vacuum","version":"1.1.1","description":"recursively remove empty directories -- to a point","main":"vacuum.js","scripts":{"test":"tap test/*.js"},"repository":{"type":"git","url":"https://github.com/npm/fs-vacuum.git"},"keywords":["rm","rimraf","clean"],"author":{"name":"Forrest L Norvell","email":"ogd@aoaioxxysz.net"},"license":"ISC","bugs":{"url":"https://github.com/npm/fs-vacuum/issues"},"homepage":"https://github.com/npm/fs-vacuum","devDependencies":{"tap":"^0.4.11","mkdirp":"^0.5.0","tmp":"0.0.23"},"dependencies":{"graceful-fs":"^3.0.2","rimraf":"^2.2.8"},"gitHead":"e7e7b498b8a568b3bf3903248b84ed426f9730a8","_id":"fs-vacuum@1.1.1","_shasum":"c324c810908f7496576c827faff869d4ff539c1a","_from":".","_npmVersion":"1.4.16","_npmUser":{"name":"othiym23","email":"ogd@aoaioxxysz.net"},"maintainers":[{"name":"othiym23","email":"ogd@aoaioxxysz.net"}],"dist":{"shasum":"c324c810908f7496576c827faff869d4ff539c1a","tarball":"https://registry.npmjs.org/fs-vacuum/-/fs-vacuum-1.1.1.tgz"},"directories":{}},"1.1.2":{"name":"fs-vacuum","version":"1.1.2","description":"recursively remove empty directories -- to a point","main":"vacuum.js","scripts":{"test":"tap test/*.js"},"repository":{"type":"git","url":"https://github.com/npm/fs-vacuum.git"},"keywords":["rm","rimraf","clean"],"author":{"name":"Forrest L Norvell","email":"ogd@aoaioxxysz.net"},"license":"ISC","bugs":{"url":"https://github.com/npm/fs-vacuum/issues"},"homepage":"https://github.com/npm/fs-vacuum","devDependencies":{"tap":"^0.4.11","mkdirp":"^0.5.0","tmp":"0.0.23"},"dependencies":{"graceful-fs":"^3.0.2","rimraf":"^2.2.8"},"gitHead":"3a656def96dc9ebd5893a43e785ae68a3250a6a1","_id":"fs-vacuum@1.1.2","_shasum":"e7d96cd2785a537030db164b3ba53d385ee9d758","_from":".","_npmVersion":"1.4.16","_npmUser":{"name":"othiym23","email":"ogd@aoaioxxysz.net"},"maintainers":[{"name":"othiym23","email":"ogd@aoaioxxysz.net"}],"dist":{"shasum":"e7d96cd2785a537030db164b3ba53d385ee9d758","tarball":"https://registry.npmjs.org/fs-vacuum/-/fs-vacuum-1.1.2.tgz"},"directories":{}},"1.2.0":{"name":"fs-vacuum","version":"1.2.0","description":"recursively remove empty directories -- to a point","main":"vacuum.js","scripts":{"test":"tap test/*.js"},"repository":{"type":"git","url":"https://github.com/npm/fs-vacuum.git"},"keywords":["rm","rimraf","clean"],"author":{"name":"Forrest L Norvell","email":"ogd@aoaioxxysz.net"},"license":"ISC","bugs":{"url":"https://github.com/npm/fs-vacuum/issues"},"homepage":"https://github.com/npm/fs-vacuum","devDependencies":{"mkdirp":"^0.5.0","tap":"^0.4.11","tmp":"0.0.23"},"dependencies":{"graceful-fs":"^3.0.2","rimraf":"^2.2.8"},"gitHead":"974a5f1fd4bb6810add20b101866dce5bf464999","_id":"fs-vacuum@1.2.0","_shasum":"1163c71dcad0dea31f32ad08fd73976d7423f45c","_from":".","_npmVersion":"1.4.16","_npmUser":{"name":"othiym23","email":"ogd@aoaioxxysz.net"},"maintainers":[{"name":"othiym23","email":"ogd@aoaioxxysz.net"}],"dist":{"shasum":"1163c71dcad0dea31f32ad08fd73976d7423f45c","tarball":"https://registry.npmjs.org/fs-vacuum/-/fs-vacuum-1.2.0.tgz"},"directories":{}},"1.2.1":{"name":"fs-vacuum","version":"1.2.1","description":"recursively remove empty directories -- to a point","main":"vacuum.js","scripts":{"test":"tap test/*.js"},"repository":{"type":"git","url":"https://github.com/npm/fs-vacuum.git"},"keywords":["rm","rimraf","clean"],"author":{"name":"Forrest L Norvell","email":"ogd@aoaioxxysz.net"},"license":"ISC","bugs":{"url":"https://github.com/npm/fs-vacuum/issues"},"homepage":"https://github.com/npm/fs-vacuum","devDependencies":{"mkdirp":"^0.5.0","tap":"^0.4.11","tmp":"0.0.23"},"dependencies":{"graceful-fs":"^3.0.2","rimraf":"^2.2.8"},"gitHead":"bad24b21c45d86b3da991f2c3d058ef03546d83e","_id":"fs-vacuum@1.2.1","_shasum":"1bc3c62da30d6272569b8b9089c9811abb0a600b","_from":".","_npmVersion":"1.4.16","_npmUser":{"name":"othiym23","email":"ogd@aoaioxxysz.net"},"maintainers":[{"name":"othiym23","email":"ogd@aoaioxxysz.net"}],"dist":{"shasum":"1bc3c62da30d6272569b8b9089c9811abb0a600b","tarball":"https://registry.npmjs.org/fs-vacuum/-/fs-vacuum-1.2.1.tgz"},"directories":{}},"1.2.2":{"name":"fs-vacuum","version":"1.2.2","description":"recursively remove empty directories -- to a point","main":"vacuum.js","scripts":{"test":"tap test/*.js"},"repository":{"type":"git","url":"https://github.com/npm/fs-vacuum.git"},"keywords":["rm","rimraf","clean"],"author":{"name":"Forrest L Norvell","email":"ogd@aoaioxxysz.net"},"license":"ISC","bugs":{"url":"https://github.com/npm/fs-vacuum/issues"},"homepage":"https://github.com/npm/fs-vacuum","devDependencies":{"mkdirp":"^0.5.0","tap":"^0.4.11","tmp":"0.0.24"},"dependencies":{"graceful-fs":"^3.0.2","rimraf":"^2.2.8"},"gitHead":"c788fcc30fe8e73725f4f202d86c51d23d9f3378","_id":"fs-vacuum@1.2.2","_shasum":"0e26ca2b14eb4ceb4b590a92aad585756ed18e40","_from":".","_npmVersion":"2.1.8","_nodeVersion":"0.10.33","_npmUser":{"name":"othiym23","email":"ogd@aoaioxxysz.net"},"maintainers":[{"name":"othiym23","email":"ogd@aoaioxxysz.net"}],"dist":{"shasum":"0e26ca2b14eb4ceb4b590a92aad585756ed18e40","tarball":"https://registry.npmjs.org/fs-vacuum/-/fs-vacuum-1.2.2.tgz"},"directories":{}},"1.2.3":{"name":"fs-vacuum","version":"1.2.3","description":"recursively remove empty directories -- to a point","main":"vacuum.js","scripts":{"test":"tap test/*.js"},"repository":{"type":"git","url":"https://github.com/npm/fs-vacuum.git"},"keywords":["rm","rimraf","clean"],"author":{"name":"Forrest L Norvell","email":"ogd@aoaioxxysz.net"},"license":"ISC","bugs":{"url":"https://github.com/npm/fs-vacuum/issues"},"homepage":"https://github.com/npm/fs-vacuum","devDependencies":{"mkdirp":"^0.5.0","tap":"^0.4.11","tmp":"0.0.24"},"dependencies":{"graceful-fs":"^3.0.2","path-is-inside":"^1.0.1","rimraf":"^2.2.8"},"gitHead":"7954282af3f87cba4bc59e2ce5e399c65338160e","_id":"fs-vacuum@1.2.3","_shasum":"4192d1ea8fb921dbad5c3ac81265432067de715d","_from":".","_npmVersion":"2.1.14","_nodeVersion":"0.10.34","_npmUser":{"name":"othiym23","email":"ogd@aoaioxxysz.net"},"maintainers":[{"name":"othiym23","email":"ogd@aoaioxxysz.net"}],"dist":{"shasum":"4192d1ea8fb921dbad5c3ac81265432067de715d","tarball":"https://registry.npmjs.org/fs-vacuum/-/fs-vacuum-1.2.3.tgz"},"directories":{}},"1.2.4":{"name":"fs-vacuum","version":"1.2.4","description":"recursively remove empty directories -- to a point","main":"vacuum.js","scripts":{"test":"tap test/*.js"},"repository":{"type":"git","url":"https://github.com/npm/fs-vacuum.git"},"keywords":["rm","rimraf","clean"],"author":{"name":"Forrest L Norvell","email":"ogd@aoaioxxysz.net"},"license":"ISC","bugs":{"url":"https://github.com/npm/fs-vacuum/issues"},"homepage":"https://github.com/npm/fs-vacuum","devDependencies":{"mkdirp":"^0.5.0","tap":"^0.4.11","tmp":"0.0.24"},"dependencies":{"graceful-fs":"^3.0.2","path-is-inside":"^1.0.1","rimraf":"^2.2.8"},"gitHead":"f95298c5c904c45c0598f7cd03dfc4939e471cea","_id":"fs-vacuum@1.2.4","_shasum":"7ba5c5e01c27878079b302044cc269bad31896d7","_from":".","_npmVersion":"2.1.14","_nodeVersion":"0.10.34","_npmUser":{"name":"othiym23","email":"ogd@aoaioxxysz.net"},"maintainers":[{"name":"othiym23","email":"ogd@aoaioxxysz.net"}],"dist":{"shasum":"7ba5c5e01c27878079b302044cc269bad31896d7","tarball":"https://registry.npmjs.org/fs-vacuum/-/fs-vacuum-1.2.4.tgz"},"directories":{}},"1.2.5":{"name":"fs-vacuum","version":"1.2.5","description":"recursively remove empty directories -- to a point","main":"vacuum.js","scripts":{"test":"tap test/*.js"},"repository":{"type":"git","url":"https://github.com/npm/fs-vacuum.git"},"keywords":["rm","rimraf","clean"],"author":{"name":"Forrest L Norvell","email":"ogd@aoaioxxysz.net"},"license":"ISC","bugs":{"url":"https://github.com/npm/fs-vacuum/issues"},"homepage":"https://github.com/npm/fs-vacuum","devDependencies":{"mkdirp":"^0.5.0","tap":"^0.4.11","tmp":"0.0.24"},"dependencies":{"graceful-fs":"^3.0.2","path-is-inside":"^1.0.1","rimraf":"^2.2.8"},"gitHead":"4911a38a65b6a6cb19fc980d18304e1cfca91fbf","_id":"fs-vacuum@1.2.5","_shasum":"a5cbaa844b4b3a7cff139f3cc90e7f7007e5fbb8","_from":".","_npmVersion":"2.1.14","_nodeVersion":"0.10.34","_npmUser":{"name":"othiym23","email":"ogd@aoaioxxysz.net"},"maintainers":[{"name":"othiym23","email":"ogd@aoaioxxysz.net"}],"dist":{"shasum":"a5cbaa844b4b3a7cff139f3cc90e7f7007e5fbb8","tarball":"https://registry.npmjs.org/fs-vacuum/-/fs-vacuum-1.2.5.tgz"},"directories":{}},"1.2.6":{"name":"fs-vacuum","version":"1.2.6","description":"recursively remove empty directories -- to a point","main":"vacuum.js","scripts":{"test":"tap test/*.js"},"repository":{"type":"git","url":"git+https://github.com/npm/fs-vacuum.git"},"keywords":["rm","rimraf","clean"],"author":{"name":"Forrest L Norvell","email":"ogd@aoaioxxysz.net"},"license":"ISC","bugs":{"url":"https://github.com/npm/fs-vacuum/issues"},"homepage":"https://github.com/npm/fs-vacuum","devDependencies":{"mkdirp":"^0.5.0","tap":"^0.4.11","tmp":"0.0.24"},"dependencies":{"graceful-fs":"^3.0.2","path-is-inside":"^1.0.1","rimraf":"^2.2.8"},"gitHead":"04b5093ac6fbcc4135835fb1c4ed990dfed5a04c","_id":"fs-vacuum@1.2.6","_shasum":"860c5e4b3e3aa2a6a3cbb327c57534f3a3bff642","_from":".","_npmVersion":"2.10.1","_nodeVersion":"2.0.2","_npmUser":{"name":"othiym23","email":"ogd@aoaioxxysz.net"},"dist":{"shasum":"860c5e4b3e3aa2a6a3cbb327c57534f3a3bff642","tarball":"https://registry.npmjs.org/fs-vacuum/-/fs-vacuum-1.2.6.tgz"},"maintainers":[{"name":"othiym23","email":"ogd@aoaioxxysz.net"}],"directories":{}},"1.2.7":{"name":"fs-vacuum","version":"1.2.7","description":"recursively remove empty directories -- to a point","main":"vacuum.js","scripts":{"test":"tap test/*.js"},"repository":{"type":"git","url":"git+https://github.com/npm/fs-vacuum.git"},"keywords":["rm","rimraf","clean"],"author":{"name":"Forrest L Norvell","email":"ogd@aoaioxxysz.net"},"license":"ISC","bugs":{"url":"https://github.com/npm/fs-vacuum/issues"},"homepage":"https://github.com/npm/fs-vacuum","devDependencies":{"mkdirp":"^0.5.0","tap":"^0.4.11","tmp":"0.0.24"},"dependencies":{"graceful-fs":"^4.1.2","path-is-inside":"^1.0.1","rimraf":"^2.2.8"},"gitHead":"498a44d987ee11bc355fe1ec479d55a689fc37ef","_id":"fs-vacuum@1.2.7","_shasum":"75e501f9d2889ba2fe9fe12f936ba5dad50ca35a","_from":".","_npmVersion":"2.14.3","_nodeVersion":"2.2.2","_npmUser":{"name":"zkat","email":"kat@sykosomatic.org"},"dist":{"shasum":"75e501f9d2889ba2fe9fe12f936ba5dad50ca35a","tarball":"https://registry.npmjs.org/fs-vacuum/-/fs-vacuum-1.2.7.tgz"},"maintainers":[{"name":"othiym23","email":"ogd@aoaioxxysz.net"},{"name":"zkat","email":"kat@sykosomatic.org"}],"directories":{}},"1.2.8":{"name":"fs-vacuum","version":"1.2.8","description":"recursively remove empty directories -- to a point","main":"vacuum.js","scripts":{"test":"standard && tap test/*.js"},"repository":{"type":"git","url":"git+https://github.com/npm/fs-vacuum.git"},"keywords":["rm","rimraf","clean"],"author":{"name":"Forrest L Norvell","email":"ogd@aoaioxxysz.net"},"license":"ISC","bugs":{"url":"https://github.com/npm/fs-vacuum/issues"},"homepage":"https://github.com/npm/fs-vacuum","devDependencies":{"mkdirp":"^0.5.1","standard":"^6.0.8","tap":"^5.7.1","tmp":"0.0.28"},"dependencies":{"graceful-fs":"^4.1.2","path-is-inside":"^1.0.1","rimraf":"^2.5.2"},"gitHead":"b7dfbb5e0dcc350d63d12d8e665a5346d839efe7","_id":"fs-vacuum@1.2.8","_shasum":"62477f49dc4120e3e0abf532af1d611fd11472cf","_from":".","_npmVersion":"3.8.7","_nodeVersion":"5.10.1","_npmUser":{"name":"othiym23","email":"ogd@aoaioxxysz.net"},"dist":{"shasum":"62477f49dc4120e3e0abf532af1d611fd11472cf","tarball":"https://registry.npmjs.org/fs-vacuum/-/fs-vacuum-1.2.8.tgz"},"maintainers":[{"name":"othiym23","email":"ogd@aoaioxxysz.net"},{"name":"zkat","email":"kat@sykosomatic.org"}],"_npmOperationalInternal":{"host":"packages-12-west.internal.npmjs.com","tmp":"tmp/fs-vacuum-1.2.8.tgz_1460744251256_0.9055819751229137"},"directories":{}},"1.2.9":{"name":"fs-vacuum","version":"1.2.9","description":"recursively remove empty directories -- to a point","main":"vacuum.js","scripts":{"test":"standard && tap test/*.js"},"repository":{"type":"git","url":"git+https://github.com/npm/fs-vacuum.git"},"keywords":["rm","rimraf","clean"],"author":{"name":"Forrest L Norvell","email":"ogd@aoaioxxysz.net"},"license":"ISC","bugs":{"url":"https://github.com/npm/fs-vacuum/issues"},"homepage":"https://github.com/npm/fs-vacuum","devDependencies":{"mkdirp":"^0.5.1","standard":"^6.0.8","errno":"~0.1.0","require-inject":"~1.3.0","tap":"^5.7.1","tmp":"0.0.28"},"dependencies":{"graceful-fs":"^4.1.2","path-is-inside":"^1.0.1","rimraf":"^2.5.2"},"gitHead":"acff37c635731a0169367acb32338d9d4e7d615c","_id":"fs-vacuum@1.2.9","_shasum":"4f90193ab8ea02890995bcd4e804659a5d366b2d","_from":".","_npmVersion":"3.8.7","_nodeVersion":"5.10.1","_npmUser":{"name":"othiym23","email":"ogd@aoaioxxysz.net"},"dist":{"shasum":"4f90193ab8ea02890995bcd4e804659a5d366b2d","tarball":"https://registry.npmjs.org/fs-vacuum/-/fs-vacuum-1.2.9.tgz"},"maintainers":[{"name":"othiym23","email":"ogd@aoaioxxysz.net"},{"name":"zkat","email":"kat@sykosomatic.org"}],"_npmOperationalInternal":{"host":"packages-12-west.internal.npmjs.com","tmp":"tmp/fs-vacuum-1.2.9.tgz_1461273179969_0.39465441973879933"},"directories":{}},"1.2.10":{"name":"fs-vacuum","version":"1.2.10","description":"recursively remove empty directories -- to a point","main":"vacuum.js","scripts":{"test":"standard && tap test/*.js"},"repository":{"type":"git","url":"git+https://github.com/npm/fs-vacuum.git"},"keywords":["rm","rimraf","clean"],"author":{"name":"Forrest L Norvell","email":"ogd@aoaioxxysz.net"},"license":"ISC","bugs":{"url":"https://github.com/npm/fs-vacuum/issues"},"homepage":"https://github.com/npm/fs-vacuum","devDependencies":{"mkdirp":"^0.5.1","standard":"^6.0.8","errno":"~0.1.0","require-inject":"~1.3.0","tap":"^5.7.1","tmp":"0.0.28"},"dependencies":{"graceful-fs":"^4.1.2","path-is-inside":"^1.0.1","rimraf":"^2.5.2"},"gitHead":"e2daf9ab461004d10cc934e286052a6cd72a6127","_id":"fs-vacuum@1.2.10","_shasum":"b7629bec07a4031a2548fdf99f5ecf1cc8b31e36","_from":".","_npmVersion":"4.4.2","_nodeVersion":"7.7.1","_npmUser":{"name":"zkat","email":"kat@sykosomatic.org"},"dist":{"shasum":"b7629bec07a4031a2548fdf99f5ecf1cc8b31e36","tarball":"https://registry.npmjs.org/fs-vacuum/-/fs-vacuum-1.2.10.tgz"},"maintainers":[{"name":"othiym23","email":"ogd@aoaioxxysz.net"},{"name":"zkat","email":"kat@sykosomatic.org"}],"_npmOperationalInternal":{"host":"packages-12-west.internal.npmjs.com","tmp":"tmp/fs-vacuum-1.2.10.tgz_1489187970453_0.7888825018890202"},"directories":{}}},"readme":"# fs-vacuum\n\nRemove the empty branches of a directory tree, optionally up to (but not\nincluding) a specified base directory. Optionally nukes the leaf directory.\n\n## Usage\n\n```javascript\nvar logger = require(\"npmlog\");\nvar vacuum = require(\"fs-vacuum\");\n\nvar options = {\n  base  : \"/path/to/my/tree/root\",\n  purge : true,\n  log   : logger.silly.bind(logger, \"myCleanup\")\n};\n\n/* Assuming there are no other files or directories in \"out\", \"to\", or \"my\",\n * the final path will just be \"/path/to/my/tree/root\".\n */\nvacuum(\"/path/to/my/tree/root/out/to/my/files\", options, function (error) {\n  if (error) console.error(\"Unable to cleanly vacuum:\", error.message);\n});\n```\n# vacuum(directory, options, callback)\n\n* `directory` {String} Leaf node to remove. **Must be a directory, symlink, or file.**\n* `options` {Object}\n  * `base` {String} No directories at or above this level of the filesystem will be removed.\n  * `purge` {Boolean} If set, nuke the whole leaf directory, including its contents.\n  * `log` {Function} A logging function that takes `npmlog`-compatible argument lists.\n* `callback` {Function} Function to call once vacuuming is complete.\n  * `error` {Error} What went wrong along the way, if anything.\n","maintainers":[{"email":"kzm@sykosomatic.org","name":"zkat"},{"email":"ogd@aoaioxxysz.net","name":"othiym23"}],"time":{"modified":"2017-10-13T22:50:13.190Z","created":"2014-06-25T06:58:47.925Z","1.0.0":"2014-06-25T06:58:47.925Z","1.1.0":"2014-06-25T07:06:59.913Z","1.1.1":"2014-06-25T07:09:01.596Z","1.1.2":"2014-06-27T07:05:38.002Z","1.2.0":"2014-06-29T03:44:11.990Z","1.2.1":"2014-06-29T03:51:29.857Z","1.2.2":"2014-11-12T00:30:52.903Z","1.2.3":"2014-12-19T12:09:09.544Z","1.2.4":"2014-12-19T12:14:52.756Z","1.2.5":"2014-12-19T12:18:58.475Z","1.2.6":"2015-05-21T18:35:41.934Z","1.2.7":"2015-09-09T23:09:55.177Z","1.2.8":"2016-04-15T18:17:33.658Z","1.2.9":"2016-04-21T21:13:02.477Z","1.2.10":"2017-03-10T23:19:30.747Z"},"homepage":"https://github.com/npm/fs-vacuum","keywords":["rm","rimraf","clean"],"repository":{"type":"git","url":"git+https://github.com/npm/fs-vacuum.git"},"author":{"name":"Forrest L Norvell","email":"ogd@aoaioxxysz.net"},"bugs":{"url":"https://github.com/npm/fs-vacuum/issues"},"license":"ISC","readmeFilename":"README.md","users":{"alshamiri1":true},"_attachments":{},"_etag":"W/\"1b5e1965d53e71948e3fa163e34f047e\"","_lastModified":"Sun, 27 May 2018 01:17:52 GMT"}