{"_id":"npmbox","_rev":"70-65268569abcbe223c76055b5486ce9ac","name":"npmbox","description":"npm addon utility for creating and installing from an archive file of an npm install, including dependencies.","dist-tags":{"latest":"4.2.1"},"versions":{"0.1.3":{"author":{"name":"Glen R. Goodwin","url":"http://www.arei.net"},"name":"npmbox","keywords":["npm","npm utility","npm pack","npm package","npm utilities","npm archive","npm unpack","npm zip","npm unzip","unpack","pack","npmbox","npmunbox","zip","unzip","offline","npm offline","offline install","install","install offline","npm install","npm install offline","npm offline install","box","unbox"],"description":"npm addon utility for creating and installing from an archive file of an npm install, including dependencies.","version":"0.1.3","homepage":"http://github.com/arei/npmbox","bugs":{"url":"http://github.com/arei/npmbox/issues"},"licenses":[{"type":"MIT","url":"http://github.com/arei/npmbox/blob/master/LICENSE.txt"}],"repository":{"type":"git","url":"git://github.com/arei/npmbox.git"},"main":"npmboxxer.js","bin":{"npmbox":"./bin/npmbox","npmunbox":"./bin/npmunbox"},"engines":{"node":">=0.8"},"dependencies":{"npm":"=1.2.19","tar.gz":"=0.1.1","rmdir":"=1.0.0"},"devDependencies":{},"optionalDependencies":{},"_id":"npmbox@0.1.3","dist":{"shasum":"990c1eeff18c09f40a348859b9cf098002a645a5","tarball":"https://registry.npmjs.org/npmbox/-/npmbox-0.1.3.tgz"},"_npmVersion":"1.1.66","_npmUser":{"name":"arei","email":"arei@usa.com"},"maintainers":[{"name":"arei","email":"arei@usa.com"}],"directories":{}},"0.1.4":{"author":{"name":"Glen R. Goodwin","url":"http://www.arei.net"},"name":"npmbox","keywords":["npm","npm utility","npm pack","npm package","npm utilities","npm archive","npm unpack","npm zip","npm unzip","unpack","pack","npmbox","npmunbox","zip","unzip","offline","npm offline","offline install","install","install offline","npm install","npm install offline","npm offline install","box","unbox"],"description":"npm addon utility for creating and installing from an archive file of an npm install, including dependencies.","version":"0.1.4","homepage":"http://github.com/arei/npmbox","bugs":{"url":"http://github.com/arei/npmbox/issues"},"licenses":[{"type":"MIT","url":"http://github.com/arei/npmbox/blob/master/LICENSE.txt"}],"repository":{"type":"git","url":"git://github.com/arei/npmbox.git"},"main":"npmboxxer.js","bin":{"npmbox":"./bin/npmbox","npmunbox":"./bin/npmunbox"},"engines":{"node":">=0.10"},"dependencies":{"npm":"~1.2.19","tar.gz":"~0.1.1","rmdir":"~1.0.0"},"devDependencies":{},"optionalDependencies":{},"_id":"npmbox@0.1.4","dist":{"shasum":"b9f051e73308cc5865eaf22e61cc9de741fe7096","tarball":"https://registry.npmjs.org/npmbox/-/npmbox-0.1.4.tgz"},"_from":".","_npmVersion":"1.3.11","_npmUser":{"name":"arei","email":"arei@usa.com"},"maintainers":[{"name":"arei","email":"arei@usa.com"}],"directories":{}},"0.1.5":{"author":{"name":"Glen R. Goodwin","url":"http://www.arei.net"},"name":"npmbox","keywords":["npm","npm utility","npm pack","npm package","npm utilities","npm archive","npm unpack","npm zip","npm unzip","unpack","pack","npmbox","npmunbox","zip","unzip","offline","npm offline","offline install","install","install offline","npm install","npm install offline","npm offline install","box","unbox"],"description":"npm addon utility for creating and installing from an archive file of an npm install, including dependencies.","version":"0.1.5","homepage":"http://github.com/arei/npmbox","bugs":{"url":"http://github.com/arei/npmbox/issues"},"licenses":[{"type":"MIT","url":"http://github.com/arei/npmbox/blob/master/LICENSE.txt"}],"repository":{"type":"git","url":"git://github.com/arei/npmbox.git"},"main":"npmboxxer.js","bin":{"npmbox":"./bin/npmbox","npmunbox":"./bin/npmunbox"},"engines":{"node":">=0.10"},"dependencies":{"npm":"~1.2.19","tar.gz":"~0.1.1","rmdir":"~1.0.4"},"devDependencies":{},"optionalDependencies":{},"_id":"npmbox@0.1.5","dist":{"shasum":"41362705da53b66c2bdb0123083bdcad0d46a553","tarball":"https://registry.npmjs.org/npmbox/-/npmbox-0.1.5.tgz"},"_from":".","_npmVersion":"1.3.17","_npmUser":{"name":"arei","email":"arei@usa.com"},"maintainers":[{"name":"arei","email":"arei@usa.com"}],"directories":{}},"0.1.6":{"author":{"name":"Glen R. Goodwin","url":"http://www.arei.net"},"name":"npmbox","keywords":["npm","npm utility","npm pack","npm package","npm utilities","npm archive","npm unpack","npm zip","npm unzip","unpack","pack","npmbox","npmunbox","zip","unzip","offline","npm offline","offline install","install","install offline","npm install","npm install offline","npm offline install","box","unbox"],"description":"npm addon utility for creating and installing from an archive file of an npm install, including dependencies.","version":"0.1.6","homepage":"http://github.com/arei/npmbox","bugs":{"url":"http://github.com/arei/npmbox/issues"},"licenses":[{"type":"MIT","url":"http://github.com/arei/npmbox/blob/master/LICENSE.txt"}],"repository":{"type":"git","url":"git://github.com/arei/npmbox.git"},"main":"npmboxxer.js","bin":{"npmbox":"./bin/npmbox","npmunbox":"./bin/npmunbox"},"engines":{"node":">=0.10"},"dependencies":{"npm":"~1.2.19","tar.gz":"~0.1.1","rmdir":"~1.0.4"},"devDependencies":{},"optionalDependencies":{},"_id":"npmbox@0.1.6","dist":{"shasum":"7e22ad59486da875e14eb22fd0a7444625ea4978","tarball":"https://registry.npmjs.org/npmbox/-/npmbox-0.1.6.tgz"},"_from":".","_npmVersion":"1.3.17","_npmUser":{"name":"arei","email":"arei@usa.com"},"maintainers":[{"name":"arei","email":"arei@usa.com"}],"directories":{}},"0.2.0":{"author":{"name":"Glen R. Goodwin","url":"http://www.arei.net"},"name":"npmbox","keywords":["npm","npm utility","npm pack","npm package","npm utilities","npm archive","npm unpack","npm zip","npm unzip","unpack","pack","npmbox","npmunbox","zip","unzip","offline","npm offline","offline install","install","install offline","npm install","npm install offline","npm offline install","box","unbox"],"description":"npm addon utility for creating and installing from an archive file of an npm install, including dependencies.","version":"0.2.0","homepage":"http://github.com/arei/npmbox","bugs":{"url":"http://github.com/arei/npmbox/issues"},"licenses":[{"type":"MIT","url":"http://github.com/arei/npmbox/blob/master/LICENSE.txt"}],"repository":{"type":"git","url":"git://github.com/arei/npmbox.git"},"main":"npmboxxer.js","bin":{"npmbox":"./bin/npmbox","npmunbox":"./bin/npmunbox"},"engines":{"node":">=0.10"},"dependencies":{"npm":"~1.2.19","tar.gz":"~0.1.1","rmdir":"~1.0.4","optimist":"~0.6.0"},"devDependencies":{},"optionalDependencies":{},"_id":"npmbox@0.2.0","dist":{"shasum":"35863685c1229d421da1a15522a5550c3ab756a3","tarball":"https://registry.npmjs.org/npmbox/-/npmbox-0.2.0.tgz"},"_from":".","_npmVersion":"1.3.17","_npmUser":{"name":"arei","email":"arei@usa.com"},"maintainers":[{"name":"arei","email":"arei@usa.com"}],"directories":{}},"0.2.1":{"author":{"name":"Glen R. Goodwin","url":"http://www.arei.net"},"name":"npmbox","keywords":["npm","npm utility","npm pack","npm package","npm utilities","npm archive","npm unpack","npm zip","npm unzip","unpack","pack","npmbox","npmunbox","zip","unzip","offline","npm offline","offline install","install","install offline","npm install","npm install offline","npm offline install","box","unbox"],"description":"npm addon utility for creating and installing from an archive file of an npm install, including dependencies.","version":"0.2.1","homepage":"http://github.com/arei/npmbox","bugs":{"url":"http://github.com/arei/npmbox/issues"},"licenses":[{"type":"MIT","url":"http://github.com/arei/npmbox/blob/master/LICENSE.txt"}],"repository":{"type":"git","url":"git://github.com/arei/npmbox.git"},"main":"npmboxxer.js","bin":{"npmbox":"./bin/npmbox","npmunbox":"./bin/npmunbox"},"engines":{"node":">=0.10"},"dependencies":{"npm":"~1.4.4","tar.gz":"~0.1.1","rmdir":"~1.0.4","optimist":"~0.6.0"},"devDependencies":{},"optionalDependencies":{},"_id":"npmbox@0.2.1","dist":{"shasum":"5a112844795dc28379be7b88c6666e951f6a71bd","tarball":"https://registry.npmjs.org/npmbox/-/npmbox-0.2.1.tgz"},"_from":".","_npmVersion":"1.3.17","_npmUser":{"name":"arei","email":"arei@usa.com"},"maintainers":[{"name":"arei","email":"arei@usa.com"}],"directories":{}},"0.3.0":{"author":{"name":"Glen R. Goodwin","url":"http://www.arei.net"},"name":"npmbox","keywords":["npm","npm utility","npm pack","npm package","npm utilities","npm archive","npm unpack","npm zip","npm unzip","unpack","pack","npmbox","npmunbox","zip","unzip","offline","npm offline","offline install","install","install offline","npm install","npm install offline","npm offline install","box","unbox"],"description":"npm addon utility for creating and installing from an archive file of an npm install, including dependencies.","version":"0.3.0","homepage":"http://github.com/arei/npmbox","bugs":{"url":"http://github.com/arei/npmbox/issues"},"licenses":[{"type":"MIT","url":"http://github.com/arei/npmbox/blob/master/LICENSE.txt"}],"repository":{"type":"git","url":"git://github.com/arei/npmbox.git"},"main":"npmboxxer.js","bin":{"npmbox":"./bin/npmbox","npmunbox":"./bin/npmunbox"},"engines":{"node":">=0.10"},"dependencies":{"npm":"~1.4.7","tar.gz":"~0.1.1","rimraf":"~2.2.6","optimist":"~0.6.1","is":"~0.3.0"},"devDependencies":{},"optionalDependencies":{},"_id":"npmbox@0.3.0","dist":{"shasum":"27fa49c3c578da4db806deb2860ff66a884ffdf6","tarball":"https://registry.npmjs.org/npmbox/-/npmbox-0.3.0.tgz"},"_from":".","_npmVersion":"1.3.17","_npmUser":{"name":"arei","email":"arei@usa.com"},"maintainers":[{"name":"arei","email":"arei@usa.com"}],"directories":{}},"1.0.0":{"author":{"name":"Glen R. Goodwin","url":"http://www.arei.net"},"name":"npmbox","keywords":["npm","npm utility","npm pack","npm package","npm utilities","npm archive","npm unpack","npm zip","npm unzip","unpack","pack","npmbox","npmunbox","zip","unzip","offline","npm offline","offline install","install","install offline","npm install","npm install offline","npm offline install","box","unbox"],"description":"npm addon utility for creating and installing from an archive file of an npm install, including dependencies.","version":"1.0.0","homepage":"http://github.com/arei/npmbox","bugs":{"url":"http://github.com/arei/npmbox/issues"},"licenses":[{"type":"MIT","url":"http://github.com/arei/npmbox/blob/master/LICENSE.txt"}],"repository":{"type":"git","url":"git://github.com/arei/npmbox.git"},"main":"npmboxxer.js","bin":{"npmbox":"./bin/npmbox","npmunbox":"./bin/npmunbox"},"engines":{"node":">=0.10"},"dependencies":{"npm":"~1.4.28","tar.gz":"~0.1.1","rimraf":"~2.2.8","optimist":"~0.6.1","is":"~0.3.0"},"devDependencies":{},"optionalDependencies":{},"_id":"npmbox@1.0.0","_shasum":"e2252f388c0d04d65e963a614ed764e973ccd429","_from":".","_npmVersion":"1.4.9","_npmUser":{"name":"arei","email":"arei@usa.com"},"maintainers":[{"name":"arei","email":"arei@usa.com"}],"dist":{"shasum":"e2252f388c0d04d65e963a614ed764e973ccd429","tarball":"https://registry.npmjs.org/npmbox/-/npmbox-1.0.0.tgz"},"directories":{}},"2.0.0":{"author":{"name":"Glen R. Goodwin","url":"http://www.arei.net"},"name":"npmbox","keywords":["npm","npm utility","npm pack","npm package","npm utilities","npm archive","npm unpack","npm zip","npm unzip","unpack","pack","npmbox","npmunbox","zip","unzip","offline","npm offline","offline install","install","install offline","npm install","npm install offline","npm offline install","box","unbox"],"description":"npm addon utility for creating and installing from an archive file of an npm install, including dependencies.","version":"2.0.0","homepage":"http://github.com/arei/npmbox","bugs":{"url":"http://github.com/arei/npmbox/issues"},"licenses":[{"type":"MIT","url":"http://github.com/arei/npmbox/blob/master/LICENSE.txt"}],"repository":{"type":"git","url":"git://github.com/arei/npmbox.git"},"main":"npmboxxer.js","bin":{"npmbox":"./bin/npmbox","npmunbox":"./bin/npmunbox"},"engines":{"node":">=0.10"},"dependencies":{"npm":"~2.4.1","tar.gz":"~0.1.1","rimraf":"~2.2.8","optimist":"~0.6.1","is":"~2.2.0"},"devDependencies":{},"optionalDependencies":{},"gitHead":"d94f0259c402826fa613efe20cf64466c1c2c70f","_id":"npmbox@2.0.0","scripts":{},"_shasum":"cdf50ea8989ca5d54d15dd9e34239955bb2fbf98","_from":".","_npmVersion":"2.0.1","_nodeVersion":"0.10.32","_npmUser":{"name":"arei","email":"arei@usa.com"},"maintainers":[{"name":"arei","email":"arei@usa.com"}],"dist":{"shasum":"cdf50ea8989ca5d54d15dd9e34239955bb2fbf98","tarball":"https://registry.npmjs.org/npmbox/-/npmbox-2.0.0.tgz"},"directories":{}},"2.0.1":{"author":{"name":"Glen R. Goodwin","url":"http://www.arei.net"},"name":"npmbox","keywords":["npm","npm utility","npm pack","npm package","npm utilities","npm archive","npm unpack","npm zip","npm unzip","unpack","pack","npmbox","npmunbox","zip","unzip","offline","npm offline","offline install","install","install offline","npm install","npm install offline","npm offline install","box","unbox"],"description":"npm addon utility for creating and installing from an archive file of an npm install, including dependencies.","version":"2.0.1","homepage":"http://github.com/arei/npmbox","bugs":{"url":"http://github.com/arei/npmbox/issues"},"licenses":[{"type":"MIT","url":"http://github.com/arei/npmbox/blob/master/LICENSE.txt"}],"repository":{"type":"git","url":"git://github.com/arei/npmbox.git"},"main":"npmboxxer.js","bin":{"npmbox":"./bin/npmbox","npmunbox":"./bin/npmunbox"},"engines":{"node":">=0.10"},"dependencies":{"npm":"~2.4.1","tar.gz":"~0.1.1","rimraf":"~2.2.8","optimist":"~0.6.1","is":"~2.2.0"},"devDependencies":{},"optionalDependencies":{},"gitHead":"4adbae3aefc19604b519ccc39eb0f1f42033953a","_id":"npmbox@2.0.1","scripts":{},"_shasum":"d10db295f179c1f9edc3c29ff59334d680747777","_from":".","_npmVersion":"2.0.1","_nodeVersion":"0.10.32","_npmUser":{"name":"arei","email":"arei@usa.com"},"maintainers":[{"name":"arei","email":"arei@usa.com"}],"dist":{"shasum":"d10db295f179c1f9edc3c29ff59334d680747777","tarball":"https://registry.npmjs.org/npmbox/-/npmbox-2.0.1.tgz"},"directories":{}},"2.1.0":{"author":{"name":"Glen R. Goodwin","url":"http://www.arei.net"},"name":"npmbox","keywords":["npm","npm utility","npm pack","npm package","npm utilities","npm archive","npm unpack","npm zip","npm unzip","unpack","pack","npmbox","npmunbox","zip","unzip","offline","npm offline","offline install","install","install offline","npm install","npm install offline","npm offline install","box","unbox"],"description":"npm addon utility for creating and installing from an archive file of an npm install, including dependencies.","version":"2.1.0","homepage":"http://github.com/arei/npmbox","bugs":{"url":"http://github.com/arei/npmbox/issues"},"licenses":[{"type":"MIT","url":"http://github.com/arei/npmbox/blob/master/LICENSE.txt"}],"repository":{"type":"git","url":"git://github.com/arei/npmbox.git"},"main":"npmboxxer.js","bin":{"npmbox":"./bin/npmbox","npmunbox":"./bin/npmunbox"},"engines":{"node":">=0.10"},"dependencies":{"npm":"~2.4.1","tar.gz":"~0.1.1","rimraf":"~2.2.8","optimist":"~0.6.1","is":"~2.2.0"},"devDependencies":{},"optionalDependencies":{},"gitHead":"55c3e8d9ea5129eab658f330d41ddf59228622b6","_id":"npmbox@2.1.0","scripts":{},"_shasum":"c21a2a0439c74705313a548ec7b0c5089ad61127","_from":".","_npmVersion":"2.0.1","_nodeVersion":"0.10.32","_npmUser":{"name":"arei","email":"arei@usa.com"},"maintainers":[{"name":"arei","email":"arei@usa.com"}],"dist":{"shasum":"c21a2a0439c74705313a548ec7b0c5089ad61127","tarball":"https://registry.npmjs.org/npmbox/-/npmbox-2.1.0.tgz"},"directories":{}},"2.1.1":{"author":{"name":"Glen R. Goodwin","url":"http://www.arei.net"},"name":"npmbox","keywords":["npm","npm utility","npm pack","npm package","npm utilities","npm archive","npm unpack","npm zip","npm unzip","unpack","pack","npmbox","npmunbox","zip","unzip","offline","npm offline","offline install","install","install offline","npm install","npm install offline","npm offline install","box","unbox"],"description":"npm addon utility for creating and installing from an archive file of an npm install, including dependencies.","version":"2.1.1","homepage":"http://github.com/arei/npmbox","bugs":{"url":"http://github.com/arei/npmbox/issues"},"licenses":[{"type":"MIT","url":"http://github.com/arei/npmbox/blob/master/LICENSE.txt"}],"repository":{"type":"git","url":"git://github.com/arei/npmbox.git"},"main":"npmboxxer.js","bin":{"npmbox":"./bin/npmbox","npmunbox":"./bin/npmunbox"},"engines":{"node":">=0.10"},"dependencies":{"npm":"~2.4.1","tar.gz":"~0.1.1","rimraf":"~2.2.8","optimist":"~0.6.1","is":"~2.2.0"},"devDependencies":{},"optionalDependencies":{},"gitHead":"55c3e8d9ea5129eab658f330d41ddf59228622b6","_id":"npmbox@2.1.1","scripts":{},"_shasum":"3e254f740b97efb4fd3e6cae5cd22166cfb22154","_from":".","_npmVersion":"2.0.1","_nodeVersion":"0.10.32","_npmUser":{"name":"arei","email":"arei@usa.com"},"maintainers":[{"name":"arei","email":"arei@usa.com"}],"dist":{"shasum":"3e254f740b97efb4fd3e6cae5cd22166cfb22154","tarball":"https://registry.npmjs.org/npmbox/-/npmbox-2.1.1.tgz"},"directories":{}},"2.1.2":{"author":{"name":"Glen R. Goodwin","url":"http://www.arei.net"},"name":"npmbox","keywords":["npm","npm utility","npm pack","npm package","npm utilities","npm archive","npm unpack","npm zip","npm unzip","unpack","pack","npmbox","npmunbox","zip","unzip","offline","npm offline","offline install","install","install offline","npm install","npm install offline","npm offline install","box","unbox"],"description":"npm addon utility for creating and installing from an archive file of an npm install, including dependencies.","version":"2.1.2","homepage":"http://github.com/arei/npmbox","bugs":{"url":"http://github.com/arei/npmbox/issues"},"licenses":[{"type":"MIT","url":"http://github.com/arei/npmbox/blob/master/LICENSE.txt"}],"repository":{"type":"git","url":"git://github.com/arei/npmbox.git"},"main":"npmboxxer.js","bin":{"npmbox":"./bin/npmbox","npmunbox":"./bin/npmunbox"},"engines":{"node":">=0.10"},"dependencies":{"npm":"~2.4.1","tar.gz":"~0.1.1","rimraf":"~2.2.8","optimist":"~0.6.1","is":"~2.2.1"},"devDependencies":{},"optionalDependencies":{},"gitHead":"30db061ef590dee53bea9e28b57fa9ef04eaa7ba","_id":"npmbox@2.1.2","scripts":{},"_shasum":"b1b0718a4b5af5483edc0c4911525333741a8add","_from":".","_npmVersion":"1.4.28","_npmUser":{"name":"arei","email":"arei@usa.com"},"maintainers":[{"name":"arei","email":"arei@usa.com"}],"dist":{"shasum":"b1b0718a4b5af5483edc0c4911525333741a8add","tarball":"https://registry.npmjs.org/npmbox/-/npmbox-2.1.2.tgz"},"directories":{}},"2.2.0":{"author":{"name":"Glen R. Goodwin","url":"http://www.arei.net"},"name":"npmbox","keywords":["npm","npm utility","npm pack","npm package","npm utilities","npm archive","npm unpack","npm zip","npm unzip","unpack","pack","npmbox","npmunbox","zip","unzip","offline","npm offline","offline install","install","install offline","npm install","npm install offline","npm offline install","box","unbox"],"description":"npm addon utility for creating and installing from an archive file of an npm install, including dependencies.","version":"2.2.0","homepage":"http://github.com/arei/npmbox","bugs":{"url":"http://github.com/arei/npmbox/issues"},"licenses":[{"type":"MIT","url":"http://github.com/arei/npmbox/blob/master/LICENSE.txt"}],"repository":{"type":"git","url":"git://github.com/arei/npmbox.git"},"main":"npmboxxer.js","bin":{"npmbox":"./bin/npmbox","npmunbox":"./bin/npmunbox"},"engines":{"node":">=0.10"},"dependencies":{"npm":"~2.4.1","tar.gz":"~0.1.1","rimraf":"~2.2.8","optimist":"~0.6.1","is":"~2.2.1"},"devDependencies":{},"optionalDependencies":{},"gitHead":"c5cdda9537f7f3c8b02513323241aac6d234ea7c","_id":"npmbox@2.2.0","scripts":{},"_shasum":"8d665def84cca03e84c70f566e1c0ea0cf8daa82","_from":".","_npmVersion":"1.4.28","_npmUser":{"name":"arei","email":"arei@usa.com"},"maintainers":[{"name":"arei","email":"arei@usa.com"}],"dist":{"shasum":"8d665def84cca03e84c70f566e1c0ea0cf8daa82","tarball":"https://registry.npmjs.org/npmbox/-/npmbox-2.2.0.tgz"},"directories":{}},"2.3.0":{"author":{"name":"Glen R. Goodwin","url":"http://www.arei.net"},"name":"npmbox","keywords":["npm","npm utility","npm pack","npm package","npm utilities","npm archive","npm unpack","npm zip","npm unzip","unpack","pack","npmbox","npmunbox","zip","unzip","offline","npm offline","offline install","install","install offline","npm install","npm install offline","npm offline install","box","unbox"],"description":"npm addon utility for creating and installing from an archive file of an npm install, including dependencies.","version":"2.3.0","homepage":"http://github.com/arei/npmbox","bugs":{"url":"http://github.com/arei/npmbox/issues"},"licenses":[{"type":"MIT","url":"http://github.com/arei/npmbox/blob/master/LICENSE.txt"}],"repository":{"type":"git","url":"git://github.com/arei/npmbox.git"},"main":"npmboxxer.js","bin":{"npmbox":"./bin/npmbox","npmunbox":"./bin/npmunbox"},"engines":{"node":">=0.10"},"dependencies":{"decompress":"^2.2.1","is":"^3.0.1","npm":"^2.7.1","optimist":"^0.6.1","rimraf":"^2.3.2","tar.gz":"^0.1.1"},"devDependencies":{},"optionalDependencies":{},"gitHead":"8b7dde2921eae14718fb3aa3df800456796322fd","_id":"npmbox@2.3.0","scripts":{},"_shasum":"8e0305891df0054288f1bf18b30a3bdbc9ae28f3","_from":".","_npmVersion":"1.4.28","_npmUser":{"name":"arei","email":"arei@usa.com"},"maintainers":[{"name":"arei","email":"arei@usa.com"}],"dist":{"shasum":"8e0305891df0054288f1bf18b30a3bdbc9ae28f3","tarball":"https://registry.npmjs.org/npmbox/-/npmbox-2.3.0.tgz"},"directories":{}},"2.3.1":{"author":{"name":"Glen R. Goodwin","url":"http://www.arei.net"},"name":"npmbox","keywords":["npm","npm utility","npm pack","npm package","npm utilities","npm archive","npm unpack","npm zip","npm unzip","unpack","pack","npmbox","npmunbox","zip","unzip","offline","npm offline","offline install","install","install offline","npm install","npm install offline","npm offline install","box","unbox"],"description":"npm addon utility for creating and installing from an archive file of an npm install, including dependencies.","version":"2.3.1","homepage":"http://github.com/arei/npmbox","bugs":{"url":"http://github.com/arei/npmbox/issues"},"licenses":[{"type":"MIT","url":"http://github.com/arei/npmbox/blob/master/LICENSE.txt"}],"repository":{"type":"git","url":"git://github.com/arei/npmbox.git"},"main":"npmboxxer.js","bin":{"npmbox":"./bin/npmbox","npmunbox":"./bin/npmunbox"},"engines":{"node":">=0.10"},"dependencies":{"decompress":"^2.2.1","is":"^3.0.1","npm":"^2.7.1","optimist":"^0.6.1","rimraf":"^2.3.2","tar.gz":"^0.1.1"},"devDependencies":{},"optionalDependencies":{},"gitHead":"6fc7de3260a150bf6552acd6b084931821724c01","_id":"npmbox@2.3.1","scripts":{},"_shasum":"c320b5c176c392d6f0410271359cf24de28ae02e","_from":".","_npmVersion":"1.4.28","_npmUser":{"name":"arei","email":"arei@usa.com"},"maintainers":[{"name":"arei","email":"arei@usa.com"}],"dist":{"shasum":"c320b5c176c392d6f0410271359cf24de28ae02e","tarball":"https://registry.npmjs.org/npmbox/-/npmbox-2.3.1.tgz"},"directories":{}},"2.3.4":{"author":{"name":"Glen R. Goodwin","url":"http://www.arei.net"},"name":"npmbox","keywords":["npm","npm utility","npm pack","npm package","npm utilities","npm archive","npm unpack","npm zip","npm unzip","unpack","pack","npmbox","npmunbox","zip","unzip","offline","npm offline","offline install","install","install offline","npm install","npm install offline","npm offline install","box","unbox"],"description":"npm addon utility for creating and installing from an archive file of an npm install, including dependencies.","version":"2.3.4","homepage":"http://github.com/arei/npmbox","bugs":{"url":"http://github.com/arei/npmbox/issues"},"licenses":[{"type":"MIT","url":"http://github.com/arei/npmbox/blob/master/LICENSE.txt"}],"repository":{"type":"git","url":"git://github.com/arei/npmbox.git"},"main":"npmboxxer.js","bin":{"npmbox":"./bin/npmbox","npmunbox":"./bin/npmunbox"},"engines":{"node":">=0.10"},"dependencies":{"decompress":"^2.2.1","is":"^3.0.1","npm":"^2.7.1","optimist":"^0.6.1","rimraf":"^2.3.2","tar.gz":"^0.1.1"},"devDependencies":{},"optionalDependencies":{},"gitHead":"6842e81a987544ff379d0dd6481c0bda029bc115","_id":"npmbox@2.3.4","scripts":{},"_shasum":"79db8b17074e1aaad700f6b985854add5d073175","_from":".","_npmVersion":"1.4.28","_npmUser":{"name":"arei","email":"arei@usa.com"},"maintainers":[{"name":"arei","email":"arei@usa.com"}],"dist":{"shasum":"79db8b17074e1aaad700f6b985854add5d073175","tarball":"https://registry.npmjs.org/npmbox/-/npmbox-2.3.4.tgz"},"directories":{}},"2.6.0":{"author":{"name":"Glen R. Goodwin","url":"http://www.arei.net"},"name":"npmbox","keywords":["npm","npm utility","npm pack","npm package","npm utilities","npm archive","npm unpack","npm zip","npm unzip","unpack","pack","npmbox","npmunbox","zip","unzip","offline","npm offline","offline install","install","install offline","npm install","npm install offline","npm offline install","box","unbox"],"description":"npm addon utility for creating and installing from an archive file of an npm install, including dependencies.","version":"2.6.0","homepage":"http://github.com/arei/npmbox","bugs":{"url":"http://github.com/arei/npmbox/issues"},"licenses":[{"type":"MIT","url":"http://github.com/arei/npmbox/blob/master/LICENSE.txt"}],"repository":{"type":"git","url":"git://github.com/arei/npmbox.git"},"main":"npmboxxer.js","bin":{"npmbox":"./bin/npmbox","npmunbox":"./bin/npmunbox"},"engines":{"node":">=0.10"},"dependencies":{"decompress":"^2.3.0","is":"^3.0.1","npm":"^2.9.0","optimist":"^0.6.1","rimraf":"^2.3.2","tar.gz":"^0.1.1"},"devDependencies":{},"optionalDependencies":{},"gitHead":"6842e81a987544ff379d0dd6481c0bda029bc115","_id":"npmbox@2.6.0","scripts":{},"_shasum":"33036f937462bb1f6d31931722e61d770424be04","_from":".","_npmVersion":"1.4.28","_npmUser":{"name":"arei","email":"arei@usa.com"},"maintainers":[{"name":"arei","email":"arei@usa.com"}],"dist":{"shasum":"33036f937462bb1f6d31931722e61d770424be04","tarball":"https://registry.npmjs.org/npmbox/-/npmbox-2.6.0.tgz"},"directories":{}},"2.6.1":{"author":{"name":"Glen R. Goodwin","url":"http://www.arei.net"},"name":"npmbox","keywords":["npm","npm utility","npm pack","npm package","npm utilities","npm archive","npm unpack","npm zip","npm unzip","unpack","pack","npmbox","npmunbox","zip","unzip","offline","npm offline","offline install","install","install offline","npm install","npm install offline","npm offline install","box","unbox"],"description":"npm addon utility for creating and installing from an archive file of an npm install, including dependencies.","version":"2.6.1","homepage":"http://github.com/arei/npmbox","bugs":{"url":"http://github.com/arei/npmbox/issues"},"licenses":[{"type":"MIT","url":"http://github.com/arei/npmbox/blob/master/LICENSE.txt"}],"repository":{"type":"git","url":"git://github.com/arei/npmbox.git"},"main":"npmboxxer.js","bin":{"npmbox":"./bin/npmbox","npmunbox":"./bin/npmunbox"},"engines":{"node":">=0.10"},"dependencies":{"decompress":"^2.3.0","is":"^3.0.1","npm":"^2.9.0","optimist":"^0.6.1","rimraf":"^2.3.2","tar.gz":"^0.1.1"},"devDependencies":{},"optionalDependencies":{},"gitHead":"7fa25fe2944798faf05cb6b810b91bef2c6d80f7","_id":"npmbox@2.6.1","scripts":{},"_shasum":"ce8fb27f7c101b0401cc8fa71298c206e7f7fedf","_from":".","_npmVersion":"1.4.28","_npmUser":{"name":"arei","email":"arei@usa.com"},"maintainers":[{"name":"arei","email":"arei@usa.com"}],"dist":{"shasum":"ce8fb27f7c101b0401cc8fa71298c206e7f7fedf","tarball":"https://registry.npmjs.org/npmbox/-/npmbox-2.6.1.tgz"},"directories":{}},"2.6.2":{"author":{"name":"Glen R. Goodwin","url":"http://www.arei.net"},"name":"npmbox","keywords":["npm","npm utility","npm pack","npm package","npm utilities","npm archive","npm unpack","npm zip","npm unzip","unpack","pack","npmbox","npmunbox","zip","unzip","offline","npm offline","offline install","install","install offline","npm install","npm install offline","npm offline install","box","unbox"],"description":"npm addon utility for creating and installing from an archive file of an npm install, including dependencies.","version":"2.6.2","homepage":"http://github.com/arei/npmbox","bugs":{"url":"http://github.com/arei/npmbox/issues"},"licenses":[{"type":"MIT","url":"http://github.com/arei/npmbox/blob/master/LICENSE.txt"}],"repository":{"type":"git","url":"git://github.com/arei/npmbox.git"},"main":"npmboxxer.js","bin":{"npmbox":"./bin/npmbox","npmunbox":"./bin/npmunbox"},"engines":{"node":">=0.10"},"dependencies":{"decompress":"2.3.0","is":"3.0.1","npm":"2.9.0","optimist":"0.6.1","rimraf":"2.3.2","tar.gz":"0.1.1"},"devDependencies":{},"optionalDependencies":{},"gitHead":"83e18ab2d52b6fd240d1273278720c7fb83bf1c7","_id":"npmbox@2.6.2","scripts":{},"_shasum":"c3a16748b967ec49e9b2db790f2707217b152568","_from":".","_npmVersion":"2.11.2","_nodeVersion":"0.12.5","_npmUser":{"name":"arei","email":"arei@usa.com"},"maintainers":[{"name":"arei","email":"arei@usa.com"}],"dist":{"shasum":"c3a16748b967ec49e9b2db790f2707217b152568","tarball":"https://registry.npmjs.org/npmbox/-/npmbox-2.6.2.tgz"},"directories":{}},"2.7.0":{"author":{"name":"Glen R. Goodwin","url":"http://www.arei.net"},"name":"npmbox","keywords":["npm","npm utility","npm pack","npm package","npm utilities","npm archive","npm unpack","npm zip","npm unzip","unpack","pack","npmbox","npmunbox","zip","unzip","offline","npm offline","offline install","install","install offline","npm install","npm install offline","npm offline install","box","unbox"],"description":"npm addon utility for creating and installing from an archive file of an npm install, including dependencies.","version":"2.7.0","homepage":"http://github.com/arei/npmbox","bugs":{"url":"http://github.com/arei/npmbox/issues"},"licenses":[{"type":"MIT","url":"http://github.com/arei/npmbox/blob/master/LICENSE.txt"}],"repository":{"type":"git","url":"git://github.com/arei/npmbox.git"},"main":"npmboxxer.js","bin":{"npmbox":"./bin/npmbox","npmunbox":"./bin/npmunbox"},"engines":{"node":">=0.10"},"dependencies":{"decompress":"2.3.0","is":"3.0.1","npm":"2.9.0","optimist":"0.6.1","rimraf":"2.3.2","tar.gz":"0.1.1"},"devDependencies":{},"optionalDependencies":{},"gitHead":"16941c76b42e5772831b676e935e8bc69897dd7b","_id":"npmbox@2.7.0","scripts":{},"_shasum":"a86be39d2bffd593581383f64c056e712ebd2af9","_from":".","_npmVersion":"2.11.2","_nodeVersion":"0.12.5","_npmUser":{"name":"arei","email":"arei@usa.com"},"maintainers":[{"name":"arei","email":"arei@usa.com"}],"dist":{"shasum":"a86be39d2bffd593581383f64c056e712ebd2af9","tarball":"https://registry.npmjs.org/npmbox/-/npmbox-2.7.0.tgz"},"directories":{}},"3.0.0":{"author":{"name":"Glen R. Goodwin","url":"http://www.arei.net"},"name":"npmbox","keywords":["npm","npm utility","npm pack","npm package","npm utilities","npm archive","npm unpack","npm zip","npm unzip","unpack","pack","npmbox","npmunbox","zip","unzip","offline","npm offline","offline install","install","install offline","npm install","npm install offline","npm offline install","box","unbox"],"description":"npm addon utility for creating and installing from an archive file of an npm install, including dependencies.","version":"3.0.0","homepage":"http://github.com/arei/npmbox","bugs":{"url":"http://github.com/arei/npmbox/issues"},"license":"MIT","licenses":[{"type":"MIT","url":"http://github.com/arei/npmbox/blob/master/LICENSE.txt"}],"repository":{"type":"git","url":"git://github.com/arei/npmbox.git"},"main":"npmboxxer.js","bin":{"npmbox":"./bin/npmbox","npmunbox":"./bin/npmunbox"},"engines":{"node":">=4.0.0"},"dependencies":{"decompress":"2.3.0","is":"3.1.0","optimist":"0.6.1","npm-package-arg":"4.2.0","tar.gz":"1.0.5","rimraf":"2.5.2","npm":"3.10.3"},"devDependencies":{},"optionalDependencies":{},"gitHead":"8fe86b268cf2b060df9b7baca672615b865efed7","_id":"npmbox@3.0.0","scripts":{},"_shasum":"910a2b985758c1006ecde18255d7eac594e69f81","_from":".","_npmVersion":"2.14.2","_nodeVersion":"4.0.0","_npmUser":{"name":"arei","email":"arei@usa.com"},"maintainers":[{"name":"arei","email":"arei@usa.com"}],"dist":{"shasum":"910a2b985758c1006ecde18255d7eac594e69f81","tarball":"https://registry.npmjs.org/npmbox/-/npmbox-3.0.0.tgz"},"_npmOperationalInternal":{"host":"packages-12-west.internal.npmjs.com","tmp":"tmp/npmbox-3.0.0.tgz_1467132851018_0.9891939556691796"},"directories":{}},"3.1.0":{"author":{"name":"Glen R. Goodwin","url":"http://www.arei.net"},"name":"npmbox","keywords":["npm","npm utility","npm pack","npm package","npm utilities","npm archive","npm unpack","npm zip","npm unzip","unpack","pack","npmbox","npmunbox","zip","unzip","offline","npm offline","offline install","install","install offline","npm install","npm install offline","npm offline install","box","unbox"],"description":"npm addon utility for creating and installing from an archive file of an npm install, including dependencies.","version":"3.1.0","homepage":"http://github.com/arei/npmbox","bugs":{"url":"http://github.com/arei/npmbox/issues"},"license":"MIT","licenses":[{"type":"MIT","url":"http://github.com/arei/npmbox/blob/master/LICENSE.txt"}],"repository":{"type":"git","url":"git://github.com/arei/npmbox.git"},"main":"npmboxxer.js","bin":{"npmbox":"./bin/npmbox","npmunbox":"./bin/npmunbox"},"engines":{"node":">=4.0.0"},"dependencies":{"is":"3.1.0","optimist":"0.6.1","npm-package-arg":"4.2.0","tar.gz":"1.0.5","rimraf":"2.5.2","npm":"3.10.3"},"devDependencies":{},"optionalDependencies":{},"gitHead":"6af0046f8d55a20450c7d15f240b58da7588b864","_id":"npmbox@3.1.0","scripts":{},"_shasum":"aa2eb44f6840e01fa9b37ced153c84441b47e57d","_from":".","_npmVersion":"2.14.2","_nodeVersion":"4.0.0","_npmUser":{"name":"arei","email":"arei@usa.com"},"maintainers":[{"name":"arei","email":"arei@usa.com"}],"dist":{"shasum":"aa2eb44f6840e01fa9b37ced153c84441b47e57d","tarball":"https://registry.npmjs.org/npmbox/-/npmbox-3.1.0.tgz"},"_npmOperationalInternal":{"host":"packages-16-east.internal.npmjs.com","tmp":"tmp/npmbox-3.1.0.tgz_1467217618230_0.04671389563009143"},"directories":{}},"3.1.1":{"author":{"name":"Glen R. Goodwin","url":"http://www.arei.net"},"name":"npmbox","keywords":["npm","npm utility","npm pack","npm package","npm utilities","npm archive","npm unpack","npm zip","npm unzip","unpack","pack","npmbox","npmunbox","zip","unzip","offline","npm offline","offline install","install","install offline","npm install","npm install offline","npm offline install","box","unbox"],"description":"npm addon utility for creating and installing from an archive file of an npm install, including dependencies.","version":"3.1.1","homepage":"http://github.com/arei/npmbox","bugs":{"url":"http://github.com/arei/npmbox/issues"},"license":"MIT","licenses":[{"type":"MIT","url":"http://github.com/arei/npmbox/blob/master/LICENSE.txt"}],"repository":{"type":"git","url":"git://github.com/arei/npmbox.git"},"main":"npmboxxer.js","bin":{"npmbox":"./bin/npmbox","npmunbox":"./bin/npmunbox"},"engines":{"node":">=4.0.0"},"dependencies":{"is":"3.1.0","optimist":"0.6.1","npm-package-arg":"4.2.0","tar.gz":"1.0.5","rimraf":"2.5.2","npm":"3.10.3"},"devDependencies":{},"optionalDependencies":{},"gitHead":"fa376dc0acd42f4bd12fce4d966b491b6a9056e9","_id":"npmbox@3.1.1","scripts":{},"_shasum":"c0df91e5a8bf8c5c410e35690ceb75f23c185137","_from":".","_npmVersion":"2.14.2","_nodeVersion":"4.0.0","_npmUser":{"name":"arei","email":"arei@usa.com"},"maintainers":[{"name":"arei","email":"arei@usa.com"}],"dist":{"shasum":"c0df91e5a8bf8c5c410e35690ceb75f23c185137","tarball":"https://registry.npmjs.org/npmbox/-/npmbox-3.1.1.tgz"},"_npmOperationalInternal":{"host":"packages-16-east.internal.npmjs.com","tmp":"tmp/npmbox-3.1.1.tgz_1467220688920_0.325093554565683"},"directories":{}},"4.0.0":{"author":{"name":"Glen R. Goodwin","url":"http://www.arei.net"},"name":"npmbox","keywords":["npm","npm utility","npm pack","npm package","npm utilities","npm archive","npm unpack","npm zip","npm unzip","unpack","pack","npmbox","npmunbox","zip","unzip","offline","npm offline","offline install","install","install offline","npm install","npm install offline","npm offline install","box","unbox"],"description":"npm addon utility for creating and installing from an archive file of an npm install, including dependencies.","version":"4.0.0","homepage":"http://github.com/arei/npmbox","bugs":{"url":"http://github.com/arei/npmbox/issues"},"license":"MIT","licenses":[{"type":"MIT","url":"http://github.com/arei/npmbox/blob/master/LICENSE.txt"}],"repository":{"type":"git","url":"git://github.com/arei/npmbox.git"},"main":"npmboxxer.js","bin":{"npmbox":"./bin/npmbox","npmunbox":"./bin/npmunbox"},"engines":{"node":">=4.0.0"},"dependencies":{"is":"3.1.0","optimist":"0.6.1","npm-package-arg":"4.2.0","tar.gz":"1.0.2","rimraf":"2.5.2","npm":"3.10.3"},"devDependencies":{},"optionalDependencies":{},"gitHead":"7d7e8fb20a99db50f171bf5d8e9acb8c0ee63df7","_id":"npmbox@4.0.0","scripts":{},"_shasum":"36f64b655e022579eafa6bba1a846d22569728a1","_from":".","_npmVersion":"3.10.3","_nodeVersion":"6.3.1","_npmUser":{"name":"arei","email":"arei@usa.com"},"maintainers":[{"name":"arei","email":"arei@usa.com"}],"dist":{"shasum":"36f64b655e022579eafa6bba1a846d22569728a1","tarball":"https://registry.npmjs.org/npmbox/-/npmbox-4.0.0.tgz"},"_npmOperationalInternal":{"host":"packages-16-east.internal.npmjs.com","tmp":"tmp/npmbox-4.0.0.tgz_1470767680320_0.8959690388292074"},"directories":{}},"4.0.1":{"author":{"name":"Glen R. Goodwin","url":"http://www.arei.net"},"name":"npmbox","keywords":["npm","npm utility","npm pack","npm package","npm utilities","npm archive","npm unpack","npm zip","npm unzip","unpack","pack","npmbox","npmunbox","zip","unzip","offline","npm offline","offline install","install","install offline","npm install","npm install offline","npm offline install","box","unbox"],"description":"npm addon utility for creating and installing from an archive file of an npm install, including dependencies.","version":"4.0.1","homepage":"http://github.com/arei/npmbox","bugs":{"url":"http://github.com/arei/npmbox/issues"},"license":"MIT","licenses":[{"type":"MIT","url":"http://github.com/arei/npmbox/blob/master/LICENSE.txt"}],"repository":{"type":"git","url":"git://github.com/arei/npmbox.git"},"main":"npmboxxer.js","bin":{"npmbox":"./bin/npmbox","npmunbox":"./bin/npmunbox"},"engines":{"node":">=4.0.0"},"dependencies":{"is":"3.1.0","optimist":"0.6.1","npm-package-arg":"4.2.0","tar.gz":"1.0.2","rimraf":"2.5.2","npm":"3.10.3"},"devDependencies":{},"optionalDependencies":{},"gitHead":"9b8a4f688d4317072e7f58bea73adb40b38563e8","_id":"npmbox@4.0.1","scripts":{},"_shasum":"87826a6f33c511a3b0be125db4fd23b296388337","_from":".","_npmVersion":"3.10.3","_nodeVersion":"6.4.0","_npmUser":{"name":"arei","email":"arei@usa.com"},"maintainers":[{"name":"arei","email":"arei@usa.com"}],"dist":{"shasum":"87826a6f33c511a3b0be125db4fd23b296388337","tarball":"https://registry.npmjs.org/npmbox/-/npmbox-4.0.1.tgz"},"_npmOperationalInternal":{"host":"packages-16-east.internal.npmjs.com","tmp":"tmp/npmbox-4.0.1.tgz_1475603959140_0.16378817008808255"},"directories":{}},"4.0.2":{"author":{"name":"Glen R. Goodwin","url":"http://www.arei.net"},"name":"npmbox","keywords":["npm","npm utility","npm pack","npm package","npm utilities","npm archive","npm unpack","npm zip","npm unzip","unpack","pack","npmbox","npmunbox","zip","unzip","offline","npm offline","offline install","install","install offline","npm install","npm install offline","npm offline install","box","unbox"],"description":"npm addon utility for creating and installing from an archive file of an npm install, including dependencies.","version":"4.0.2","homepage":"http://github.com/arei/npmbox","bugs":{"url":"http://github.com/arei/npmbox/issues"},"license":"MIT","licenses":[{"type":"MIT","url":"http://github.com/arei/npmbox/blob/master/LICENSE.txt"}],"repository":{"type":"git","url":"git://github.com/arei/npmbox.git"},"main":"npmboxxer.js","bin":{"npmbox":"./bin/npmbox","npmunbox":"./bin/npmunbox"},"engines":{"node":">=4.0.0"},"dependencies":{"fs-extra":"1.0.0","is":"3.1.0","optimist":"0.6.1","npm-package-arg":"4.2.0","tar.gz":"1.0.2","npm":"3.10.3"},"devDependencies":{},"optionalDependencies":{},"gitHead":"01f469969544266e104b7b8667065070ca82a5a0","_id":"npmbox@4.0.2","scripts":{},"_shasum":"0e3bfc0ba61e95420bc3732cc1979a3bafd328b5","_from":".","_npmVersion":"3.10.8","_nodeVersion":"6.7.0","_npmUser":{"name":"danfuzz","email":"danfuzz@milk.com"},"dist":{"shasum":"0e3bfc0ba61e95420bc3732cc1979a3bafd328b5","tarball":"https://registry.npmjs.org/npmbox/-/npmbox-4.0.2.tgz"},"maintainers":[{"name":"arei","email":"arei@usa.com"},{"name":"danfuzz","email":"danfuzz@milk.com"}],"_npmOperationalInternal":{"host":"packages-18-east.internal.npmjs.com","tmp":"tmp/npmbox-4.0.2.tgz_1482270616637_0.6681273214053363"},"directories":{}},"4.1.0":{"author":{"name":"Glen R. Goodwin","url":"http://www.arei.net"},"name":"npmbox","keywords":["npm","npm utility","npm pack","npm package","npm utilities","npm archive","npm unpack","npm zip","npm unzip","unpack","pack","npmbox","npmunbox","zip","unzip","offline","npm offline","offline install","install","install offline","npm install","npm install offline","npm offline install","box","unbox"],"description":"npm addon utility for creating and installing from an archive file of an npm install, including dependencies.","version":"4.1.0","homepage":"http://github.com/arei/npmbox","bugs":{"url":"http://github.com/arei/npmbox/issues"},"license":"MIT","licenses":[{"type":"MIT","url":"http://github.com/arei/npmbox/blob/master/LICENSE.txt"}],"repository":{"type":"git","url":"git://github.com/arei/npmbox.git"},"main":"npmboxxer.js","bin":{"npmbox":"./bin/npmbox","npmunbox":"./bin/npmunbox"},"engines":{"node":">=4.0.0"},"dependencies":{"fs-extra":"1.0.0","is":"3.1.0","optimist":"0.6.1","npm-package-arg":"4.2.0","tar.gz":"1.0.2","npm":"3.10.3"},"devDependencies":{},"optionalDependencies":{},"gitHead":"9d687ea9a350fb4878d7e3eff6d66d1594e7c035","_id":"npmbox@4.1.0","scripts":{},"_shasum":"08fdb2d21d0aeac11b1e5b5fba9517c621e60fcb","_from":".","_npmVersion":"3.10.8","_nodeVersion":"6.7.0","_npmUser":{"name":"danfuzz","email":"danfuzz@milk.com"},"dist":{"shasum":"08fdb2d21d0aeac11b1e5b5fba9517c621e60fcb","tarball":"https://registry.npmjs.org/npmbox/-/npmbox-4.1.0.tgz"},"maintainers":[{"name":"arei","email":"arei@usa.com"},{"name":"danfuzz","email":"danfuzz@milk.com"}],"_npmOperationalInternal":{"host":"packages-18-east.internal.npmjs.com","tmp":"tmp/npmbox-4.1.0.tgz_1482347641213_0.46013640286400914"},"directories":{}},"4.2.0":{"author":{"name":"Glen R. Goodwin","url":"http://www.arei.net"},"name":"npmbox","keywords":["npm","npm utility","npm pack","npm package","npm utilities","npm archive","npm unpack","npm zip","npm unzip","unpack","pack","npmbox","npmunbox","zip","unzip","offline","npm offline","offline install","install","install offline","npm install","npm install offline","npm offline install","box","unbox"],"description":"npm addon utility for creating and installing from an archive file of an npm install, including dependencies.","version":"4.2.0","homepage":"http://github.com/arei/npmbox","bugs":{"url":"http://github.com/arei/npmbox/issues"},"license":"MIT","licenses":[{"type":"MIT","url":"http://github.com/arei/npmbox/blob/master/LICENSE.txt"}],"repository":{"type":"git","url":"git://github.com/arei/npmbox.git"},"main":"npmboxxer.js","bin":{"npmbox":"./bin/npmbox","npmunbox":"./bin/npmunbox"},"engines":{"node":">=4.0.0"},"dependencies":{"fs-extra":"1.0.0","is":"3.1.0","npm":"3.10.3","npm-package-arg":"4.2.0","optimist":"0.6.1","read-package-json":"2.0.4","tar.gz":"1.0.2","tmp":"0.0.31"},"devDependencies":{},"optionalDependencies":{},"gitHead":"671354ae4304745e2974445c19e9a068aa49d98a","_id":"npmbox@4.2.0","scripts":{},"_shasum":"71c9aebdcc9e356b4e02eafbfac6e53fa631c80e","_from":".","_npmVersion":"3.10.8","_nodeVersion":"6.7.0","_npmUser":{"name":"danfuzz","email":"danfuzz@milk.com"},"dist":{"shasum":"71c9aebdcc9e356b4e02eafbfac6e53fa631c80e","tarball":"https://registry.npmjs.org/npmbox/-/npmbox-4.2.0.tgz"},"maintainers":[{"name":"arei","email":"arei@usa.com"},{"name":"danfuzz","email":"danfuzz@milk.com"}],"_npmOperationalInternal":{"host":"packages-12-west.internal.npmjs.com","tmp":"tmp/npmbox-4.2.0.tgz_1482520378871_0.11963591817766428"},"directories":{}},"4.2.1":{"author":{"name":"Glen R. Goodwin","url":"http://www.arei.net"},"name":"npmbox","keywords":["npm","npm utility","npm pack","npm package","npm utilities","npm archive","npm unpack","npm zip","npm unzip","unpack","pack","npmbox","npmunbox","zip","unzip","offline","npm offline","offline install","install","install offline","npm install","npm install offline","npm offline install","box","unbox"],"description":"npm addon utility for creating and installing from an archive file of an npm install, including dependencies.","version":"4.2.1","homepage":"http://github.com/arei/npmbox","bugs":{"url":"http://github.com/arei/npmbox/issues"},"license":"MIT","licenses":[{"type":"MIT","url":"http://github.com/arei/npmbox/blob/master/LICENSE.txt"}],"repository":{"type":"git","url":"git://github.com/arei/npmbox.git"},"main":"npmboxxer.js","bin":{"npmbox":"./bin/npmbox","npmunbox":"./bin/npmunbox"},"engines":{"node":">=4.0.0"},"dependencies":{"fs-extra":"1.0.0","is":"3.1.0","npm":"3.10.3","npm-package-arg":"4.2.0","optimist":"0.6.1","read-package-json":"2.0.4","tar.gz":"1.0.2","tmp":"0.0.31"},"devDependencies":{},"optionalDependencies":{},"gitHead":"29c6c9b8065217be842f42f0f1bebd159ff6e021","_id":"npmbox@4.2.1","scripts":{},"_shasum":"8a093beb98ee1b917903b2340bcf736584d2b624","_from":".","_npmVersion":"3.10.10","_nodeVersion":"6.10.0","_npmUser":{"name":"arei","email":"arei@usa.com"},"maintainers":[{"name":"arei","email":"arei@usa.com"},{"name":"danfuzz","email":"danfuzz@milk.com"}],"dist":{"shasum":"8a093beb98ee1b917903b2340bcf736584d2b624","tarball":"https://registry.npmjs.org/npmbox/-/npmbox-4.2.1.tgz"},"_npmOperationalInternal":{"host":"packages-12-west.internal.npmjs.com","tmp":"tmp/npmbox-4.2.1.tgz_1492617782302_0.3344021658413112"},"directories":{}}},"readme":"[![Build Status](https://travis-ci.org/arei/npmbox.svg)](https://travis-ci.org/arei/npmbox)\n\n[![NPM](https://nodei.co/npm/npmbox.png)](https://nodei.co/npm/npmbox/)\n\n-------\n\n## What is npmbox?\n\nnpm addon utility for creating and installing from an archive file of an npm install, including dependencies.  This lets you create a \"box\" of an installable package and move it to an offline system that will only install from that box.\n\nnpmbox is intended to be a proof of concept with regards to this issue filled against this npm feature request: [[Feature] Bundle/Include Dependencies](https://github.com/isaacs/npm/issues/4210).  Ideally, we would like to see the npmbox functionality built into npm so a third party tool like npmbox is not required or necessary. Please go add your support over at that ticket to help get us some visibility... or, even better, go write the code!\n\n## npmbox news\n\nUPDATE April 19, 2017: v4.2.1 of npmbox is out.\n  * Escapes package names with forward slash characters. #86\n  * Minor linting changes.\n\nUPDATE December 22, 2016: v4.2.0 of npmbox is out.\n  * Support for accepting a `package.json` file when boxing. This will cause its\n    dependencies to get boxed.\n  * Start using a temporary directory instead of the CWD for temporary files and\n    directories. **Note:** This fixes the problem noted in v4.1.0 whereby\n    `npmbox` of the current directory would fail.\n  * New unbox option `--install=<pkg>` to install any package while using the\n    box contents for dependencies. This can be used to install a local package\n    (from the filesystem) while using a box for dependencies, e.g.\n    `cd path/to/my/package; npmunbox --install=. path/to/box.npmbox`\n  * New unbox option `--scripts` to enable running of scripts. (By default,\n    npmbox acts like `--ignore-scripts` was specified.)\n  * New options `--proxy` and `--https-proxy` which pass through to the\n    underlying `npm` invocation. Works on both `npmbox` and `npmunbox`. In the\n    latter case, this can help prevent unboxing from inadvertently hitting the\n    network (by specifying nonexistent proxies).\n\nAlso worthy of note is that npm, inc. has begun thinking and working in how to do this within npm itself (and hopefully obsoleting this project entirely).  There's a good blog post over at npm, inc called \"dealing with problematic dependencies in a restricted network environment\" that details some of the problems: [Check it out here!](http://blog.npmjs.org/post/145724408060/dealing-with-problematic-dependencies-in-a)\n\n## Usage of `npmbox`\n\nGiven some package, like `express` this command will create a archive file of that package and all of its dependencies, such that a npmunbox of that archive file will install express and all of its dependencies.\n\n    npmbox - Create an archive for offline installation of one or more packages.\n\n    Usage:\n\n          npmbox --help\n          npmbox [options] <package> <package>...\n\n    Options:\n\n        -v, --verbose         Shows npm output which is normally hidden.\n        -s, --silent          Shows no output whatsoever.\n        -t, --target          Specify the .npmbox file to write.\n        --proxy=<url>         npm --proxy switch.\n        --https-proxy=<url>   npm --https-proxy switch.\n\nYou must specify at least one package. Packages can be anything accepted as\nan argument to `npm install`, and can also be a local path to a `.json` file,\nassumed to be in `package.json` format; in this case, the dependencies listed\nin the file are included in the box (except for `devDependencies`).\n\nAll specified packages get bundled into a single archive.\n\nnpmbox files end with the .npmbox extension.\n\nNOTE: When creating an archive file for a package destined to be installed on an offline machine clear your npm cache before using npmbox.\n\n    npm cache clean\n\n## Usage of `npmunbox`\n\nGiven some .npmbox file (must end with the .npmbox extension), installs the contents and all of it dependencies.\n\n    npmunbox - Extracts a .npmbox file and installs the contained package.\n\n    Usage:\n\n        npmunbox --help\n        npmunbox [options] <nmpbox-file> <npmbox-file>...\n\n    Options:\n\n        -v, --verbose         Shows npm output which is normally hidden.\n        -s, --silent          Shows additional output which is normally hidden.\n        -p, --path            Specify the path to a folder from which the .npmbox file(s) will be read.\n        -i, --install=<pkg>   Installs the indicated package instead of using the .npmbox manifest.\n        --scripts             Enable running of scripts during installation.\n        -g, --global          Installs package globally as if --global was passed to npm.\n        -C, --prefix          npm --prefix switch.\n        -S, --save            npm --save switch.\n        -D, --save-dev        npm --save-dev switch.\n        -O, --save-optional   npm --save-optional switch.\n        -B, --save-bundle     npm --save-bundle switch.\n        -E, --save-exact      npm --save-exact switch.\n        --proxy=<url>         npm --proxy switch.\n        --https-proxy=<url>   npm --https-proxy switch.\n\nYou must specify at least one file.\n\nYou may specify more than one file, and each will be installed.\n\nIf an .npmbox file contains multiple packages, unboxing the .npmbox will install ALL of those packages.\n\n## Using `npmunbox` without npmbox being installed\n\nA particular use case with npmunbox comes up fairly often: **how do I use npmbox without first installing npmbox**.  Specifically, many people have asked for a way to run npmunbox as a means to installing npmbox.  You can see that this is a bit of a chicken and egg problem.  How do we install npmbox from an npmbox file?\n\n### Installing npmbox from an .npmbox file\n\n**On a system that does have access to the Internet, you need to do the following:**\n\n1). If npmbox is not globally installed on your online system, do so now:\n\n    npm install -g npmbox\n\n2). In a folder in which you can read/write:\n\n    npmbox npmbox\n\n3). Copy the resulting `npmbox.npmbox` file to you offline system in whatever manner allowed to you,  This could involve coping to movable media and transferring that way, however you would do it.\n\n**On the system you want to install npmbox to, do the following:**\n\n1). Create a new directory:\n\n    mkdir somedir\n\n2). Change to it:\n\n    cd somedir\n\n3). Copy the npmbox.npmbox folder into this directory:\n\n    cp /media/usb/npmbox.npmbox .\n\nor\n\n    copy E:\\npmbox.npmbox .\n\n4). Untar the .npmbox file.  This will create the .npmbox.cache folder.\n\n    tar --no-same-owner --no-same-permissions -xvzf npmbox.npmbox\n\nNOTE: If for some reason `--no-same-owner` or `--no-same-permissions` do not work, remove them and adjust the permissions/ownership yourself.  You will need to ensure that npm can see all the files in the .npmbox.cache file structure.\n\nNOTE: On some OSes it may also be necessary to drop the `-z` switch from the tar command as well.\n\nNOTE: On windows you might not have the tar command.  You can use another zip utility (like 7-zip or winzip) to extract the file if you like.  Just please note that the file is a .tar.gz file and thus you may need to extract it twice, once for the zip, the second for the tar.  **If you do this, please make sure to remove the tar file from your local directory before running the npm command below.**\n\n5). Install npmbox globally using the following command.\n\nFor unix or macs...\n\n    npm install --global --cache ./.npmbox.cache --optional --cache-min 99999999999 --shrinkwrap false npmbox\n\nFor windows...\n\n    npm install --global --cache .\\.npmbox.cache --optional --cache-min 99999999999 --shrinkwrap false npmbox\n\nNOTE: If you have a file called `npmbox` (no extension) in the local directory, this will not work correctly.  Please remove said `npmbox` file.\n\n6). Once npmbox is installed globally you can use it to install other .npmbox files:\n\n    npmunbox blah\n\nNOTE: If you are running into issues where npmunbox is still trying to reach out to the internet it may help to try clearing your npm cache on the machine\n\n    npm cache clean\n\n## Common Problems\n\nQuick FAQ to hopefully answer some of the questions out there that seem to keep creeping up...\n\n1). Help Please!\n\nSorry, I am only one person and I already have a full time job.  Using open source solutions come at the risk of almost no support. If after reading this entire faq you still think you have a bug, file a bug.  Or better yet, grab the source code, fix it, and submit a pull request.  I love pull requests.\n\n2). npmunbox keep trying to connect to registry.npmjs.org on my offline system.\n\n99% of the time this occurs is because the npmbox didn't get some resource that npmunbox is looking for and cannot find in the npmbox file. This happens.  There are TONS of edge cases that npmbox misses.  Two worth nothing:\n  * Some packages reference git repos instead of npm packages.  This has been fixed as of version 3.0 of npmbox.  Very exciting.\n  * Packages that execute external scripts that call out to git repos or npm are entirely outside of the control of npmbox.  Not much we can do about that.\n\n3). When I run the command described above to install npmbox on my offline machine I get an error.\n\nThis if frequently caused by incorrectly referencing where the `.npmbox-cache` file is.  Please check the section of the command `--cache .\\.npmbox-cache` and make sure it is pointing at the correct location.\n\n4). When is npm going to add this functionality?\n\nnpm, inc. is actively working on this problem as we speak.  Read this blog post for some of the challenges they are facing:  [Check it out here!](http://blog.npmjs.org/post/145724408060/dealing-with-problematic-dependencies-in-a)\n\n5). I used to be able to create multiple .npmbox files with a single command. Why did that change?\n\nIn order to support multiple npm packages in a single .npmbox file we had to change how this works.  It's still possible to create multiple .npmbox per package, but you will just need to run the command multiple times.\n\n6). But I wanted it to work the old way with one .npmbox file per package.\n\nSorry.  The multiple packages per single file change is a big deal.  It lets you create a single .npmbox with multiple packages but without redundant libraries being include multiple times.  So nice. Multiple packages in a single .npmbox file also lets you unbox a single .npmbox file and get multiple installs.\n","maintainers":[{"name":"arei","email":"arei@usa.com"},{"name":"danfuzz","email":"danfuzz@milk.com"}],"time":{"modified":"2017-06-18T17:08:55.617Z","created":"2013-05-18T23:09:19.389Z","0.1.3":"2013-05-18T23:09:21.027Z","0.1.4":"2013-10-07T16:57:19.554Z","0.1.5":"2014-01-09T17:14:42.020Z","0.1.6":"2014-01-17T18:43:02.345Z","0.2.0":"2014-01-17T20:24:17.243Z","0.0.1":"2014-01-20T21:34:05.053Z","0.2.1":"2014-04-22T14:32:47.461Z","0.3.0":"2014-04-24T16:32:19.655Z","1.0.0":"2014-09-19T14:59:05.676Z","2.0.0":"2015-02-04T03:32:14.157Z","2.0.1":"2015-02-04T04:13:36.574Z","2.1.0":"2015-02-04T05:47:17.008Z","2.1.1":"2015-02-04T05:50:27.001Z","2.1.2":"2015-02-09T17:41:15.838Z","2.2.0":"2015-03-04T16:58:10.824Z","2.3.0":"2015-03-10T15:23:16.164Z","2.3.1":"2015-03-10T15:27:32.225Z","2.3.2":"2015-04-28T12:34:15.002Z","2.3.3":"2015-04-28T13:02:45.886Z","2.3.4":"2015-04-28T13:05:33.787Z","2.3.5":"2015-04-28T13:18:10.099Z","2.6.0":"2015-04-28T13:19:35.167Z","2.6.1":"2015-04-28T13:49:13.209Z","2.6.2":"2015-07-01T21:42:24.298Z","2.7.0":"2015-07-01T21:54:22.681Z","3.0.0":"2016-06-28T16:54:13.354Z","3.1.0":"2016-06-29T16:26:59.712Z","3.1.1":"2016-06-29T17:18:10.384Z","4.0.0":"2016-08-09T18:34:43.094Z","4.0.1":"2016-10-04T17:59:21.110Z","4.0.2":"2016-12-20T21:50:18.402Z","4.1.0":"2016-12-21T19:14:03.503Z","4.2.0":"2016-12-23T19:12:59.118Z","4.2.1":"2017-04-19T16:03:04.536Z"},"author":{"name":"Glen R. Goodwin","url":"http://www.arei.net"},"repository":{"type":"git","url":"git://github.com/arei/npmbox.git"},"readmeFilename":"README.md","users":{"arei":true,"keberox":true,"danfuzz":true,"paraself":true},"homepage":"http://github.com/arei/npmbox","keywords":["npm","npm utility","npm pack","npm package","npm utilities","npm archive","npm unpack","npm zip","npm unzip","unpack","pack","npmbox","npmunbox","zip","unzip","offline","npm offline","offline install","install","install offline","npm install","npm install offline","npm offline install","box","unbox"],"bugs":{"url":"http://github.com/arei/npmbox/issues"},"license":"MIT","_attachments":{},"_etag":"W/\"9fbdc9199cae0cc3d8c4a0ef53997374\"","_lastModified":"Sun, 27 May 2018 10:42:37 GMT","_cached":true}