{"_id":"read-installed","_rev":"74-7283ce4d11a01a3e21db8874eb6f0d3a","name":"read-installed","description":"Read all the installed packages in a folder, and return a tree structure with all the data.","dist-tags":{"latest":"4.0.3"},"versions":{"0.0.1":{"name":"read-installed","description":"Read all the installed packages in a folder, and return a tree structure with all the data.","version":"0.0.1","repository":{"type":"git","url":"git://github.com/isaacs/read-installed"},"main":"read-installed.js","scripts":{"test":"node test/basic.js"},"dependencies":{"semver":"~1.0.14","slide":"~1.1.3","read-package-json":"0","graceful-fs":"~1.1.8","npmlog":"0"},"optionalDependencies":{"graceful-fs":"~1.1.8","npmlog":"0"},"author":{"name":"Isaac Z. Schlueter","email":"i@izs.me","url":"http://blog.izs.me/"},"_id":"read-installed@0.0.1","dist":{"shasum":"2d9b9086ae33ae42793210f519701169edabd2e2","tarball":"https://registry.npmjs.org/read-installed/-/read-installed-0.0.1.tgz"},"maintainers":[{"name":"isaacs","email":"i@izs.me"}],"directories":{}},"0.0.2":{"name":"read-installed","description":"Read all the installed packages in a folder, and return a tree structure with all the data.","version":"0.0.2","repository":{"type":"git","url":"git://github.com/isaacs/read-installed"},"main":"read-installed.js","scripts":{"test":"node test/basic.js"},"dependencies":{"semver":"~1.0.14","slide":"~1.1.3","read-package-json":"0","graceful-fs":"~1.1.8","npmlog":"0"},"optionalDependencies":{"graceful-fs":"~1.1.8","npmlog":"0"},"author":{"name":"Isaac Z. Schlueter","email":"i@izs.me","url":"http://blog.izs.me/"},"_id":"read-installed@0.0.2","dist":{"shasum":"d55f2e192e1f6249961dab291effe98b039cea46","tarball":"https://registry.npmjs.org/read-installed/-/read-installed-0.0.2.tgz"},"_npmVersion":"1.1.50","_npmUser":{"name":"isaacs","email":"i@izs.me"},"maintainers":[{"name":"isaacs","email":"i@izs.me"}],"directories":{}},"0.0.3":{"name":"read-installed","description":"Read all the installed packages in a folder, and return a tree structure with all the data.","version":"0.0.3","repository":{"type":"git","url":"git://github.com/isaacs/read-installed"},"main":"read-installed.js","scripts":{"test":"node test/basic.js"},"dependencies":{"semver":"1.x","slide":"~1.1.3","read-package-json":"0","graceful-fs":"~1.1.8","npmlog":"0"},"optionalDependencies":{"graceful-fs":"~1.1.8","npmlog":"0"},"author":{"name":"Isaac Z. Schlueter","email":"i@izs.me","url":"http://blog.izs.me/"},"_id":"read-installed@0.0.3","dist":{"shasum":"dcc0169d50de040846fb1d970c0c55cdd8d73665","tarball":"https://registry.npmjs.org/read-installed/-/read-installed-0.0.3.tgz"},"_npmVersion":"1.1.62","_npmUser":{"name":"isaacs","email":"i@izs.me"},"maintainers":[{"name":"isaacs","email":"i@izs.me"}],"directories":{}},"0.0.4":{"name":"read-installed","description":"Read all the installed packages in a folder, and return a tree structure with all the data.","version":"0.0.4","repository":{"type":"git","url":"git://github.com/isaacs/read-installed"},"main":"read-installed.js","scripts":{"test":"node test/basic.js"},"dependencies":{"semver":"1.x","slide":"~1.1.3","read-package-json":"0","graceful-fs":"~1.1.8","npmlog":"0"},"optionalDependencies":{"graceful-fs":"~1.1.8","npmlog":"0"},"author":{"name":"Isaac Z. Schlueter","email":"i@izs.me","url":"http://blog.izs.me/"},"_id":"read-installed@0.0.4","dist":{"shasum":"9ef25bec3b53584a0bcbb7ff3e9bec70f9d61a4b","tarball":"https://registry.npmjs.org/read-installed/-/read-installed-0.0.4.tgz"},"_npmVersion":"1.1.69","_npmUser":{"name":"isaacs","email":"i@izs.me"},"maintainers":[{"name":"isaacs","email":"i@izs.me"}],"directories":{}},"0.1.0":{"name":"read-installed","description":"Read all the installed packages in a folder, and return a tree structure with all the data.","version":"0.1.0","repository":{"type":"git","url":"git://github.com/isaacs/read-installed"},"main":"read-installed.js","scripts":{"test":"node test/basic.js"},"dependencies":{"semver":"1.x","slide":"~1.1.3","read-package-json":"0","graceful-fs":"~1.1.8","npmlog":"0"},"optionalDependencies":{"graceful-fs":"~1.1.8","npmlog":"0"},"author":{"name":"Isaac Z. Schlueter","email":"i@izs.me","url":"http://blog.izs.me/"},"_id":"read-installed@0.1.0","dist":{"shasum":"27b1358951086bc9b69d527961d9e04a27c921d1","tarball":"https://registry.npmjs.org/read-installed/-/read-installed-0.1.0.tgz"},"_from":".","_npmVersion":"1.2.2","_npmUser":{"name":"isaacs","email":"i@izs.me"},"maintainers":[{"name":"isaacs","email":"i@izs.me"}],"directories":{}},"0.1.1":{"name":"read-installed","description":"Read all the installed packages in a folder, and return a tree structure with all the data.","version":"0.1.1","repository":{"type":"git","url":"git://github.com/isaacs/read-installed"},"main":"read-installed.js","scripts":{"test":"node test/basic.js"},"dependencies":{"semver":"1.x","slide":"~1.1.3","read-package-json":"0","graceful-fs":"~1.2.0","npmlog":"0"},"optionalDependencies":{"graceful-fs":"~1.2.0","npmlog":"0"},"author":{"name":"Isaac Z. Schlueter","email":"i@izs.me","url":"http://blog.izs.me/"},"_id":"read-installed@0.1.1","dist":{"shasum":"51090126a8bd4a5962fbdd41d7459bd64cb6ca0e","tarball":"https://registry.npmjs.org/read-installed/-/read-installed-0.1.1.tgz"},"_from":".","_npmVersion":"1.2.4","_npmUser":{"name":"isaacs","email":"i@izs.me"},"maintainers":[{"name":"isaacs","email":"i@izs.me"}],"directories":{}},"0.2.1":{"name":"read-installed","description":"Read all the installed packages in a folder, and return a tree structure with all the data.","version":"0.2.1","repository":{"type":"git","url":"git://github.com/isaacs/read-installed"},"main":"read-installed.js","scripts":{"test":"node test/basic.js"},"dependencies":{"semver":"1.x","slide":"~1.1.3","read-package-json":"1","graceful-fs":"~1.2.0"},"optionalDependencies":{"graceful-fs":"~1.2.0"},"author":{"name":"Isaac Z. Schlueter","email":"i@izs.me","url":"http://blog.izs.me/"},"bugs":{"url":"https://github.com/isaacs/read-installed/issues"},"_id":"read-installed@0.2.1","dist":{"shasum":"9ffc25acb9c18e09106f593ab16e0e8c8494a873","tarball":"https://registry.npmjs.org/read-installed/-/read-installed-0.2.1.tgz"},"_from":".","_npmVersion":"1.2.32","_npmUser":{"name":"isaacs","email":"i@izs.me"},"maintainers":[{"name":"isaacs","email":"i@izs.me"}],"directories":{}},"0.2.2":{"name":"read-installed","description":"Read all the installed packages in a folder, and return a tree structure with all the data.","version":"0.2.2","repository":{"type":"git","url":"git://github.com/isaacs/read-installed"},"main":"read-installed.js","scripts":{"test":"node test/basic.js"},"dependencies":{"semver":"2","slide":"~1.1.3","read-package-json":"1","graceful-fs":"~1.2.0"},"optionalDependencies":{"graceful-fs":"~1.2.0"},"author":{"name":"Isaac Z. Schlueter","email":"i@izs.me","url":"http://blog.izs.me/"},"bugs":{"url":"https://github.com/isaacs/read-installed/issues"},"_id":"read-installed@0.2.2","dist":{"shasum":"f570ac84fb29c75f16faa3940a8c1e602c8eecab","tarball":"https://registry.npmjs.org/read-installed/-/read-installed-0.2.2.tgz"},"_from":".","_npmVersion":"1.2.32","_npmUser":{"name":"isaacs","email":"i@izs.me"},"maintainers":[{"name":"isaacs","email":"i@izs.me"}],"directories":{}},"0.2.3":{"name":"read-installed","description":"Read all the installed packages in a folder, and return a tree structure with all the data.","version":"0.2.3","repository":{"type":"git","url":"git://github.com/isaacs/read-installed"},"main":"read-installed.js","scripts":{"test":"node test/basic.js"},"dependencies":{"semver":"2","slide":"~1.1.3","read-package-json":"1","graceful-fs":"~2"},"optionalDependencies":{"graceful-fs":"~2"},"author":{"name":"Isaac Z. Schlueter","email":"i@izs.me","url":"http://blog.izs.me/"},"bugs":{"url":"https://github.com/isaacs/read-installed/issues"},"_id":"read-installed@0.2.3","dist":{"shasum":"234204b47f6a0eb82c662fc04f7b7c5f7e795239","tarball":"https://registry.npmjs.org/read-installed/-/read-installed-0.2.3.tgz"},"_from":".","_npmVersion":"1.3.4","_npmUser":{"name":"isaacs","email":"i@izs.me"},"maintainers":[{"name":"isaacs","email":"i@izs.me"}],"directories":{}},"0.2.4":{"name":"read-installed","description":"Read all the installed packages in a folder, and return a tree structure with all the data.","version":"0.2.4","repository":{"type":"git","url":"git://github.com/isaacs/read-installed"},"main":"read-installed.js","scripts":{"test":"node test/basic.js"},"dependencies":{"semver":"2","slide":"~1.1.3","read-package-json":"1","graceful-fs":"~2"},"optionalDependencies":{"graceful-fs":"~2"},"author":{"name":"Isaac Z. Schlueter","email":"i@izs.me","url":"http://blog.izs.me/"},"license":"ISC","bugs":{"url":"https://github.com/isaacs/read-installed/issues"},"_id":"read-installed@0.2.4","dist":{"shasum":"9a45ca0a8ae1ecdb05972f362b63bc59450b572d","tarball":"https://registry.npmjs.org/read-installed/-/read-installed-0.2.4.tgz"},"_from":".","_npmVersion":"1.3.8","_npmUser":{"name":"isaacs","email":"i@izs.me"},"maintainers":[{"name":"isaacs","email":"i@izs.me"}],"directories":{}},"0.2.5":{"name":"read-installed","description":"Read all the installed packages in a folder, and return a tree structure with all the data.","version":"0.2.5","repository":{"type":"git","url":"git://github.com/isaacs/read-installed"},"main":"read-installed.js","scripts":{"test":"node test/basic.js"},"dependencies":{"semver":"2","slide":"~1.1.3","read-package-json":"1","graceful-fs":"~2"},"optionalDependencies":{"graceful-fs":"~2"},"author":{"name":"Isaac Z. Schlueter","email":"i@izs.me","url":"http://blog.izs.me/"},"license":"ISC","bugs":{"url":"https://github.com/isaacs/read-installed/issues"},"homepage":"https://github.com/isaacs/read-installed","_id":"read-installed@0.2.5","dist":{"shasum":"134df8b326d8b54b11e18f7dd8c81bf5e976ef86","tarball":"https://registry.npmjs.org/read-installed/-/read-installed-0.2.5.tgz"},"_from":".","_npmVersion":"1.3.15","_npmUser":{"name":"isaacs","email":"i@izs.me"},"maintainers":[{"name":"isaacs","email":"i@izs.me"}],"directories":{}},"1.0.0":{"name":"read-installed","description":"Read all the installed packages in a folder, and return a tree structure with all the data.","version":"1.0.0","repository":{"type":"git","url":"git://github.com/isaacs/read-installed"},"main":"read-installed.js","scripts":{"test":"tap ./test/"},"dependencies":{"semver":"2","slide":"~1.1.3","read-package-json":"1","graceful-fs":"~2"},"optionalDependencies":{"graceful-fs":"~2"},"author":{"name":"Isaac Z. Schlueter","email":"i@izs.me","url":"http://blog.izs.me/"},"license":"ISC","devDependencies":{"tap":"~0.4.8"},"bugs":{"url":"https://github.com/isaacs/read-installed/issues"},"homepage":"https://github.com/isaacs/read-installed","_id":"read-installed@1.0.0","dist":{"shasum":"4db88d5a363f9c68eaa07e1626974bc2e0a1b3a5","tarball":"https://registry.npmjs.org/read-installed/-/read-installed-1.0.0.tgz"},"_from":".","_npmVersion":"1.4.2","_npmUser":{"name":"isaacs","email":"i@izs.me"},"maintainers":[{"name":"isaacs","email":"i@izs.me"}],"directories":{}},"1.0.1":{"name":"read-installed","description":"Read all the installed packages in a folder, and return a tree structure with all the data.","version":"1.0.1","repository":{"type":"git","url":"git://github.com/isaacs/read-installed"},"main":"read-installed.js","scripts":{"test":"tap ./test/*.js"},"dependencies":{"semver":"2","slide":"~1.1.3","read-package-json":"1","graceful-fs":"~2"},"optionalDependencies":{"graceful-fs":"~2"},"author":{"name":"Isaac Z. Schlueter","email":"i@izs.me","url":"http://blog.izs.me/"},"license":"ISC","devDependencies":{"tap":"~0.4.8"},"bugs":{"url":"https://github.com/isaacs/read-installed/issues"},"homepage":"https://github.com/isaacs/read-installed","_id":"read-installed@1.0.1","dist":{"shasum":"82fb18b7e1b6a8c28fc694e947dbd631137ad977","tarball":"https://registry.npmjs.org/read-installed/-/read-installed-1.0.1.tgz"},"_from":".","_npmVersion":"1.4.4","_npmUser":{"name":"isaacs","email":"i@izs.me"},"maintainers":[{"name":"isaacs","email":"i@izs.me"}],"directories":{}},"2.0.0":{"name":"read-installed","description":"Read all the installed packages in a folder, and return a tree structure with all the data.","version":"2.0.0","repository":{"type":"git","url":"git://github.com/isaacs/read-installed"},"main":"read-installed.js","scripts":{"test":"tap ./test/*.js"},"dependencies":{"read-package-json":"1","semver":"2","slide":"~1.1.3","util-extend":"^1.0.1","graceful-fs":"~2"},"optionalDependencies":{"graceful-fs":"~2"},"author":{"name":"Isaac Z. Schlueter","email":"i@izs.me","url":"http://blog.izs.me/"},"license":"ISC","devDependencies":{"tap":"~0.4.8"},"bugs":{"url":"https://github.com/isaacs/read-installed/issues"},"homepage":"https://github.com/isaacs/read-installed","_id":"read-installed@2.0.0","dist":{"shasum":"c3c857fc1943026f9dde1075795c2879511f1c9c","tarball":"https://registry.npmjs.org/read-installed/-/read-installed-2.0.0.tgz"},"_from":".","_npmVersion":"1.4.4","_npmUser":{"name":"isaacs","email":"i@izs.me"},"maintainers":[{"name":"isaacs","email":"i@izs.me"}],"directories":{}},"2.0.1":{"name":"read-installed","description":"Read all the installed packages in a folder, and return a tree structure with all the data.","version":"2.0.1","repository":{"type":"git","url":"git://github.com/isaacs/read-installed"},"main":"read-installed.js","scripts":{"test":"tap ./test/*.js"},"dependencies":{"read-package-json":"1","semver":"2","slide":"~1.1.3","util-extend":"^1.0.1","graceful-fs":"~2"},"optionalDependencies":{"graceful-fs":"~2"},"author":{"name":"Isaac Z. Schlueter","email":"i@izs.me","url":"http://blog.izs.me/"},"license":"ISC","devDependencies":{"tap":"~0.4.8"},"bugs":{"url":"https://github.com/isaacs/read-installed/issues"},"homepage":"https://github.com/isaacs/read-installed","_id":"read-installed@2.0.1","dist":{"shasum":"2b82783bcacc3fe44d299a4e334c25e6bd1ae5cf","tarball":"https://registry.npmjs.org/read-installed/-/read-installed-2.0.1.tgz"},"_from":".","_npmVersion":"1.4.5","_npmUser":{"name":"isaacs","email":"i@izs.me"},"maintainers":[{"name":"isaacs","email":"i@izs.me"}],"directories":{}},"2.0.2":{"name":"read-installed","description":"Read all the installed packages in a folder, and return a tree structure with all the data.","version":"2.0.2","repository":{"type":"git","url":"git://github.com/isaacs/read-installed"},"main":"read-installed.js","scripts":{"test":"tap ./test/*.js"},"dependencies":{"read-package-json":"1","semver":"2","slide":"~1.1.3","util-extend":"^1.0.1","graceful-fs":"~2"},"optionalDependencies":{"graceful-fs":"~2"},"author":{"name":"Isaac Z. Schlueter","email":"i@izs.me","url":"http://blog.izs.me/"},"license":"ISC","devDependencies":{"tap":"~0.4.8"},"bugs":{"url":"https://github.com/isaacs/read-installed/issues"},"homepage":"https://github.com/isaacs/read-installed","_id":"read-installed@2.0.2","_from":".","_npmVersion":"1.4.6","_npmUser":{"name":"isaacs","email":"i@izs.me"},"maintainers":[{"name":"isaacs","email":"i@izs.me"}],"dist":{"shasum":"e69e7e1946af932b2fa454465639ebea4d63773c","tarball":"https://registry.npmjs.org/read-installed/-/read-installed-2.0.2.tgz"},"directories":{}},"2.0.3":{"name":"read-installed","description":"Read all the installed packages in a folder, and return a tree structure with all the data.","version":"2.0.3","repository":{"type":"git","url":"git://github.com/isaacs/read-installed"},"main":"read-installed.js","scripts":{"test":"tap ./test/*.js"},"dependencies":{"read-package-json":"1","semver":"2","slide":"~1.1.3","util-extend":"^1.0.1","graceful-fs":"~2"},"optionalDependencies":{"graceful-fs":"~2"},"author":{"name":"Isaac Z. Schlueter","email":"i@izs.me","url":"http://blog.izs.me/"},"license":"ISC","devDependencies":{"tap":"~0.4.8"},"bugs":{"url":"https://github.com/isaacs/read-installed/issues"},"homepage":"https://github.com/isaacs/read-installed","_id":"read-installed@2.0.3","_shasum":"a7e2339bad7d32844b2d134181fd2bb6426431d2","_from":".","_npmVersion":"1.4.7","_npmUser":{"name":"isaacs","email":"i@izs.me"},"maintainers":[{"name":"isaacs","email":"i@izs.me"}],"dist":{"shasum":"a7e2339bad7d32844b2d134181fd2bb6426431d2","tarball":"https://registry.npmjs.org/read-installed/-/read-installed-2.0.3.tgz"},"directories":{}},"2.0.4":{"name":"read-installed","description":"Read all the installed packages in a folder, and return a tree structure with all the data.","version":"2.0.4","repository":{"type":"git","url":"git://github.com/isaacs/read-installed"},"main":"read-installed.js","scripts":{"test":"tap ./test/*.js"},"dependencies":{"read-package-json":"1","semver":"2","slide":"~1.1.3","util-extend":"^1.0.1","graceful-fs":"~2"},"optionalDependencies":{"graceful-fs":"~2"},"author":{"name":"Isaac Z. Schlueter","email":"i@izs.me","url":"http://blog.izs.me/"},"license":"ISC","devDependencies":{"tap":"~0.4.8"},"gitHead":"86c1d4444724b82855a6879d443b6fa184f2f9dd","bugs":{"url":"https://github.com/isaacs/read-installed/issues"},"homepage":"https://github.com/isaacs/read-installed","_id":"read-installed@2.0.4","_shasum":"3a1e12b977a93132b93c5a6a8663fbd62c812671","_from":".","_npmVersion":"1.4.10","_npmUser":{"name":"isaacs","email":"i@izs.me"},"maintainers":[{"name":"isaacs","email":"i@izs.me"}],"dist":{"shasum":"3a1e12b977a93132b93c5a6a8663fbd62c812671","tarball":"https://registry.npmjs.org/read-installed/-/read-installed-2.0.4.tgz"},"directories":{}},"2.0.5":{"name":"read-installed","description":"Read all the installed packages in a folder, and return a tree structure with all the data.","version":"2.0.5","repository":{"type":"git","url":"git://github.com/isaacs/read-installed"},"main":"read-installed.js","scripts":{"test":"tap ./test/*.js"},"dependencies":{"read-package-json":"1","semver":"2","slide":"~1.1.3","util-extend":"^1.0.1","graceful-fs":"2 || 3"},"optionalDependencies":{"graceful-fs":"2 || 3"},"author":{"name":"Isaac Z. Schlueter","email":"i@izs.me","url":"http://blog.izs.me/"},"license":"ISC","devDependencies":{"tap":"~0.4.8"},"gitHead":"2595631e4d3cbd64b26cee63dc3b5ce9f53e3533","bugs":{"url":"https://github.com/isaacs/read-installed/issues"},"homepage":"https://github.com/isaacs/read-installed","_id":"read-installed@2.0.5","_shasum":"761eda1fd2dc322f8e77844a8bf1ddedbcfc754b","_from":".","_npmVersion":"1.4.14","_npmUser":{"name":"isaacs","email":"i@izs.me"},"maintainers":[{"name":"isaacs","email":"i@izs.me"}],"dist":{"shasum":"761eda1fd2dc322f8e77844a8bf1ddedbcfc754b","tarball":"https://registry.npmjs.org/read-installed/-/read-installed-2.0.5.tgz"},"directories":{}},"2.0.6":{"name":"read-installed","description":"Read all the installed packages in a folder, and return a tree structure with all the data.","version":"2.0.6","repository":{"type":"git","url":"git://github.com/isaacs/read-installed"},"main":"read-installed.js","scripts":{"test":"tap ./test/*.js"},"dependencies":{"read-package-json":"1","semver":"2","slide":"~1.1.3","util-extend":"^1.0.1","graceful-fs":"2 || 3"},"optionalDependencies":{"graceful-fs":"2 || 3"},"author":{"name":"Isaac Z. Schlueter","email":"i@izs.me","url":"http://blog.izs.me/"},"license":"ISC","devDependencies":{"tap":"~0.4.8"},"gitHead":"c559b28eb41cc2494937d5cd492a066e934adb5a","bugs":{"url":"https://github.com/isaacs/read-installed/issues"},"homepage":"https://github.com/isaacs/read-installed","_id":"read-installed@2.0.6","_shasum":"b7f71bf5a75a585b9e2ddfbf5e491011335ff1e2","_from":".","_npmVersion":"1.5.0-alpha-4","_npmUser":{"name":"othiym23","email":"ogd@aoaioxxysz.net"},"maintainers":[{"name":"isaacs","email":"i@izs.me"},{"name":"othiym23","email":"ogd@aoaioxxysz.net"}],"dist":{"shasum":"b7f71bf5a75a585b9e2ddfbf5e491011335ff1e2","tarball":"https://registry.npmjs.org/read-installed/-/read-installed-2.0.6.tgz"},"directories":{}},"2.0.7":{"name":"read-installed","description":"Read all the installed packages in a folder, and return a tree structure with all the data.","version":"2.0.7","repository":{"type":"git","url":"git://github.com/isaacs/read-installed"},"main":"read-installed.js","scripts":{"test":"tap ./test/*.js"},"dependencies":{"read-package-json":"1","semver":"2 || 3","slide":"~1.1.3","util-extend":"^1.0.1","graceful-fs":"2 || 3"},"optionalDependencies":{"graceful-fs":"2 || 3"},"author":{"name":"Isaac Z. Schlueter","email":"i@izs.me","url":"http://blog.izs.me/"},"license":"ISC","devDependencies":{"tap":"~0.4.8"},"gitHead":"4b38f9ed81e9c533764241c2ee45fe96ef31e2f8","bugs":{"url":"https://github.com/isaacs/read-installed/issues"},"homepage":"https://github.com/isaacs/read-installed","_id":"read-installed@2.0.7","_shasum":"a82157a5e273576c57f230ecec3702ab215a6d6c","_from":".","_npmVersion":"2.0.0-alpha-5","_npmUser":{"name":"isaacs","email":"i@izs.me"},"maintainers":[{"name":"isaacs","email":"i@izs.me"},{"name":"othiym23","email":"ogd@aoaioxxysz.net"}],"dist":{"shasum":"a82157a5e273576c57f230ecec3702ab215a6d6c","tarball":"https://registry.npmjs.org/read-installed/-/read-installed-2.0.7.tgz"},"directories":{}},"3.0.0":{"name":"read-installed","description":"Read all the installed packages in a folder, and return a tree structure with all the data.","version":"3.0.0","repository":{"type":"git","url":"git://github.com/isaacs/read-installed"},"main":"read-installed.js","scripts":{"test":"tap ./test/*.js"},"dependencies":{"debuglog":"^1.0.1","read-package-json":"1","semver":"2 || 3","slide":"~1.1.3","util-extend":"^1.0.1","graceful-fs":"2 || 3"},"optionalDependencies":{"graceful-fs":"2 || 3"},"author":{"name":"Isaac Z. Schlueter","email":"i@izs.me","url":"http://blog.izs.me/"},"license":"ISC","devDependencies":{"mkdirp":"^0.5.0","rimraf":"^2.2.8","tap":"~0.4.8"},"gitHead":"7d7aab10f63017271e48c44d382c01e73a04ba59","bugs":{"url":"https://github.com/isaacs/read-installed/issues"},"homepage":"https://github.com/isaacs/read-installed","_id":"read-installed@3.0.0","_shasum":"a11326732b98e0aa7013ce25c0afcf18cd57b081","_from":".","_npmVersion":"1.4.22","_npmUser":{"name":"isaacs","email":"i@izs.me"},"maintainers":[{"name":"isaacs","email":"i@izs.me"},{"name":"othiym23","email":"ogd@aoaioxxysz.net"}],"dist":{"shasum":"a11326732b98e0aa7013ce25c0afcf18cd57b081","tarball":"https://registry.npmjs.org/read-installed/-/read-installed-3.0.0.tgz"},"directories":{}},"3.1.0":{"name":"read-installed","description":"Read all the installed packages in a folder, and return a tree structure with all the data.","version":"3.1.0","repository":{"type":"git","url":"git://github.com/isaacs/read-installed"},"main":"read-installed.js","scripts":{"test":"tap ./test/*.js"},"dependencies":{"debuglog":"^1.0.1","read-package-json":"1","readdir-scoped-modules":"^1.0.0","semver":"2 || 3","slide":"~1.1.3","util-extend":"^1.0.1","graceful-fs":"2 || 3"},"optionalDependencies":{"graceful-fs":"2 || 3"},"author":{"name":"Isaac Z. Schlueter","email":"i@izs.me","url":"http://blog.izs.me/"},"license":"ISC","devDependencies":{"mkdirp":"^0.5.0","rimraf":"^2.2.8","tap":"~0.4.8"},"gitHead":"1dbabc054a686b43607c642b1eea30b6707a18c6","bugs":{"url":"https://github.com/isaacs/read-installed/issues"},"homepage":"https://github.com/isaacs/read-installed","_id":"read-installed@3.1.0","_shasum":"47075ba8828147ed495084df779f29a4329ad3df","_from":".","_npmVersion":"2.0.0-alpha.6.0","_npmUser":{"name":"isaacs","email":"i@izs.me"},"maintainers":[{"name":"isaacs","email":"i@izs.me"},{"name":"othiym23","email":"ogd@aoaioxxysz.net"}],"dist":{"shasum":"47075ba8828147ed495084df779f29a4329ad3df","tarball":"https://registry.npmjs.org/read-installed/-/read-installed-3.1.0.tgz"},"directories":{}},"3.1.1":{"name":"read-installed","description":"Read all the installed packages in a folder, and return a tree structure with all the data.","version":"3.1.1","repository":{"type":"git","url":"git://github.com/isaacs/read-installed"},"main":"read-installed.js","scripts":{"test":"tap ./test/*.js"},"dependencies":{"debuglog":"^1.0.1","read-package-json":"1","readdir-scoped-modules":"^1.0.0","semver":"2 || 3","slide":"~1.1.3","util-extend":"^1.0.1","graceful-fs":"2 || 3"},"optionalDependencies":{"graceful-fs":"2 || 3"},"author":{"name":"Isaac Z. Schlueter","email":"i@izs.me","url":"http://blog.izs.me/"},"license":"ISC","devDependencies":{"mkdirp":"^0.5.0","rimraf":"^2.2.8","tap":"~0.4.8"},"gitHead":"30e5bc219bb144afe28d0453fdf1d5831bf210e2","bugs":{"url":"https://github.com/isaacs/read-installed/issues"},"homepage":"https://github.com/isaacs/read-installed","_id":"read-installed@3.1.1","_shasum":"d706c022e6508cdb1df2a8071826549679fd6792","_from":".","_npmVersion":"2.0.0-beta.1","_npmUser":{"name":"othiym23","email":"ogd@aoaioxxysz.net"},"maintainers":[{"name":"isaacs","email":"i@izs.me"},{"name":"othiym23","email":"ogd@aoaioxxysz.net"}],"dist":{"shasum":"d706c022e6508cdb1df2a8071826549679fd6792","tarball":"https://registry.npmjs.org/read-installed/-/read-installed-3.1.1.tgz"},"directories":{}},"3.1.2":{"name":"read-installed","description":"Read all the installed packages in a folder, and return a tree structure with all the data.","version":"3.1.2","repository":{"type":"git","url":"git://github.com/isaacs/read-installed"},"main":"read-installed.js","scripts":{"test":"tap ./test/*.js"},"dependencies":{"debuglog":"^1.0.1","read-package-json":"1","readdir-scoped-modules":"^1.0.0","semver":"2 || 3","slide":"~1.1.3","util-extend":"^1.0.1","graceful-fs":"2 || 3"},"optionalDependencies":{"graceful-fs":"2 || 3"},"author":{"name":"Isaac Z. Schlueter","email":"i@izs.me","url":"http://blog.izs.me/"},"license":"ISC","devDependencies":{"mkdirp":"^0.5.0","rimraf":"^2.2.8","tap":"~0.4.8"},"gitHead":"078d83b453f9863c53e87682aa1e58f55fc7fb1d","bugs":{"url":"https://github.com/isaacs/read-installed/issues"},"homepage":"https://github.com/isaacs/read-installed","_id":"read-installed@3.1.2","_shasum":"42a740288208921a77d96a068135c2192cfe505a","_from":".","_npmVersion":"2.0.0-beta.3","_npmUser":{"name":"othiym23","email":"ogd@aoaioxxysz.net"},"maintainers":[{"name":"isaacs","email":"i@izs.me"},{"name":"othiym23","email":"ogd@aoaioxxysz.net"}],"dist":{"shasum":"42a740288208921a77d96a068135c2192cfe505a","tarball":"https://registry.npmjs.org/read-installed/-/read-installed-3.1.2.tgz"},"directories":{}},"3.1.3":{"name":"read-installed","description":"Read all the installed packages in a folder, and return a tree structure with all the data.","version":"3.1.3","repository":{"type":"git","url":"git://github.com/isaacs/read-installed"},"main":"read-installed.js","scripts":{"test":"tap ./test/*.js"},"dependencies":{"debuglog":"^1.0.1","read-package-json":"1","readdir-scoped-modules":"^1.0.0","semver":"2 || 3 || 4","slide":"~1.1.3","util-extend":"^1.0.1","graceful-fs":"2 || 3"},"optionalDependencies":{"graceful-fs":"2 || 3"},"author":{"name":"Isaac Z. Schlueter","email":"i@izs.me","url":"http://blog.izs.me/"},"license":"ISC","devDependencies":{"mkdirp":"^0.5.0","rimraf":"^2.2.8","tap":"~0.4.8"},"gitHead":"50e45af7581b1a879c62146fafbfa1b92842f7df","bugs":{"url":"https://github.com/isaacs/read-installed/issues"},"homepage":"https://github.com/isaacs/read-installed","_id":"read-installed@3.1.3","_shasum":"c09092a13c2117f22842cad16804f3b059129d11","_from":".","_npmVersion":"2.0.0-beta.3","_npmUser":{"name":"isaacs","email":"i@izs.me"},"maintainers":[{"name":"isaacs","email":"i@izs.me"},{"name":"othiym23","email":"ogd@aoaioxxysz.net"}],"dist":{"shasum":"c09092a13c2117f22842cad16804f3b059129d11","tarball":"https://registry.npmjs.org/read-installed/-/read-installed-3.1.3.tgz"},"directories":{}},"3.1.4":{"name":"read-installed","description":"Read all the installed packages in a folder, and return a tree structure with all the data.","version":"3.1.4","repository":{"type":"git","url":"git://github.com/isaacs/read-installed"},"main":"read-installed.js","scripts":{"test":"tap ./test/*.js"},"dependencies":{"debuglog":"^1.0.1","read-package-json":"1","readdir-scoped-modules":"^1.0.0","semver":"2 || 3 || 4","slide":"~1.1.3","util-extend":"^1.0.1","graceful-fs":"2 || 3"},"optionalDependencies":{"graceful-fs":"2 || 3"},"author":{"name":"Isaac Z. Schlueter","email":"i@izs.me","url":"http://blog.izs.me/"},"license":"ISC","devDependencies":{"mkdirp":"^0.5.0","rimraf":"^2.2.8","tap":"~0.4.8"},"gitHead":"f9c77b228bbc2721dc2fa30c3fd78cc53fb72a3a","bugs":{"url":"https://github.com/isaacs/read-installed/issues"},"homepage":"https://github.com/isaacs/read-installed","_id":"read-installed@3.1.4","_shasum":"a27b10f3ce24e2d152c5e4a8542d749c0bb1f485","_from":".","_npmVersion":"2.1.14","_nodeVersion":"0.10.34","_npmUser":{"name":"othiym23","email":"ogd@aoaioxxysz.net"},"maintainers":[{"name":"isaacs","email":"i@izs.me"},{"name":"othiym23","email":"ogd@aoaioxxysz.net"}],"dist":{"shasum":"a27b10f3ce24e2d152c5e4a8542d749c0bb1f485","tarball":"https://registry.npmjs.org/read-installed/-/read-installed-3.1.4.tgz"},"directories":{}},"3.1.5":{"name":"read-installed","description":"Read all the installed packages in a folder, and return a tree structure with all the data.","version":"3.1.5","repository":{"type":"git","url":"git://github.com/isaacs/read-installed"},"main":"read-installed.js","scripts":{"test":"tap ./test/*.js"},"dependencies":{"debuglog":"^1.0.1","read-package-json":"1","readdir-scoped-modules":"^1.0.0","semver":"2 || 3 || 4","slide":"~1.1.3","util-extend":"^1.0.1","graceful-fs":"2 || 3"},"optionalDependencies":{"graceful-fs":"2 || 3"},"author":{"name":"Isaac Z. Schlueter","email":"i@izs.me","url":"http://blog.izs.me/"},"license":"ISC","devDependencies":{"mkdirp":"^0.5.0","rimraf":"^2.2.8","tap":"~0.4.8"},"gitHead":"577c3f3f4f1e435f9bd944b8f99ce3f7552709ef","bugs":{"url":"https://github.com/isaacs/read-installed/issues"},"homepage":"https://github.com/isaacs/read-installed","_id":"read-installed@3.1.5","_shasum":"4ae36081afd3e2204dc2e279807aaa52c30c8c0c","_from":".","_npmVersion":"2.1.15","_nodeVersion":"0.10.34","_npmUser":{"name":"othiym23","email":"ogd@aoaioxxysz.net"},"maintainers":[{"name":"isaacs","email":"i@izs.me"},{"name":"othiym23","email":"ogd@aoaioxxysz.net"}],"dist":{"shasum":"4ae36081afd3e2204dc2e279807aaa52c30c8c0c","tarball":"https://registry.npmjs.org/read-installed/-/read-installed-3.1.5.tgz"},"directories":{}},"4.0.0":{"name":"read-installed","description":"Read all the installed packages in a folder, and return a tree structure with all the data.","version":"4.0.0","repository":{"type":"git","url":"git://github.com/isaacs/read-installed"},"main":"read-installed.js","scripts":{"test":"tap ./test/*.js"},"dependencies":{"debuglog":"^1.0.1","read-package-json":"^2.0.0","readdir-scoped-modules":"^1.0.0","semver":"2 || 3 || 4","slide":"~1.1.3","util-extend":"^1.0.1","graceful-fs":"2 || 3"},"optionalDependencies":{"graceful-fs":"2 || 3"},"author":{"name":"Isaac Z. Schlueter","email":"i@izs.me","url":"http://blog.izs.me/"},"license":"ISC","devDependencies":{"mkdirp":"^0.5.0","rimraf":"^2.2.8","tap":"~0.4.8"},"gitHead":"c1dea4823e2219a79d6184621917ee27d4283bc0","bugs":{"url":"https://github.com/isaacs/read-installed/issues"},"homepage":"https://github.com/isaacs/read-installed","_id":"read-installed@4.0.0","_shasum":"dbca08d6bd83e2a3b93c962053ba4d839e0769ba","_from":".","_npmVersion":"2.7.5","_nodeVersion":"1.6.2","_npmUser":{"name":"iarna","email":"me@re-becca.org"},"maintainers":[{"name":"isaacs","email":"i@izs.me"},{"name":"othiym23","email":"ogd@aoaioxxysz.net"},{"name":"iarna","email":"me@re-becca.org"}],"dist":{"shasum":"dbca08d6bd83e2a3b93c962053ba4d839e0769ba","tarball":"https://registry.npmjs.org/read-installed/-/read-installed-4.0.0.tgz"},"directories":{}},"4.0.1":{"name":"read-installed","description":"Read all the installed packages in a folder, and return a tree structure with all the data.","version":"4.0.1","repository":{"type":"git","url":"git://github.com/isaacs/read-installed.git"},"main":"read-installed.js","scripts":{"test":"tap ./test/*.js"},"dependencies":{"debuglog":"^1.0.1","read-package-json":"^2.0.0","readdir-scoped-modules":"^1.0.0","semver":"2 || 3 || 4","slide":"~1.1.3","util-extend":"^1.0.1","graceful-fs":"2 || 3"},"optionalDependencies":{"graceful-fs":"2 || 3"},"author":{"name":"Isaac Z. Schlueter","email":"i@izs.me","url":"http://blog.izs.me/"},"license":"ISC","devDependencies":{"mkdirp":"^0.5.0","rimraf":"^2.2.8","tap":"^1.2.0"},"gitHead":"8547e3e176098051615651481f402d22e1f33c9d","bugs":{"url":"https://github.com/isaacs/read-installed/issues"},"homepage":"https://github.com/isaacs/read-installed#readme","_id":"read-installed@4.0.1","_shasum":"b8d8f8034159586fea57d606a9aaba3df74284c3","_from":".","_npmVersion":"2.11.3","_nodeVersion":"2.3.1","_npmUser":{"name":"iarna","email":"me@re-becca.org"},"dist":{"shasum":"b8d8f8034159586fea57d606a9aaba3df74284c3","tarball":"https://registry.npmjs.org/read-installed/-/read-installed-4.0.1.tgz"},"maintainers":[{"name":"isaacs","email":"i@izs.me"},{"name":"othiym23","email":"ogd@aoaioxxysz.net"},{"name":"iarna","email":"me@re-becca.org"}],"directories":{}},"4.0.2":{"name":"read-installed","description":"Read all the installed packages in a folder, and return a tree structure with all the data.","version":"4.0.2","repository":{"type":"git","url":"git://github.com/isaacs/read-installed.git"},"main":"read-installed.js","scripts":{"test":"tap ./test/*.js"},"dependencies":{"debuglog":"^1.0.1","read-package-json":"^2.0.0","readdir-scoped-modules":"^1.0.0","semver":"2 || 3 || 4 || 5","slide":"~1.1.3","util-extend":"^1.0.1","graceful-fs":"2 || 3"},"optionalDependencies":{"graceful-fs":"2 || 3"},"author":{"name":"Isaac Z. Schlueter","email":"i@izs.me","url":"http://blog.izs.me/"},"license":"ISC","devDependencies":{"mkdirp":"^0.5.0","rimraf":"^2.2.8","tap":"^1.2.0"},"gitHead":"e683eb7f2bb8e9b7b40c1e26192b385b92a3192f","bugs":{"url":"https://github.com/isaacs/read-installed/issues"},"homepage":"https://github.com/isaacs/read-installed#readme","_id":"read-installed@4.0.2","_shasum":"4e8b18be974ccb75654b28ddcc9aac686404690e","_from":".","_npmVersion":"2.13.1","_nodeVersion":"2.3.1","_npmUser":{"name":"othiym23","email":"ogd@aoaioxxysz.net"},"dist":{"shasum":"4e8b18be974ccb75654b28ddcc9aac686404690e","tarball":"https://registry.npmjs.org/read-installed/-/read-installed-4.0.2.tgz"},"maintainers":[{"name":"isaacs","email":"i@izs.me"},{"name":"othiym23","email":"ogd@aoaioxxysz.net"},{"name":"iarna","email":"me@re-becca.org"}],"directories":{}},"4.0.3":{"name":"read-installed","description":"Read all the installed packages in a folder, and return a tree structure with all the data.","version":"4.0.3","repository":{"type":"git","url":"git://github.com/isaacs/read-installed.git"},"main":"read-installed.js","scripts":{"test":"tap ./test/*.js"},"dependencies":{"debuglog":"^1.0.1","read-package-json":"^2.0.0","readdir-scoped-modules":"^1.0.0","semver":"2 || 3 || 4 || 5","slide":"~1.1.3","util-extend":"^1.0.1","graceful-fs":"^4.1.2"},"optionalDependencies":{"graceful-fs":"^4.1.2"},"author":{"name":"Isaac Z. Schlueter","email":"i@izs.me","url":"http://blog.izs.me/"},"license":"ISC","devDependencies":{"mkdirp":"^0.5.0","rimraf":"^2.2.8","tap":"^1.2.0"},"gitHead":"da02df6acdb5f5ee31d8c637ef31fb50efb455c1","bugs":{"url":"https://github.com/isaacs/read-installed/issues"},"homepage":"https://github.com/isaacs/read-installed#readme","_id":"read-installed@4.0.3","_shasum":"ff9b8b67f187d1e4c29b9feb31f6b223acd19067","_from":".","_npmVersion":"2.14.3","_nodeVersion":"2.2.2","_npmUser":{"name":"zkat","email":"kat@sykosomatic.org"},"dist":{"shasum":"ff9b8b67f187d1e4c29b9feb31f6b223acd19067","tarball":"https://registry.npmjs.org/read-installed/-/read-installed-4.0.3.tgz"},"maintainers":[{"name":"iarna","email":"me@re-becca.org"},{"name":"isaacs","email":"isaacs@npmjs.com"},{"name":"othiym23","email":"ogd@aoaioxxysz.net"},{"name":"zkat","email":"kat@sykosomatic.org"}],"directories":{}}},"readme":"# read-installed\n\nRead all the installed packages in a folder, and return a tree\nstructure with all the data.\n\nnpm uses this.\n\n## 2.0.0\n\nBreaking changes in `2.0.0`:\n\nThe second argument is now an `Object` that contains the following keys:\n\n * `depth` optional, defaults to Infinity\n * `log` optional log Function\n * `dev` optional, default false, set to true to include devDependencies\n\n## Usage\n\n```javascript\nvar readInstalled = require(\"read-installed\")\n// optional options\nvar options = { dev: false, log: fn, depth: 2 }\nreadInstalled(folder, options, function (er, data) {\n  ...\n})\n```\n","maintainers":[{"email":"kzm@sykosomatic.org","name":"zkat"},{"email":"i@izs.me","name":"isaacs"},{"email":"ogd@aoaioxxysz.net","name":"othiym23"},{"email":"me@re-becca.org","name":"iarna"}],"time":{"modified":"2017-10-13T22:50:33.677Z","created":"2012-06-11T23:34:17.549Z","0.0.1":"2012-06-11T23:34:19.143Z","0.0.2":"2012-08-18T03:01:30.423Z","0.0.3":"2012-10-02T19:56:06.978Z","0.0.4":"2012-12-15T20:57:33.849Z","0.1.0":"2013-01-18T23:18:41.945Z","0.1.1":"2013-02-06T00:28:26.399Z","0.2.1":"2013-06-20T01:47:07.982Z","0.2.2":"2013-06-20T15:38:37.923Z","0.2.3":"2013-07-22T16:21:33.053Z","0.2.4":"2013-08-19T22:14:21.435Z","0.2.5":"2013-11-26T22:45:06.211Z","1.0.0":"2014-02-15T01:28:52.664Z","1.0.1":"2014-03-12T06:13:13.664Z","2.0.0":"2014-03-15T02:25:58.887Z","2.0.1":"2014-03-19T16:09:51.490Z","2.0.2":"2014-03-27T06:54:11.021Z","2.0.3":"2014-04-25T21:00:41.524Z","2.0.4":"2014-05-22T21:29:00.465Z","2.0.5":"2014-06-06T06:46:38.379Z","2.0.6":"2014-07-21T00:17:57.718Z","2.0.7":"2014-07-23T21:21:10.954Z","3.0.0":"2014-07-31T17:24:51.473Z","3.1.0":"2014-08-12T20:43:22.436Z","3.1.1":"2014-08-29T22:28:05.709Z","3.1.2":"2014-09-08T23:22:11.441Z","3.1.3":"2014-09-11T07:16:21.452Z","3.1.4":"2014-12-19T21:37:46.142Z","3.1.5":"2014-12-22T16:10:53.143Z","4.0.0":"2015-04-07T06:22:23.627Z","4.0.1":"2015-06-25T02:55:15.909Z","4.0.2":"2015-07-17T00:13:05.761Z","4.0.3":"2015-09-10T01:43:49.776Z"},"author":{"name":"Isaac Z. Schlueter","email":"i@izs.me","url":"http://blog.izs.me/"},"repository":{"type":"git","url":"git://github.com/isaacs/read-installed.git"},"users":{"zhangyaochun":true,"3846masa":true},"readmeFilename":"README.md","homepage":"https://github.com/isaacs/read-installed#readme","bugs":{"url":"https://github.com/isaacs/read-installed/issues"},"license":"ISC","_attachments":{},"_etag":"W/\"d0e6b18af3dd419bc657c5bfa21839b8\"","_lastModified":"Sun, 27 May 2018 15:26:28 GMT"}