{"_id":"builtins","_rev":"27-9fa166df154d1a8c3816866540dd156e","name":"builtins","description":"List of node.js builtin modules","dist-tags":{"latest":"2.0.0"},"versions":{"0.0.0":{"name":"builtins","version":"0.0.0","description":"List of node.js builtin modules","repository":{"type":"git","url":"git://github.com/segmentio/builtins"},"license":"MIT","bugs":{"url":"https://github.com/segmentio/builtins/issues"},"homepage":"https://github.com/segmentio/builtins","_id":"builtins@0.0.0","dist":{"shasum":"639d35f88b2db7d50e25de240cf4e025d215d46a","tarball":"https://registry.npmjs.org/builtins/-/builtins-0.0.0.tgz"},"_from":".","_npmVersion":"1.3.24","_npmUser":{"name":"juliangruber","email":"julian@juliangruber.com"},"maintainers":[{"name":"juliangruber","email":"julian@juliangruber.com"}],"directories":{}},"0.0.1":{"name":"builtins","version":"0.0.1","description":"List of node.js builtin modules","repository":{"type":"git","url":"git://github.com/segmentio/builtins"},"license":"MIT","main":"builtins.json","bugs":{"url":"https://github.com/segmentio/builtins/issues"},"homepage":"https://github.com/segmentio/builtins","_id":"builtins@0.0.1","dist":{"shasum":"732eb7e0ee53df2ba9c6b131cb94d31bab5b61b9","tarball":"https://registry.npmjs.org/builtins/-/builtins-0.0.1.tgz"},"_from":".","_npmVersion":"1.3.24","_npmUser":{"name":"juliangruber","email":"julian@juliangruber.com"},"maintainers":[{"name":"juliangruber","email":"julian@juliangruber.com"}],"directories":{}},"0.0.2":{"name":"builtins","version":"0.0.2","description":"List of node.js builtin modules","repository":{"type":"git","url":"git://github.com/segmentio/builtins"},"license":"MIT","main":"builtins.json","bugs":{"url":"https://github.com/segmentio/builtins/issues"},"homepage":"https://github.com/segmentio/builtins","_id":"builtins@0.0.2","dist":{"shasum":"b738db1ea166b752f7e0144c76f6ad5289448e51","tarball":"https://registry.npmjs.org/builtins/-/builtins-0.0.2.tgz"},"_from":".","_npmVersion":"1.3.24","_npmUser":{"name":"juliangruber","email":"julian@juliangruber.com"},"maintainers":[{"name":"juliangruber","email":"julian@juliangruber.com"}],"directories":{}},"0.0.3":{"name":"builtins","version":"0.0.3","description":"List of node.js builtin modules","repository":{"type":"git","url":"git://github.com/segmentio/builtins"},"license":"MIT","main":"builtins.json","bugs":{"url":"https://github.com/segmentio/builtins/issues"},"homepage":"https://github.com/segmentio/builtins","_id":"builtins@0.0.3","dist":{"shasum":"5d006166da71610bc2bcf73019f0f0cc43309755","tarball":"https://registry.npmjs.org/builtins/-/builtins-0.0.3.tgz"},"_from":".","_npmVersion":"1.4.3","_npmUser":{"name":"juliangruber","email":"julian@juliangruber.com"},"maintainers":[{"name":"juliangruber","email":"julian@juliangruber.com"}],"directories":{}},"0.0.4":{"name":"builtins","version":"0.0.4","description":"List of node.js builtin modules","repository":{"type":"git","url":"git://github.com/segmentio/builtins"},"license":"MIT","main":"builtins.json","bugs":{"url":"https://github.com/segmentio/builtins/issues"},"homepage":"https://github.com/segmentio/builtins","_id":"builtins@0.0.4","dist":{"shasum":"ec6d4ca4ba5a3a173749f10146bdcda28ea6d65d","tarball":"https://registry.npmjs.org/builtins/-/builtins-0.0.4.tgz"},"_from":".","_npmVersion":"1.3.22","_npmUser":{"name":"segment","email":"tj@segment.io"},"maintainers":[{"name":"juliangruber","email":"julian@juliangruber.com"},{"name":"segment","email":"tj@segment.io"}],"directories":{}},"0.0.5":{"name":"builtins","version":"0.0.5","description":"List of node.js builtin modules","repository":{"type":"git","url":"git://github.com/segmentio/builtins"},"license":"MIT","main":"builtins.json","publishConfig":{"registry":"https://registry.npmjs.org"},"gitHead":"6fdb09e119dfdd35ddcac1821a5cb58fd5ca8a8f","bugs":{"url":"https://github.com/segmentio/builtins/issues"},"homepage":"https://github.com/segmentio/builtins","_id":"builtins@0.0.5","scripts":{},"_shasum":"86dd881f9862856e62fd7ed7767b438c4d79b7ab","_from":".","_npmVersion":"1.4.14","_npmUser":{"name":"segment","email":"tj@segment.io"},"maintainers":[{"name":"juliangruber","email":"julian@juliangruber.com"},{"name":"segment","email":"tj@segment.io"}],"dist":{"shasum":"86dd881f9862856e62fd7ed7767b438c4d79b7ab","tarball":"https://registry.npmjs.org/builtins/-/builtins-0.0.5.tgz"},"directories":{}},"0.0.6":{"name":"builtins","version":"0.0.6","description":"List of node.js builtin modules","repository":{"type":"git","url":"git://github.com/segmentio/builtins"},"license":"MIT","main":"builtins.json","publishConfig":{"registry":"https://registry.npmjs.org"},"scripts":{"test":"node -e \"require('./builtins.json')\""},"bugs":{"url":"https://github.com/segmentio/builtins/issues"},"homepage":"https://github.com/segmentio/builtins","_id":"builtins@0.0.6","dist":{"shasum":"14841048b8bc745c87c18f5dfeb4f783311a5a37","tarball":"https://registry.npmjs.org/builtins/-/builtins-0.0.6.tgz"},"_from":".","_npmVersion":"1.3.22","_npmUser":{"name":"juliangruber","email":"julian@juliangruber.com"},"maintainers":[{"name":"juliangruber","email":"julian@juliangruber.com"},{"name":"segment","email":"tj@segment.io"}],"directories":{}},"0.0.7":{"name":"builtins","version":"0.0.7","description":"List of node.js builtin modules","repository":{"type":"git","url":"git://github.com/juliangruber/builtins"},"license":"MIT","main":"builtins.json","publishConfig":{"registry":"https://registry.npmjs.org"},"scripts":{"test":"node -e \"require('./builtins.json')\""},"bugs":{"url":"https://github.com/juliangruber/builtins/issues"},"homepage":"https://github.com/juliangruber/builtins","_id":"builtins@0.0.7","dist":{"shasum":"355219cd6cf18dbe7c01cc7fd2dce765cfdc549a","tarball":"https://registry.npmjs.org/builtins/-/builtins-0.0.7.tgz"},"_from":".","_npmVersion":"1.3.22","_npmUser":{"name":"juliangruber","email":"julian@juliangruber.com"},"maintainers":[{"name":"juliangruber","email":"julian@juliangruber.com"},{"name":"segment","email":"tj@segment.io"}],"directories":{}},"1.0.0":{"name":"builtins","version":"1.0.0","description":"List of node.js builtin modules","repository":{"type":"git","url":"https://github.com/juliangruber/builtins"},"license":"MIT","main":"builtins.json","publishConfig":{"registry":"https://registry.npmjs.org"},"scripts":{"test":"node -e \"require('./builtins.json')\""},"gitHead":"2d513ebb6b2556e0e6cacf3aac709d48070a461e","bugs":{"url":"https://github.com/juliangruber/builtins/issues"},"homepage":"https://github.com/juliangruber/builtins","_id":"builtins@1.0.0","_shasum":"5bbb1cf059da03c16cfb5b8999e77c2b9e4998cc","_from":".","_npmVersion":"2.6.1","_nodeVersion":"0.10.36","_npmUser":{"name":"juliangruber","email":"julian@juliangruber.com"},"maintainers":[{"name":"juliangruber","email":"julian@juliangruber.com"},{"name":"segment","email":"tj@segment.io"}],"dist":{"shasum":"5bbb1cf059da03c16cfb5b8999e77c2b9e4998cc","tarball":"https://registry.npmjs.org/builtins/-/builtins-1.0.0.tgz"},"directories":{}},"1.0.1":{"name":"builtins","version":"1.0.1","description":"List of node.js builtin modules","repository":{"type":"git","url":"https://github.com/juliangruber/builtins"},"license":"MIT","main":"builtins.json","publishConfig":{"registry":"https://registry.npmjs.org"},"scripts":{"test":"node -e \"require('./builtins.json')\""},"gitHead":"1b57ac1f0d3fdcde800967336f61f552615c5f96","bugs":{"url":"https://github.com/juliangruber/builtins/issues"},"homepage":"https://github.com/juliangruber/builtins","_id":"builtins@1.0.1","_shasum":"4cc7f9635eb07653d1daa63e475c6a0ac45a8042","_from":".","_npmVersion":"2.6.1","_nodeVersion":"0.10.36","_npmUser":{"name":"juliangruber","email":"julian@juliangruber.com"},"maintainers":[{"name":"juliangruber","email":"julian@juliangruber.com"},{"name":"segment","email":"tj@segment.io"}],"dist":{"shasum":"4cc7f9635eb07653d1daa63e475c6a0ac45a8042","tarball":"https://registry.npmjs.org/builtins/-/builtins-1.0.1.tgz"},"directories":{}},"1.0.2":{"name":"builtins","version":"1.0.2","description":"List of node.js builtin modules","repository":{"type":"git","url":"https://github.com/juliangruber/builtins"},"license":"MIT","main":"builtins.json","publishConfig":{"registry":"https://registry.npmjs.org"},"scripts":{"test":"node test.js"},"gitHead":"0d8fb1463330fad2df99605f29b934cd77f84b46","bugs":{"url":"https://github.com/juliangruber/builtins/issues"},"homepage":"https://github.com/juliangruber/builtins","_id":"builtins@1.0.2","_shasum":"db1e3693b71a56ff4113815a81b6294522654e0b","_from":".","_npmVersion":"2.6.1","_nodeVersion":"0.10.36","_npmUser":{"name":"juliangruber","email":"julian@juliangruber.com"},"maintainers":[{"name":"juliangruber","email":"julian@juliangruber.com"},{"name":"segment","email":"tj@segment.io"}],"dist":{"shasum":"db1e3693b71a56ff4113815a81b6294522654e0b","tarball":"https://registry.npmjs.org/builtins/-/builtins-1.0.2.tgz"},"directories":{}},"1.0.3":{"name":"builtins","version":"1.0.3","description":"List of node.js builtin modules","repository":{"type":"git","url":"git+https://github.com/juliangruber/builtins.git"},"license":"MIT","main":"builtins.json","publishConfig":{"registry":"https://registry.npmjs.org"},"scripts":{"test":"node test.js"},"gitHead":"be046dcd4e338cadff24d3330ad43d65dfd80bb3","bugs":{"url":"https://github.com/juliangruber/builtins/issues"},"homepage":"https://github.com/juliangruber/builtins#readme","_id":"builtins@1.0.3","_shasum":"cb94faeb61c8696451db36534e1422f94f0aee88","_from":".","_npmVersion":"2.14.7","_nodeVersion":"4.2.1","_npmUser":{"name":"juliangruber","email":"julian@juliangruber.com"},"dist":{"shasum":"cb94faeb61c8696451db36534e1422f94f0aee88","tarball":"https://registry.npmjs.org/builtins/-/builtins-1.0.3.tgz"},"maintainers":[{"name":"juliangruber","email":"julian@juliangruber.com"},{"name":"segment","email":"tj@segment.io"}],"directories":{}},"2.0.0":{"name":"builtins","version":"2.0.0","description":"List of node.js builtin modules","repository":{"type":"git","url":"git+https://github.com/juliangruber/builtins.git"},"license":"MIT","main":"index.js","scripts":{"test":"node test.js"},"dependencies":{"semver":"^5.4.1"},"devDependencies":{"prettier-standard":"^7.0.3","standard":"^10.0.3","tape":"^4.8.0"},"publishConfig":{"registry":"https://registry.npmjs.org"},"gitHead":"84d9861f14e3a6585a71627881f6516df611b99b","bugs":{"url":"https://github.com/juliangruber/builtins/issues"},"homepage":"https://github.com/juliangruber/builtins#readme","_id":"builtins@2.0.0","_npmVersion":"5.5.1","_nodeVersion":"9.0.0","_npmUser":{"name":"juliangruber","email":"julian@juliangruber.com"},"dist":{"integrity":"sha512-8srrxpDx3a950BHYcbse+xMjupHHECvQYnShkoPz2ZLhTBrk/HQO6nWMh4o4ui8YYp2ourGVYXlGqFm+UYQwmA==","shasum":"018999641e11252188652dbb2db01ad386fcdc46","tarball":"https://registry.npmjs.org/builtins/-/builtins-2.0.0.tgz"},"maintainers":[{"email":"tools+npm@segment.com","name":"segment-admin"},{"email":"julian@juliangruber.com","name":"juliangruber"}],"_npmOperationalInternal":{"host":"s3://npm-registry-packages","tmp":"tmp/builtins-2.0.0.tgz_1513525346292_0.8955418218392879"},"directories":{}}},"readme":"\n# builtins\n\n  List of node.js [builtin modules](http://nodejs.org/api/).\n\n  [![build status](https://secure.travis-ci.org/juliangruber/builtins.svg)](http://travis-ci.org/juliangruber/builtins)\n\n## Example\n\nGet list of core modules for current Node.js version:\n\n```js\nvar builtins = require('builtins')()\n\nassert(builtins.indexOf('http') > -1)\n```\n\nGet list of core modules for specific Node.js version:\n\n```js\nvar builtins = require('builtins')('6.0.0')\n\nassert(builtins.indexOf('http') > -1)\n```\n\n## License\n\n  MIT\n","maintainers":[{"email":"tools+npm@segment.com","name":"segment-admin"},{"email":"julian@juliangruber.com","name":"juliangruber"}],"time":{"modified":"2017-12-17T15:42:27.181Z","created":"2014-02-11T08:35:44.864Z","0.0.0":"2014-02-11T08:35:44.864Z","0.0.1":"2014-02-11T08:37:17.448Z","0.0.2":"2014-02-11T09:54:02.820Z","0.0.3":"2014-02-22T10:42:01.107Z","0.0.4":"2014-04-26T06:11:50.887Z","0.0.5":"2014-06-27T08:45:36.181Z","0.0.6":"2014-09-01T10:06:00.540Z","0.0.7":"2014-09-01T10:17:05.993Z","1.0.0":"2015-03-23T11:49:17.230Z","1.0.1":"2015-04-13T10:15:53.553Z","1.0.2":"2015-06-29T12:38:33.263Z","1.0.3":"2015-10-25T10:39:36.182Z","2.0.0":"2017-12-17T15:42:27.181Z"},"readmeFilename":"Readme.md","homepage":"https://github.com/juliangruber/builtins#readme","repository":{"type":"git","url":"git+https://github.com/juliangruber/builtins.git"},"bugs":{"url":"https://github.com/juliangruber/builtins/issues"},"license":"MIT","users":{"simplyianm":true,"voxpelli":true},"_attachments":{},"_etag":"W/\"d0066545204e1e1baebb149004841c0b\"","_lastModified":"Sat, 26 May 2018 19:09:36 GMT"}