{"_id":"spdx-exceptions","_rev":"8-d73aacda1ab5c3f392ebcd954e01c36f","name":"spdx-exceptions","description":"list of SPDX standard license exceptions","dist-tags":{"latest":"2.1.0"},"versions":{"1.0.0":{"name":"spdx-exceptions","version":"1.0.0","description":"list of SPDX standard license exceptions","author":{"name":"Kyle E. Mitchell","email":"kyle@kemitchell.com","url":"https://kemitchell.com/"},"repository":{"type":"git","url":"git+https://github.com/kemitchell/spdx-exceptions.js.git"},"license":"CC-BY-SA-3.0","scripts":{"test":"defence -i javascript README.md | sed 's!spdx-exceptions!./!' | node"},"devDependencies":{"defence-cli":"^1.0.1"},"gitHead":"9eee13d36fa426e02da23400d9ea097de4e9bb99","bugs":{"url":"https://github.com/kemitchell/spdx-exceptions.js/issues"},"homepage":"https://github.com/kemitchell/spdx-exceptions.js#readme","_id":"spdx-exceptions@1.0.0","_shasum":"a1b00e7788daa95751427e1102a9443c7c59cdda","_from":".","_npmVersion":"2.13.3","_nodeVersion":"0.12.7","_npmUser":{"name":"kemitchell","email":"kyle@kemitchell.com"},"dist":{"shasum":"a1b00e7788daa95751427e1102a9443c7c59cdda","tarball":"https://registry.npmjs.org/spdx-exceptions/-/spdx-exceptions-1.0.0.tgz"},"maintainers":[{"name":"kemitchell","email":"kyle@kemitchell.com"}],"directories":{}},"1.0.1":{"name":"spdx-exceptions","version":"1.0.1","description":"list of SPDX standard license exceptions","author":{"name":"The Linux Foundation"},"repository":{"type":"git","url":"git+https://github.com/kemitchell/spdx-exceptions.js.git"},"license":"CC-BY-3.0","scripts":{"test":"defence -i javascript README.md | sed 's!spdx-exceptions!./!' | node"},"devDependencies":{"defence-cli":"^1.0.1"},"gitHead":"0e6ad309c74ee0c96865e97e1793fd056615cdf1","bugs":{"url":"https://github.com/kemitchell/spdx-exceptions.js/issues"},"homepage":"https://github.com/kemitchell/spdx-exceptions.js#readme","_id":"spdx-exceptions@1.0.1","_shasum":"335f026d08f0bac92ca1e509fc749cdcb2ae1507","_from":".","_npmVersion":"2.13.3","_nodeVersion":"0.12.7","_npmUser":{"name":"kemitchell","email":"kyle@kemitchell.com"},"dist":{"shasum":"335f026d08f0bac92ca1e509fc749cdcb2ae1507","tarball":"https://registry.npmjs.org/spdx-exceptions/-/spdx-exceptions-1.0.1.tgz"},"maintainers":[{"name":"kemitchell","email":"kyle@kemitchell.com"}],"directories":{}},"1.0.2":{"name":"spdx-exceptions","description":"list of SPDX standard license exceptions","version":"1.0.2","author":{"name":"The Linux Foundation"},"contributors":[{"name":"Kyle E. Mitchell","email":"kyle@kemitchell.com","url":"https://kemitchell.com/"}],"devDependencies":{"defence-cli":"^1.0.1"},"license":"CC-BY-3.0","repository":{"type":"git","url":"git+https://github.com/kemitchell/spdx-exceptions.js.git"},"scripts":{"test":"defence -i javascript README.md | sed 's!spdx-exceptions!./!' | node"},"gitHead":"a1e7b0595efee0e4436e9807dd36280791e44c82","bugs":{"url":"https://github.com/kemitchell/spdx-exceptions.js/issues"},"homepage":"https://github.com/kemitchell/spdx-exceptions.js#readme","_id":"spdx-exceptions@1.0.2","_shasum":"c584a2875a1db1c8743266990af6e0c82e143a5b","_from":".","_npmVersion":"2.13.3","_nodeVersion":"0.12.7","_npmUser":{"name":"kemitchell","email":"kyle@kemitchell.com"},"dist":{"shasum":"c584a2875a1db1c8743266990af6e0c82e143a5b","tarball":"https://registry.npmjs.org/spdx-exceptions/-/spdx-exceptions-1.0.2.tgz"},"maintainers":[{"name":"kemitchell","email":"kyle@kemitchell.com"}],"directories":{}},"1.0.3":{"name":"spdx-exceptions","description":"list of SPDX standard license exceptions","version":"1.0.3","author":{"name":"The Linux Foundation"},"contributors":[{"name":"Kyle E. Mitchell","email":"kyle@kemitchell.com","url":"https://kemitchell.com/"}],"license":"CC-BY-3.0","repository":{"type":"git","url":"git+https://github.com/kemitchell/spdx-exceptions.json.git"},"gitHead":"fdd2c68ac29d4cd891c31e9b60523177eb9b338e","bugs":{"url":"https://github.com/kemitchell/spdx-exceptions.json/issues"},"homepage":"https://github.com/kemitchell/spdx-exceptions.json#readme","_id":"spdx-exceptions@1.0.3","scripts":{},"_shasum":"39ec5ed2cebddf08d180555d7e99c3aff9b4764a","_from":".","_npmVersion":"3.3.4","_nodeVersion":"4.1.1","_npmUser":{"name":"kemitchell","email":"kyle@kemitchell.com"},"dist":{"shasum":"39ec5ed2cebddf08d180555d7e99c3aff9b4764a","tarball":"https://registry.npmjs.org/spdx-exceptions/-/spdx-exceptions-1.0.3.tgz"},"maintainers":[{"name":"kemitchell","email":"kyle@kemitchell.com"}],"directories":{}},"1.0.4":{"name":"spdx-exceptions","description":"list of SPDX standard license exceptions","version":"1.0.4","author":{"name":"The Linux Foundation"},"contributors":[{"name":"Kyle E. Mitchell","email":"kyle@kemitchell.com","url":"https://kemitchell.com/"}],"license":"CC-BY-3.0","repository":{"type":"git","url":"git+https://github.com/kemitchell/spdx-exceptions.json.git"},"gitHead":"770316d6c946417ab6efa8533b82d0b61779092b","bugs":{"url":"https://github.com/kemitchell/spdx-exceptions.json/issues"},"homepage":"https://github.com/kemitchell/spdx-exceptions.json#readme","_id":"spdx-exceptions@1.0.4","scripts":{},"_shasum":"220b84239119ae9045a892db81a83f4ce16f80fd","_from":".","_npmVersion":"3.3.6","_nodeVersion":"5.0.0","_npmUser":{"name":"kemitchell","email":"kyle@kemitchell.com"},"dist":{"shasum":"220b84239119ae9045a892db81a83f4ce16f80fd","tarball":"https://registry.npmjs.org/spdx-exceptions/-/spdx-exceptions-1.0.4.tgz"},"maintainers":[{"name":"kemitchell","email":"kyle@kemitchell.com"}],"directories":{}},"1.0.5":{"name":"spdx-exceptions","description":"list of SPDX standard license exceptions","version":"1.0.5","author":{"name":"The Linux Foundation"},"contributors":[{"name":"Kyle E. Mitchell","email":"kyle@kemitchell.com","url":"https://kemitchell.com/"}],"license":"CC-BY-3.0","repository":{"type":"git","url":"git+https://github.com/kemitchell/spdx-exceptions.json.git"},"gitHead":"c6cd1f9bfc3cf5685398e3d08582b4ddb2da42b2","bugs":{"url":"https://github.com/kemitchell/spdx-exceptions.json/issues"},"homepage":"https://github.com/kemitchell/spdx-exceptions.json#readme","_id":"spdx-exceptions@1.0.5","scripts":{},"_shasum":"9d21ac4da4bdb71d060fb74e5a67531d032cbba6","_from":".","_npmVersion":"3.10.3","_nodeVersion":"4.4.7","_npmUser":{"name":"kemitchell","email":"kyle@kemitchell.com"},"dist":{"shasum":"9d21ac4da4bdb71d060fb74e5a67531d032cbba6","tarball":"https://registry.npmjs.org/spdx-exceptions/-/spdx-exceptions-1.0.5.tgz"},"maintainers":[{"name":"kemitchell","email":"kyle@kemitchell.com"}],"_npmOperationalInternal":{"host":"packages-16-east.internal.npmjs.com","tmp":"tmp/spdx-exceptions-1.0.5.tgz_1468446541697_0.12741880933754146"},"directories":{}},"2.0.0":{"name":"spdx-exceptions","description":"list of SPDX standard license exceptions","version":"2.0.0","author":{"name":"The Linux Foundation"},"contributors":[{"name":"Kyle E. Mitchell","email":"kyle@kemitchell.com","url":"https://kemitchell.com/"}],"license":"CC-BY-3.0","repository":{"type":"git","url":"git+https://github.com/kemitchell/spdx-exceptions.json.git"},"gitHead":"072bb660ecf766adddb956e8afeec4044b35e9fd","bugs":{"url":"https://github.com/kemitchell/spdx-exceptions.json/issues"},"homepage":"https://github.com/kemitchell/spdx-exceptions.json#readme","_id":"spdx-exceptions@2.0.0","scripts":{},"_shasum":"6a80e99f1f33e40acf497f6a430cf49969f013a8","_from":".","_npmVersion":"3.10.5","_nodeVersion":"4.4.7","_npmUser":{"name":"kemitchell","email":"kyle@kemitchell.com"},"dist":{"shasum":"6a80e99f1f33e40acf497f6a430cf49969f013a8","tarball":"https://registry.npmjs.org/spdx-exceptions/-/spdx-exceptions-2.0.0.tgz"},"maintainers":[{"name":"kemitchell","email":"kyle@kemitchell.com"}],"_npmOperationalInternal":{"host":"packages-12-west.internal.npmjs.com","tmp":"tmp/spdx-exceptions-2.0.0.tgz_1469471008216_0.5518400867003947"},"directories":{}},"2.1.0":{"name":"spdx-exceptions","description":"list of SPDX standard license exceptions","version":"2.1.0","author":{"name":"The Linux Foundation"},"contributors":[{"name":"Kyle E. Mitchell","email":"kyle@kemitchell.com","url":"https://kemitchell.com/"}],"license":"CC-BY-3.0","repository":{"type":"git","url":"git+https://github.com/kemitchell/spdx-exceptions.json.git"},"gitHead":"94810da928383b931e22c25f53ad2d4703b50079","bugs":{"url":"https://github.com/kemitchell/spdx-exceptions.json/issues"},"homepage":"https://github.com/kemitchell/spdx-exceptions.json#readme","_id":"spdx-exceptions@2.1.0","_npmVersion":"5.6.0","_nodeVersion":"8.9.1","_npmUser":{"name":"kemitchell","email":"kyle@kemitchell.com"},"dist":{"integrity":"sha512-4K1NsmrlCU1JJgUrtgEeTVyfx8VaYea9J9LvARxhbHtVtohPs/gFGG5yy49beySjlIMhhXZ4QqujIZEfS4l6Cg==","shasum":"2c7ae61056c714a5b9b9b2b2af7d311ef5c78fe9","tarball":"https://registry.npmjs.org/spdx-exceptions/-/spdx-exceptions-2.1.0.tgz"},"maintainers":[{"name":"kemitchell","email":"kyle@kemitchell.com"}],"_npmOperationalInternal":{"host":"s3://npm-registry-packages","tmp":"tmp/spdx-exceptions-2.1.0.tgz_1515518313717_0.05020708893425763"},"directories":{}}},"readme":"The package exports an array of strings. Each string is an identifier\nfor a license exception under the [Software Package Data Exchange\n(SPDX)][SPDX] software license metadata standard.\n\n[SPDX]: https://spdx.org\n\n## Copyright and Licensing\n\n### SPDX\n\n\"SPDX\" is a federally registered United States trademark of The Linux\nFoundation Corporation.\n\nFrom version 2.0 of the [SPDX] specification:\n\n> Copyright © 2010-2015 Linux Foundation and its Contributors. Licensed\n> under the Creative Commons Attribution License 3.0 Unported. All other\n> rights are expressly reserved.\n\nThe Linux Foundation and the SPDX working groups are good people. Only\nthey decide what \"SPDX\" means, as a standard and otherwise. I respect\ntheir work and their rights. You should, too.\n\n### This Package\n\n> I created this package by copying exception identifiers out of the\n> SPDX specification. That work was mechanical, routine, and required no\n> creativity whatsoever. - Kyle Mitchell, package author\n\nUnited States users concerned about intellectual property may wish to\ndiscuss the following Supreme Court decisions with their attorneys:\n\n- _Baker v. Selden_, 101 U.S. 99 (1879)\n\n- _Feist Publications, Inc., v. Rural Telephone Service Co._,\n  499 U.S. 340 (1991)\n","maintainers":[{"name":"kemitchell","email":"kyle@kemitchell.com"}],"time":{"modified":"2018-01-09T17:18:33.930Z","created":"2015-08-01T23:41:45.100Z","1.0.0":"2015-08-01T23:41:45.100Z","1.0.1":"2015-08-01T23:57:34.042Z","1.0.2":"2015-08-02T04:13:00.445Z","1.0.3":"2015-10-03T18:42:16.749Z","1.0.4":"2015-11-04T19:10:19.493Z","1.0.5":"2016-07-13T21:49:05.048Z","2.0.0":"2016-07-25T18:23:28.436Z","2.1.0":"2018-01-09T17:18:33.930Z"},"homepage":"https://github.com/kemitchell/spdx-exceptions.json#readme","repository":{"type":"git","url":"git+https://github.com/kemitchell/spdx-exceptions.json.git"},"author":{"name":"The Linux Foundation"},"bugs":{"url":"https://github.com/kemitchell/spdx-exceptions.json/issues"},"license":"CC-BY-3.0","readmeFilename":"README.md","contributors":[{"name":"Kyle E. Mitchell","email":"kyle@kemitchell.com","url":"https://kemitchell.com/"}],"_attachments":{},"_etag":"W/\"9d5dc5136f0c3633b9aa44fb3d7225dd\"","_lastModified":"Sun, 27 May 2018 17:57:29 GMT","_cached":true}