{"_id":"wcwidth","_rev":"8-6eb5e400b9aedb620986a7a2a645dca0","name":"wcwidth","description":"Port of C's wcwidth() and wcswidth()","dist-tags":{"latest":"1.0.1"},"versions":{"0.0.0":{"name":"wcwidth","version":"0.0.0","description":"Port of C's wcwidth() and wcswidth()","author":{"name":"Tim Oxley"},"contributors":[{"name":"Woong Jun","email":"woong.jun@gmail.com","url":"http://code.woong.org/"}],"main":"index.js","dependencies":{"defaults":"^1.0.0"},"devDependencies":{"mocha":"^1.18.2"},"license":"MIT","keywords":["wide character","wc","wide character string","wcs","terminal","width","wcwidth","wcswidth"],"directories":{"doc":"docs","test":"test"},"scripts":{"test":"mocha -R spec"},"gitHead":"53cd682dbfd8ce311eec82baec8ce062914d810a","_id":"wcwidth@0.0.0","_shasum":"43dc033fed8e19113c56b51d8698c297d5eeb872","_from":".","_npmVersion":"1.4.21","_npmUser":{"name":"timoxley","email":"secoif@gmail.com"},"maintainers":[{"name":"timoxley","email":"secoif@gmail.com"}],"dist":{"shasum":"43dc033fed8e19113c56b51d8698c297d5eeb872","tarball":"https://registry.npmjs.org/wcwidth/-/wcwidth-0.0.0.tgz"}},"1.0.0":{"name":"wcwidth","version":"1.0.0","description":"Port of C's wcwidth() and wcswidth()","author":{"name":"Tim Oxley"},"contributors":[{"name":"Woong Jun","email":"woong.jun@gmail.com","url":"http://code.woong.org/"}],"main":"index.js","dependencies":{"defaults":"^1.0.0"},"devDependencies":{"tape":"^2.13.4"},"license":"MIT","keywords":["wide character","wc","wide character string","wcs","terminal","width","wcwidth","wcswidth"],"directories":{"doc":"docs","test":"test"},"scripts":{"test":"tape test/*.js"},"gitHead":"5bc3aafd45c89f233c27b9479c18a23ca91ba660","_id":"wcwidth@1.0.0","_shasum":"02d059ff7a8fc741e0f6b5da1e69b2b40daeca6f","_from":".","_npmVersion":"1.4.23","_npmUser":{"name":"timoxley","email":"secoif@gmail.com"},"maintainers":[{"name":"timoxley","email":"secoif@gmail.com"}],"dist":{"shasum":"02d059ff7a8fc741e0f6b5da1e69b2b40daeca6f","tarball":"https://registry.npmjs.org/wcwidth/-/wcwidth-1.0.0.tgz"}},"1.0.1":{"name":"wcwidth","version":"1.0.1","description":"Port of C's wcwidth() and wcswidth()","author":{"name":"Tim Oxley"},"contributors":[{"name":"Woong Jun","email":"woong.jun@gmail.com","url":"http://code.woong.org/"}],"main":"index.js","dependencies":{"defaults":"^1.0.3"},"devDependencies":{"tape":"^4.5.1"},"license":"MIT","keywords":["wide character","wc","wide character string","wcs","terminal","width","wcwidth","wcswidth"],"directories":{"doc":"docs","test":"test"},"scripts":{"test":"tape test/*.js"},"repository":{"type":"git","url":"git+https://github.com/timoxley/wcwidth.git"},"bugs":{"url":"https://github.com/timoxley/wcwidth/issues"},"homepage":"https://github.com/timoxley/wcwidth#readme","gitHead":"5f7935f7df9d4146e001829ed14d1629ced210ba","_id":"wcwidth@1.0.1","_shasum":"f0b0dcf915bc5ff1528afadb2c0e17b532da2fe8","_from":".","_npmVersion":"3.9.5","_nodeVersion":"5.10.1","_npmUser":{"name":"timoxley","email":"secoif@gmail.com"},"maintainers":[{"name":"timoxley","email":"secoif@gmail.com"}],"dist":{"shasum":"f0b0dcf915bc5ff1528afadb2c0e17b532da2fe8","tarball":"https://registry.npmjs.org/wcwidth/-/wcwidth-1.0.1.tgz"},"_npmOperationalInternal":{"host":"packages-12-west.internal.npmjs.com","tmp":"tmp/wcwidth-1.0.1.tgz_1464580614788_0.27110297488979995"}}},"readme":"# wcwidth\n\nDetermine columns needed for a fixed-size wide-character string\n\n----\n\nwcwidth is a simple JavaScript port of [wcwidth](http://man7.org/linux/man-pages/man3/wcswidth.3.html) implemented in C by Markus Kuhn.\n\nJavaScript port [originally](https://github.com/mycoboco/wcwidth.js) written by Woong Jun <woong.jun@gmail.com> (http://code.woong.org/)\n\n## Example\n\n```js\n'한'.length    // => 1\nwcwidth('한');   // => 2\n\n'한글'.length    // => 2\nwcwidth('한글'); // => 4\n```\n\n`wcwidth()` and its string version, `wcswidth()` are defined by IEEE Std\n1002.1-2001, a.k.a. POSIX.1-2001, and return the number of columns used\nto represent the given wide character and string.\n\nMarkus's implementation assumes the wide character given to those\nfunctions to be encoded in ISO 10646, which is almost true for\nJavaScript's characters.\n\n[Further explaination here](docs)\n\n## License\n\nMIT\n","maintainers":[{"name":"timoxley","email":"secoif@gmail.com"}],"time":{"modified":"2016-05-30T03:56:57.274Z","created":"2014-07-27T11:24:39.279Z","0.0.0":"2014-07-27T11:24:39.279Z","1.0.0":"2014-08-11T04:13:18.361Z","1.0.1":"2016-05-30T03:56:57.274Z"},"keywords":["wide character","wc","wide character string","wcs","terminal","width","wcwidth","wcswidth"],"contributors":[{"name":"Woong Jun","email":"woong.jun@gmail.com","url":"http://code.woong.org/"}],"author":{"name":"Tim Oxley"},"license":"MIT","readmeFilename":"Readme.md","users":{"xgqfrms":true,"zoomyzoom":true},"homepage":"https://github.com/timoxley/wcwidth#readme","repository":{"type":"git","url":"git+https://github.com/timoxley/wcwidth.git"},"bugs":{"url":"https://github.com/timoxley/wcwidth/issues"},"_attachments":{},"_etag":"W/\"e495622ad6b493496b87e51439f5f76b\"","_lastModified":"Sun, 27 May 2018 21:34:59 GMT"}