{"_id":"number-is-nan","_rev":"4-858b4715bcacedd60bf4b22a152259ee","name":"number-is-nan","description":"ES2015 Number.isNaN() ponyfill","dist-tags":{"latest":"1.0.1"},"versions":{"1.0.0":{"name":"number-is-nan","version":"1.0.0","description":"ES6 Number.isNaN() ponyfill","license":"MIT","repository":{"type":"git","url":"git+https://github.com/sindresorhus/number-is-nan.git"},"author":{"name":"Sindre Sorhus","email":"sindresorhus@gmail.com","url":"sindresorhus.com"},"engines":{"node":">=0.10.0"},"scripts":{"test":"node test.js"},"files":["index.js"],"keywords":["es6","es2015","ecmascript","harmony","ponyfill","polyfill","shim","number","is","nan","not"],"devDependencies":{"ava":"0.0.4"},"gitHead":"0f394b1bc33185c40304363b209e3f0588dbeeb3","bugs":{"url":"https://github.com/sindresorhus/number-is-nan/issues"},"homepage":"https://github.com/sindresorhus/number-is-nan#readme","_id":"number-is-nan@1.0.0","_shasum":"c020f529c5282adfdd233d91d4b181c3d686dc4b","_from":".","_npmVersion":"2.10.0","_nodeVersion":"0.12.3","_npmUser":{"name":"sindresorhus","email":"sindresorhus@gmail.com"},"dist":{"shasum":"c020f529c5282adfdd233d91d4b181c3d686dc4b","tarball":"https://registry.npmjs.org/number-is-nan/-/number-is-nan-1.0.0.tgz"},"maintainers":[{"name":"sindresorhus","email":"sindresorhus@gmail.com"}],"directories":{}},"1.0.1":{"name":"number-is-nan","version":"1.0.1","description":"ES2015 Number.isNaN() ponyfill","license":"MIT","repository":{"type":"git","url":"git+https://github.com/sindresorhus/number-is-nan.git"},"author":{"name":"Sindre Sorhus","email":"sindresorhus@gmail.com","url":"sindresorhus.com"},"engines":{"node":">=0.10.0"},"scripts":{"test":"ava"},"files":["index.js"],"keywords":["es2015","ecmascript","ponyfill","polyfill","shim","number","is","nan","not"],"devDependencies":{"ava":"*"},"gitHead":"ed9cdac3f428cc929b61bb230da42c87477af4b9","bugs":{"url":"https://github.com/sindresorhus/number-is-nan/issues"},"homepage":"https://github.com/sindresorhus/number-is-nan#readme","_id":"number-is-nan@1.0.1","_shasum":"097b602b53422a522c1afb8790318336941a011d","_from":".","_npmVersion":"2.15.9","_nodeVersion":"4.5.0","_npmUser":{"name":"sindresorhus","email":"sindresorhus@gmail.com"},"dist":{"shasum":"097b602b53422a522c1afb8790318336941a011d","tarball":"https://registry.npmjs.org/number-is-nan/-/number-is-nan-1.0.1.tgz"},"maintainers":[{"name":"sindresorhus","email":"sindresorhus@gmail.com"}],"_npmOperationalInternal":{"host":"packages-12-west.internal.npmjs.com","tmp":"tmp/number-is-nan-1.0.1.tgz_1475212313367_0.9480371843092144"},"directories":{}}},"readme":"# number-is-nan [![Build Status](https://travis-ci.org/sindresorhus/number-is-nan.svg?branch=master)](https://travis-ci.org/sindresorhus/number-is-nan)\n\n> ES2015 [`Number.isNaN()`](https://developer.mozilla.org/en-US/docs/Web/JavaScript/Reference/Global_Objects/Number/isNaN) [ponyfill](https://ponyfill.com)\n\n\n## Install\n\n```\n$ npm install --save number-is-nan\n```\n\n\n## Usage\n\n```js\nvar numberIsNan = require('number-is-nan');\n\nnumberIsNan(NaN);\n//=> true\n\nnumberIsNan('unicorn');\n//=> false\n```\n\n\n## License\n\nMIT © [Sindre Sorhus](http://sindresorhus.com)\n","maintainers":[{"name":"sindresorhus","email":"sindresorhus@gmail.com"}],"time":{"modified":"2017-10-08T11:06:59.655Z","created":"2015-05-20T20:52:30.474Z","1.0.0":"2015-05-20T20:52:30.474Z","1.0.1":"2016-09-30T05:11:53.609Z"},"homepage":"https://github.com/sindresorhus/number-is-nan#readme","keywords":["es2015","ecmascript","ponyfill","polyfill","shim","number","is","nan","not"],"repository":{"type":"git","url":"git+https://github.com/sindresorhus/number-is-nan.git"},"author":{"name":"Sindre Sorhus","email":"sindresorhus@gmail.com","url":"sindresorhus.com"},"bugs":{"url":"https://github.com/sindresorhus/number-is-nan/issues"},"license":"MIT","readmeFilename":"readme.md","users":{"rocket0191":true,"leix3041":true},"_attachments":{},"_etag":"W/\"b6803193e40cbaadbd0696596fb0c6e3\"","_lastModified":"Sun, 27 May 2018 10:51:31 GMT"}