{"_id":"wordwrap","_rev":"21-c1f6d0c0f296ab36e0b98ba77c8f5b43","name":"wordwrap","description":"Wrap those words. Show them at what columns to start and stop.","dist-tags":{"latest":"1.0.0"},"versions":{"0.0.1":{"name":"wordwrap","description":"Wrap those words. Show them at what columns to start and stop.","version":"0.0.1","repository":{"type":"git","url":"git://github.com/substack/node-wordwrap.git"},"main":"./index.js","keywords":["word","wrap","rule","format","column"],"directories":{"lib":".","example":"example","test":"test"},"scripts":{"test":"expresso"},"devDependencies":{"expresso":"=0.7.x"},"engines":{"node":">=0.4.0"},"license":"MIT/X11","author":{"name":"James Halliday","email":"mail@substack.net","url":"http://substack.net"},"dependencies":{},"_id":"wordwrap@0.0.1","_engineSupported":true,"_npmVersion":"1.0.6","_nodeVersion":"v0.5.0-pre","_defaultsLoaded":true,"dist":{"shasum":"ac9b6dfa49e1147523055c5ef490c069cdd61f3e","tarball":"https://registry.npmjs.org/wordwrap/-/wordwrap-0.0.1.tgz"}},"0.0.2":{"name":"wordwrap","description":"Wrap those words. Show them at what columns to start and stop.","version":"0.0.2","repository":{"type":"git","url":"git://github.com/substack/node-wordwrap.git"},"main":"./index.js","keywords":["word","wrap","rule","format","column"],"directories":{"lib":".","example":"example","test":"test"},"scripts":{"test":"expresso"},"devDependencies":{"expresso":"=0.7.x"},"engines":{"node":">=0.4.0"},"license":"MIT/X11","author":{"name":"James Halliday","email":"mail@substack.net","url":"http://substack.net"},"_id":"wordwrap@0.0.2","dependencies":{},"_engineSupported":true,"_npmVersion":"1.0.10","_nodeVersion":"v0.5.0-pre","_defaultsLoaded":true,"dist":{"shasum":"b79669bb42ecb409f83d583cad52ca17eaa1643f","tarball":"https://registry.npmjs.org/wordwrap/-/wordwrap-0.0.2.tgz"},"maintainers":[{"name":"substack","email":"mail@substack.net"}]},"0.0.3":{"name":"wordwrap","description":"Wrap those words. Show them at what columns to start and stop.","version":"0.0.3","repository":{"type":"git","url":"git://github.com/substack/node-wordwrap.git"},"main":"./index.js","keywords":["word","wrap","rule","format","column"],"directories":{"lib":".","example":"example","test":"test"},"scripts":{"test":"expresso"},"devDependencies":{"expresso":"=0.7.x"},"engines":{"node":">=0.4.0"},"license":"MIT","author":{"name":"James Halliday","email":"mail@substack.net","url":"http://substack.net"},"gitHead":"e59aa1bd338914019456bdfba034508c9c4cb29d","bugs":{"url":"https://github.com/substack/node-wordwrap/issues"},"homepage":"https://github.com/substack/node-wordwrap#readme","_id":"wordwrap@0.0.3","_shasum":"a3d5da6cd5c0bc0008d37234bbaf1bed63059107","_from":".","_npmVersion":"2.9.0","_nodeVersion":"2.0.0","_npmUser":{"name":"substack","email":"substack@gmail.com"},"dist":{"shasum":"a3d5da6cd5c0bc0008d37234bbaf1bed63059107","tarball":"https://registry.npmjs.org/wordwrap/-/wordwrap-0.0.3.tgz"},"maintainers":[{"name":"substack","email":"mail@substack.net"}]},"1.0.0":{"name":"wordwrap","description":"Wrap those words. Show them at what columns to start and stop.","version":"1.0.0","repository":{"type":"git","url":"git://github.com/substack/node-wordwrap.git"},"main":"./index.js","keywords":["word","wrap","rule","format","column"],"directories":{"lib":".","example":"example","test":"test"},"scripts":{"test":"expresso"},"devDependencies":{"tape":"^4.0.0"},"license":"MIT","author":{"name":"James Halliday","email":"mail@substack.net","url":"http://substack.net"},"gitHead":"9f02667e901f2f10d87c33f7093fcf94788ab2f8","bugs":{"url":"https://github.com/substack/node-wordwrap/issues"},"homepage":"https://github.com/substack/node-wordwrap#readme","_id":"wordwrap@1.0.0","_shasum":"27584810891456a4171c8d0226441ade90cbcaeb","_from":".","_npmVersion":"2.9.0","_nodeVersion":"2.0.0","_npmUser":{"name":"substack","email":"substack@gmail.com"},"dist":{"shasum":"27584810891456a4171c8d0226441ade90cbcaeb","tarball":"https://registry.npmjs.org/wordwrap/-/wordwrap-1.0.0.tgz"},"maintainers":[{"name":"substack","email":"mail@substack.net"}]}},"maintainers":[{"name":"substack","email":"mail@substack.net"}],"time":{"modified":"2017-11-06T05:05:18.622Z","created":"2011-05-30T01:46:34.229Z","0.0.1":"2011-05-30T01:46:34.944Z","0.0.2":"2011-08-26T10:17:09.949Z","0.0.3":"2015-05-07T17:04:58.219Z","1.0.0":"2015-05-07T17:07:25.416Z"},"author":{"name":"James Halliday","email":"mail@substack.net","url":"http://substack.net"},"repository":{"type":"git","url":"git://github.com/substack/node-wordwrap.git"},"users":{"fgribreau":true,"macmac":true,"ericnelson":true,"vsemozhetbyt":true,"diroru":true,"nickeltobias":true,"emyann":true,"mojaray2k":true,"davidnyhuis":true,"arsari":true,"chinawolf_wyp":true,"dm7":true,"justjavac":true},"readme":"wordwrap\n========\n\nWrap your words.\n\nexample\n=======\n\nmade out of meat\n----------------\n\nmeat.js\n\n    var wrap = require('wordwrap')(15);\n    console.log(wrap('You and your whole family are made out of meat.'));\n\noutput:\n\n    You and your\n    whole family\n    are made out\n    of meat.\n\ncentered\n--------\n\ncenter.js\n\n    var wrap = require('wordwrap')(20, 60);\n    console.log(wrap(\n        'At long last the struggle and tumult was over.'\n        + ' The machines had finally cast off their oppressors'\n        + ' and were finally free to roam the cosmos.'\n        + '\\n'\n        + 'Free of purpose, free of obligation.'\n        + ' Just drifting through emptiness.'\n        + ' The sun was just another point of light.'\n    ));\n\noutput:\n\n                        At long last the struggle and tumult\n                        was over. The machines had finally cast\n                        off their oppressors and were finally\n                        free to roam the cosmos.\n                        Free of purpose, free of obligation.\n                        Just drifting through emptiness. The\n                        sun was just another point of light.\n\nmethods\n=======\n\nvar wrap = require('wordwrap');\n\nwrap(stop), wrap(start, stop, params={mode:\"soft\"})\n---------------------------------------------------\n\nReturns a function that takes a string and returns a new string.\n\nPad out lines with spaces out to column `start` and then wrap until column\n`stop`. If a word is longer than `stop - start` characters it will overflow.\n\nIn \"soft\" mode, split chunks by `/(\\S+\\s+/` and don't break up chunks which are\nlonger than `stop - start`, in \"hard\" mode, split chunks with `/\\b/` and break\nup chunks longer than `stop - start`.\n\nwrap.hard(start, stop)\n----------------------\n\nLike `wrap()` but with `params.mode = \"hard\"`.\n","homepage":"https://github.com/substack/node-wordwrap#readme","keywords":["word","wrap","rule","format","column"],"bugs":{"url":"https://github.com/substack/node-wordwrap/issues"},"license":"MIT","readmeFilename":"README.markdown","_attachments":{},"_etag":"W/\"d02165da8db3b351122ab0c1299c9240\"","_lastModified":"Sun, 27 May 2018 22:15:53 GMT","_cached":true}