{"_id":"mout","_rev":"57-74d4f57af1a5239a24f0b838a2fe8b50","name":"mout","description":"Modular Utilities","dist-tags":{"latest":"1.1.0"},"versions":{"0.1.0":{"name":"mout","description":"Modular Utilities","version":"0.1.0","homepage":"http://mout.github.com/mout/","author":{"name":"Miller Medeiros","url":"http://blog.millermedeiros.com"},"keywords":["utilities","functional","amd-utils","stdlib"],"repository":{"type":"git","url":"git://github.com/mout/mout.git"},"licenses":[{"type":"MIT","url":"http://www.opensource.org/licenses/mit-license.php"}],"bugs":{"url":"https://github.com/mout/mout/issues/"},"main":"./index.js","scripts":{"prepublish":"node build cjs .","pretest":"node build pkg","test":"node node_modules/istanbul/lib/cli test tests/runner.js --hook-run-in-context"},"directories":{"doc":"./doc"},"devDependencies":{"istanbul":"~0.1.27","jasmine-node":"~1.0.28","requirejs":"2.x","nodefy":"*","mdoc":"~0.3.2","handlebars":"~1.0.6","commander":"~1.0.5"},"_id":"mout@0.1.0","dist":{"shasum":"d464738b2282153c328648efdecbd1239fee8e68","tarball":"https://registry.npmjs.org/mout/-/mout-0.1.0.tgz"},"maintainers":[{"name":"millermedeiros","email":"miller@millermedeiros.com"}]},"0.2.0":{"name":"mout","description":"Modular Utilities","version":"0.2.0","homepage":"http://moutjs.com/","contributors":[{"name":"Adam Nowotny"},{"name":"André Cruz"},{"name":"Conrad Zimmerman","url":"http://www.conradz.com"},{"name":"Friedemann Altrock","email":"frodenius@gmail.com"},{"name":"Jarrod Overson","url":"http://jarrodoverson.com"},{"name":"Miller Medeiros","email":"contact@millermedeiros.com","url":"http://blog.millermedeiros.com"},{"name":"Zach Shipley"}],"keywords":["utilities","functional","amd-utils","stdlib"],"repository":{"type":"git","url":"git://github.com/mout/mout.git"},"licenses":[{"type":"MIT","url":"http://www.opensource.org/licenses/mit-license.php"}],"bugs":{"url":"https://github.com/mout/mout/issues/"},"main":"./index.js","scripts":{"prepublish":"node build cjs .","pretest":"node build pkg","test":"node node_modules/istanbul/lib/cli test tests/runner.js --hook-run-in-context"},"directories":{"doc":"./doc"},"devDependencies":{"istanbul":"~0.1.27","jasmine-node":"~1.0.28","requirejs":"2.x","nodefy":"*","mdoc":"~0.3.2","handlebars":"~1.0.6","commander":"~1.0.5"},"_id":"mout@0.2.0","dist":{"shasum":"9a454b7f9cdda0a11b0b7e4b87041885a5e095b9","tarball":"https://registry.npmjs.org/mout/-/mout-0.2.0.tgz"},"maintainers":[{"name":"millermedeiros","email":"miller@millermedeiros.com"},{"name":"satazor","email":"andremiguelcruz@msn.com"}]},"0.3.0":{"name":"mout","description":"Modular Utilities","version":"0.3.0","homepage":"http://moutjs.com/","contributors":[{"name":"Adam Nowotny"},{"name":"André Cruz","email":"amdfcruz@gmail.com"},{"name":"Conrad Zimmerman","url":"http://www.conradz.com"},{"name":"Friedemann Altrock","email":"frodenius@gmail.com"},{"name":"Jarrod Overson","url":"http://jarrodoverson.com"},{"name":"Miller Medeiros","email":"contact@millermedeiros.com","url":"http://blog.millermedeiros.com"},{"name":"Zach Shipley"}],"keywords":["utilities","functional","amd-utils","stdlib"],"repository":{"type":"git","url":"git://github.com/mout/mout.git"},"licenses":[{"type":"MIT","url":"http://www.opensource.org/licenses/mit-license.php"}],"bugs":{"url":"https://github.com/mout/mout/issues/"},"main":"./index.js","scripts":{"prepublish":"node build cjs .","pretest":"node build pkg","test":"node node_modules/istanbul/lib/cli test tests/runner.js --hook-run-in-context"},"directories":{"doc":"./doc"},"devDependencies":{"istanbul":"~0.1.27","jasmine-node":"~1.0.28","requirejs":"2.x","nodefy":"*","mdoc":"~0.3.2","handlebars":"~1.0.6","commander":"~1.0.5","rocambole":"~0.2.3"},"_id":"mout@0.3.0","dist":{"shasum":"0b6f353203e5a2929e9f52b4a13a6bc245b289e8","tarball":"https://registry.npmjs.org/mout/-/mout-0.3.0.tgz"},"maintainers":[{"name":"millermedeiros","email":"miller@millermedeiros.com"},{"name":"satazor","email":"andremiguelcruz@msn.com"}]},"0.4.0":{"name":"mout","description":"Modular Utilities","version":"0.4.0","homepage":"http://moutjs.com/","contributors":[{"name":"Adam Nowotny"},{"name":"André Cruz","email":"amdfcruz@gmail.com"},{"name":"Conrad Zimmerman","url":"http://www.conradz.com"},{"name":"Friedemann Altrock","email":"frodenius@gmail.com"},{"name":"Jarrod Overson","url":"http://jarrodoverson.com"},{"name":"Miller Medeiros","email":"contact@millermedeiros.com","url":"http://blog.millermedeiros.com"},{"name":"Zach Shipley"}],"keywords":["utilities","functional","amd-utils","stdlib"],"repository":{"type":"git","url":"git://github.com/mout/mout.git"},"licenses":[{"type":"MIT","url":"http://www.opensource.org/licenses/mit-license.php"}],"bugs":{"url":"https://github.com/mout/mout/issues/"},"main":"./index.js","scripts":{"prepublish":"node build cjs .","pretest":"node build pkg","test":"node node_modules/istanbul/lib/cli test tests/runner.js --hook-run-in-context"},"directories":{"doc":"./doc"},"devDependencies":{"istanbul":"~0.1.27","jasmine-node":"~1.2.2","requirejs":"2.x","nodefy":"*","mdoc":"~0.3.2","handlebars":"~1.0.6","commander":"~1.0.5","rocambole":"~0.2.3"},"_id":"mout@0.4.0","dist":{"shasum":"62d1b8854faca021e12edde987a9b85108910ca1","tarball":"https://registry.npmjs.org/mout/-/mout-0.4.0.tgz"},"maintainers":[{"name":"millermedeiros","email":"miller@millermedeiros.com"},{"name":"satazor","email":"andremiguelcruz@msn.com"}]},"0.5.0":{"name":"mout","description":"Modular Utilities","version":"0.5.0","homepage":"http://moutjs.com/","contributors":[{"name":"Adam Nowotny"},{"name":"André Cruz","email":"amdfcruz@gmail.com"},{"name":"Conrad Zimmerman","url":"http://www.conradz.com"},{"name":"Friedemann Altrock","email":"frodenius@gmail.com"},{"name":"Jarrod Overson","url":"http://jarrodoverson.com"},{"name":"Miller Medeiros","email":"contact@millermedeiros.com","url":"http://blog.millermedeiros.com"},{"name":"Zach Shipley"}],"keywords":["utilities","functional","amd-utils","stdlib"],"repository":{"type":"git","url":"git://github.com/mout/mout.git"},"licenses":[{"type":"MIT","url":"http://www.opensource.org/licenses/mit-license.php"}],"bugs":{"url":"https://github.com/mout/mout/issues/"},"main":"./index.js","scripts":{"prepublish":"node build cjs .","pretest":"node build pkg","test":"node node_modules/istanbul/lib/cli test tests/runner.js --hook-run-in-context"},"directories":{"doc":"./doc"},"devDependencies":{"istanbul":"~0.1.27","jasmine-node":"~1.2.2","requirejs":"2.x","nodefy":"*","mdoc":"~0.3.2","handlebars":"~1.0.6","commander":"~1.0.5","rocambole":"~0.2.3"},"testling":{"preprocess":"node build testling","browsers":{"ie":[7,8,9,10],"firefox":[17,"nightly"],"chrome":[23,"canary"],"opera":[12,"next"],"safari":[5.1,6],"iphone":[6],"ipad":[6]},"scripts":["tests/lib/jasmine/jasmine.js","tests/lib/jasmine/jasmine.async.js","tests/lib/jasmine/jasmine-tap.js","tests/lib/requirejs/require.js","tests/testling/src.js","tests/testling/specs.js","tests/runner.js"]},"_id":"mout@0.5.0","dist":{"shasum":"ff967566a90f29595e9cb8b6e7800a5b56635583","tarball":"https://registry.npmjs.org/mout/-/mout-0.5.0.tgz"},"maintainers":[{"name":"millermedeiros","email":"miller@millermedeiros.com"},{"name":"satazor","email":"andremiguelcruz@msn.com"}]},"0.6.0":{"name":"mout","description":"Modular Utilities","version":"0.6.0","homepage":"http://moutjs.com/","contributors":[{"name":"Adam Nowotny"},{"name":"André Cruz","email":"amdfcruz@gmail.com"},{"name":"Conrad Zimmerman","url":"http://www.conradz.com"},{"name":"Friedemann Altrock","email":"frodenius@gmail.com"},{"name":"Jarrod Overson","url":"http://jarrodoverson.com"},{"name":"Miller Medeiros","email":"contact@millermedeiros.com","url":"http://blog.millermedeiros.com"},{"name":"Zach Shipley"}],"keywords":["utilities","functional","amd-utils","stdlib"],"repository":{"type":"git","url":"git://github.com/mout/mout.git"},"licenses":[{"type":"MIT","url":"http://www.opensource.org/licenses/mit-license.php"}],"bugs":{"url":"https://github.com/mout/mout/issues/"},"main":"./index.js","scripts":{"prepublish":"node build cjs .","pretest":"node build pkg","test":"node node_modules/istanbul/lib/cli test tests/runner.js --hook-run-in-context"},"directories":{"doc":"./doc"},"devDependencies":{"istanbul":"~0.1.27","jasmine-node":"~1.2.2","requirejs":"2.x","nodefy":"*","mdoc":"~0.3.2","handlebars":"~1.0.6","commander":"~1.0.5","rocambole":"~0.2.3"},"testling":{"preprocess":"node build testling","browsers":{"ie":[7,8,9,10],"firefox":[17,"nightly"],"chrome":[23,"canary"],"opera":[12,"next"],"safari":[5.1,6],"iphone":[6],"ipad":[6]},"scripts":["tests/lib/jasmine/jasmine.js","tests/lib/jasmine/jasmine.async.js","tests/lib/jasmine/jasmine-tap.js","tests/lib/requirejs/require.js","tests/testling/src.js","tests/testling/specs.js","tests/runner.js"]},"_id":"mout@0.6.0","dist":{"shasum":"ce7abad8130d796b09d7fb509bcc73b09be024a6","tarball":"https://registry.npmjs.org/mout/-/mout-0.6.0.tgz"},"maintainers":[{"name":"millermedeiros","email":"miller@millermedeiros.com"},{"name":"satazor","email":"andremiguelcruz@msn.com"}]},"0.7.0":{"name":"mout","description":"Modular Utilities","version":"0.7.0","homepage":"http://moutjs.com/","contributors":[{"name":"Adam Nowotny"},{"name":"André Cruz","email":"amdfcruz@gmail.com"},{"name":"Conrad Zimmerman","url":"http://www.conradz.com"},{"name":"Friedemann Altrock","email":"frodenius@gmail.com"},{"name":"Jarrod Overson","url":"http://jarrodoverson.com"},{"name":"Miller Medeiros","email":"contact@millermedeiros.com","url":"http://blog.millermedeiros.com"},{"name":"Zach Shipley"}],"keywords":["utilities","functional","amd-utils","stdlib"],"repository":{"type":"git","url":"git://github.com/mout/mout.git"},"licenses":[{"type":"MIT","url":"http://www.opensource.org/licenses/mit-license.php"}],"bugs":{"url":"https://github.com/mout/mout/issues/"},"main":"./index.js","scripts":{"prepublish":"node build cjs .","pretest":"node build pkg","test":"node node_modules/istanbul/lib/cli test tests/runner.js --hook-run-in-context"},"directories":{"doc":"./doc"},"devDependencies":{"istanbul":"~0.1.27","jasmine-node":"~1.2.2","requirejs":"2.x","nodefy":"*","mdoc":"~0.3.2","handlebars":"~1.0.6","commander":"~1.0.5","rocambole":"~0.2.3","jshint":"2.x"},"testling":{"preprocess":"node build testling","browsers":{"ie":[7,8,9,10],"firefox":[17,"nightly"],"chrome":[23,"canary"],"opera":[12,"next"],"safari":[5.1,6],"iphone":[6],"ipad":[6]},"scripts":["tests/lib/jasmine/jasmine.js","tests/lib/jasmine/jasmine.async.js","tests/lib/jasmine/jasmine-tap.js","tests/lib/requirejs/require.js","tests/testling/src.js","tests/testling/specs.js","tests/runner.js"]},"_id":"mout@0.7.0","dist":{"shasum":"cc30aafc1e325bbd3c4c5189684061c8ed4c2a6b","tarball":"https://registry.npmjs.org/mout/-/mout-0.7.0.tgz"},"maintainers":[{"name":"millermedeiros","email":"miller@millermedeiros.com"},{"name":"satazor","email":"andremiguelcruz@msn.com"}]},"0.7.1":{"name":"mout","description":"Modular Utilities","version":"0.7.1","homepage":"http://moutjs.com/","contributors":[{"name":"Adam Nowotny"},{"name":"André Cruz","email":"amdfcruz@gmail.com"},{"name":"Conrad Zimmerman","url":"http://www.conradz.com"},{"name":"Friedemann Altrock","email":"frodenius@gmail.com"},{"name":"Jarrod Overson","url":"http://jarrodoverson.com"},{"name":"Miller Medeiros","email":"contact@millermedeiros.com","url":"http://blog.millermedeiros.com"},{"name":"Zach Shipley"}],"keywords":["utilities","functional","amd-utils","stdlib"],"repository":{"type":"git","url":"git://github.com/mout/mout.git"},"licenses":[{"type":"MIT","url":"http://www.opensource.org/licenses/mit-license.php"}],"bugs":{"url":"https://github.com/mout/mout/issues/"},"main":"./index.js","scripts":{"prepublish":"node build cjs .","pretest":"node build pkg","test":"node node_modules/istanbul/lib/cli test tests/runner.js --hook-run-in-context"},"directories":{"doc":"./doc"},"devDependencies":{"istanbul":"~0.1.27","jasmine-node":"~1.2.2","requirejs":"2.x","nodefy":"*","mdoc":"~0.3.2","handlebars":"~1.0.6","commander":"~1.0.5","rocambole":"~0.2.3","jshint":"2.x"},"testling":{"preprocess":"node build testling","browsers":{"ie":[7,8,9,10],"firefox":[17,"nightly"],"chrome":[23,"canary"],"opera":[12,"next"],"safari":[5.1,6],"iphone":[6],"ipad":[6]},"scripts":["tests/lib/jasmine/jasmine.js","tests/lib/jasmine/jasmine.async.js","tests/lib/jasmine/jasmine-tap.js","tests/lib/requirejs/require.js","tests/testling/src.js","tests/testling/specs.js","tests/runner.js"]},"_id":"mout@0.7.1","dist":{"shasum":"218de2b0880b220d99f4fbaee3fc0c3a5310bda8","tarball":"https://registry.npmjs.org/mout/-/mout-0.7.1.tgz"},"_from":".","_npmVersion":"1.3.8","_npmUser":{"name":"millermedeiros","email":"miller@millermedeiros.com"},"maintainers":[{"name":"millermedeiros","email":"miller@millermedeiros.com"},{"name":"satazor","email":"andremiguelcruz@msn.com"}]},"0.8.0":{"name":"mout","description":"Modular Utilities","version":"0.8.0","homepage":"http://moutjs.com/","contributors":[{"name":"Adam Nowotny"},{"name":"André Cruz","email":"amdfcruz@gmail.com"},{"name":"Conrad Zimmerman","url":"http://www.conradz.com"},{"name":"Friedemann Altrock","email":"frodenius@gmail.com"},{"name":"Igor Almeida","email":"igor.p.almeida@gmail.com"},{"name":"Jarrod Overson","url":"http://jarrodoverson.com"},{"name":"Miller Medeiros","email":"contact@millermedeiros.com","url":"http://blog.millermedeiros.com"},{"name":"Mathias Paumgarten","email":"mail@mathias-paumgarten.com"},{"name":"Zach Shipley"}],"keywords":["utilities","functional","amd-utils","stdlib"],"repository":{"type":"git","url":"git://github.com/mout/mout.git"},"licenses":[{"type":"MIT","url":"http://www.opensource.org/licenses/mit-license.php"}],"bugs":{"url":"https://github.com/mout/mout/issues/"},"main":"./index.js","scripts":{"pretest":"node build pkg","test":"istanbul test tests/runner.js --hook-run-in-context"},"directories":{"doc":"./doc"},"devDependencies":{"istanbul":"~0.1.27","jasmine-node":"~1.2.2","requirejs":"2.x","nodefy":"*","mdoc":"~0.3.2","handlebars":"~1.0.6","commander":"~1.0.5","rocambole":"~0.2.3","jshint":"2.x","rimraf":"~2.2.2"},"testling":{"preprocess":"node build testling","browsers":{"ie":[7,8,9,10],"firefox":[17,"nightly"],"chrome":[23,"canary"],"opera":[12,"next"],"safari":[5.1,6],"iphone":[6],"ipad":[6]},"scripts":["tests/lib/jasmine/jasmine.js","tests/lib/jasmine/jasmine.async.js","tests/lib/jasmine/jasmine-tap.js","tests/lib/requirejs/require.js","tests/testling/src.js","tests/testling/specs.js","tests/runner.js"]},"_id":"mout@0.8.0","dist":{"shasum":"bb19f7d65ed980d3922d11dc19ecef9e86558147","tarball":"https://registry.npmjs.org/mout/-/mout-0.8.0.tgz"},"_from":".","_npmVersion":"1.3.14","_npmUser":{"name":"millermedeiros","email":"miller@millermedeiros.com"},"maintainers":[{"name":"millermedeiros","email":"miller@millermedeiros.com"},{"name":"satazor","email":"andremiguelcruz@msn.com"}]},"0.9.0":{"name":"mout","description":"Modular Utilities","version":"0.9.0","homepage":"http://moutjs.com/","contributors":[{"name":"Adam Nowotny"},{"name":"André Cruz","email":"amdfcruz@gmail.com"},{"name":"Conrad Zimmerman","url":"http://www.conradz.com"},{"name":"Friedemann Altrock","email":"frodenius@gmail.com"},{"name":"Igor Almeida","email":"igor.p.almeida@gmail.com"},{"name":"Jarrod Overson","url":"http://jarrodoverson.com"},{"name":"Miller Medeiros","email":"contact@millermedeiros.com","url":"http://blog.millermedeiros.com"},{"name":"Mathias Paumgarten","email":"mail@mathias-paumgarten.com"},{"name":"Zach Shipley"}],"keywords":["utilities","functional","amd-utils","stdlib"],"repository":{"type":"git","url":"git://github.com/mout/mout.git"},"licenses":[{"type":"MIT","url":"http://www.opensource.org/licenses/mit-license.php"}],"bugs":{"url":"https://github.com/mout/mout/issues/"},"main":"./index.js","scripts":{"pretest":"node build pkg","test":"istanbul test tests/runner.js --hook-run-in-context"},"directories":{"doc":"./doc"},"devDependencies":{"istanbul":"~0.1.27","jasmine-node":"~1.2.2","requirejs":"2.x","nodefy":"*","mdoc":"~0.3.2","handlebars":"~1.0.6","commander":"~1.0.5","rocambole":"~0.2.3","jshint":"2.x","rimraf":"~2.2.2","regenerate":"~0.5.4"},"testling":{"preprocess":"node build testling","browsers":{"ie":[7,8,9,10],"firefox":[17,"nightly"],"chrome":[23,"canary"],"opera":[12,"next"],"safari":[5.1,6],"iphone":[6],"ipad":[6]},"scripts":["tests/lib/jasmine/jasmine.js","tests/lib/jasmine/jasmine.async.js","tests/lib/jasmine/jasmine-tap.js","tests/lib/requirejs/require.js","tests/testling/src.js","tests/testling/specs.js","tests/runner.js"]},"_id":"mout@0.9.0","dist":{"shasum":"4b6ef8cae5099151d9a7ddb6ebb9a56f9de6aaeb","tarball":"https://registry.npmjs.org/mout/-/mout-0.9.0.tgz"},"_from":".","_npmVersion":"1.3.24","_npmUser":{"name":"millermedeiros","email":"miller@millermedeiros.com"},"maintainers":[{"name":"millermedeiros","email":"miller@millermedeiros.com"}]},"0.9.1":{"name":"mout","description":"Modular Utilities","version":"0.9.1","homepage":"http://moutjs.com/","contributors":[{"name":"Adam Nowotny"},{"name":"André Cruz","email":"amdfcruz@gmail.com"},{"name":"Conrad Zimmerman","url":"http://www.conradz.com"},{"name":"Friedemann Altrock","email":"frodenius@gmail.com"},{"name":"Igor Almeida","email":"igor.p.almeida@gmail.com"},{"name":"Jarrod Overson","url":"http://jarrodoverson.com"},{"name":"Miller Medeiros","email":"contact@millermedeiros.com","url":"http://blog.millermedeiros.com"},{"name":"Mathias Paumgarten","email":"mail@mathias-paumgarten.com"},{"name":"Zach Shipley"}],"keywords":["utilities","functional","amd-utils","stdlib"],"repository":{"type":"git","url":"git://github.com/mout/mout.git"},"licenses":[{"type":"MIT","url":"http://www.opensource.org/licenses/mit-license.php"}],"bugs":{"url":"https://github.com/mout/mout/issues/"},"main":"./index.js","scripts":{"pretest":"node build pkg","test":"istanbul test tests/runner.js --hook-run-in-context"},"directories":{"doc":"./doc"},"devDependencies":{"istanbul":"~0.1.27","jasmine-node":"~1.2.2","requirejs":"2.x","nodefy":"*","mdoc":"~0.3.2","handlebars":"~1.0.6","commander":"~1.0.5","rocambole":"~0.2.3","jshint":"2.x","rimraf":"~2.2.2","regenerate":"~0.5.4"},"testling":{"preprocess":"node build testling","browsers":{"ie":[7,8,9,10],"firefox":[17,"nightly"],"chrome":[23,"canary"],"opera":[12,"next"],"safari":[5.1,6],"iphone":[6],"ipad":[6]},"scripts":["tests/lib/jasmine/jasmine.js","tests/lib/jasmine/jasmine.async.js","tests/lib/jasmine/jasmine-tap.js","tests/lib/requirejs/require.js","tests/testling/src.js","tests/testling/specs.js","tests/runner.js"]},"_id":"mout@0.9.1","dist":{"shasum":"84f0f3fd6acc7317f63de2affdcc0cee009b0477","tarball":"https://registry.npmjs.org/mout/-/mout-0.9.1.tgz"},"_from":".","_npmVersion":"1.4.3","_npmUser":{"name":"millermedeiros","email":"miller@millermedeiros.com"},"maintainers":[{"name":"millermedeiros","email":"miller@millermedeiros.com"},{"name":"satazor","email":"andremiguelcruz@msn.com"},{"name":"conradz","email":"me@conradz.com"},{"name":"mathias.paumgarten","email":"mail@mathias-paumgarten.com"}]},"0.10.0":{"name":"mout","description":"Modular Utilities","version":"0.10.0","homepage":"http://moutjs.com/","contributors":[{"name":"Adam Nowotny"},{"name":"André Cruz","email":"amdfcruz@gmail.com"},{"name":"Conrad Zimmerman","url":"http://www.conradz.com"},{"name":"Friedemann Altrock","email":"frodenius@gmail.com"},{"name":"Igor Almeida","email":"igor.p.almeida@gmail.com"},{"name":"Jarrod Overson","url":"http://jarrodoverson.com"},{"name":"Miller Medeiros","email":"contact@millermedeiros.com","url":"http://blog.millermedeiros.com"},{"name":"Mathias Paumgarten","email":"mail@mathias-paumgarten.com"},{"name":"Zach Shipley"}],"keywords":["utilities","functional","amd-utils","stdlib"],"repository":{"type":"git","url":"git://github.com/mout/mout.git"},"licenses":[{"type":"MIT","url":"http://www.opensource.org/licenses/mit-license.php"}],"bugs":{"url":"https://github.com/mout/mout/issues/"},"main":"./index.js","scripts":{"pretest":"node build pkg","test":"istanbul test tests/runner.js --hook-run-in-context"},"directories":{"doc":"./doc"},"devDependencies":{"istanbul":"~0.1.27","jasmine-node":"~1.2.2","requirejs":"2.x","nodefy":"*","mdoc":"~0.3.2","handlebars":"~1.0.6","commander":"~1.0.5","rocambole":"~0.2.3","jshint":"2.x","rimraf":"~2.2.2","regenerate":"~0.5.4"},"testling":{"preprocess":"node build testling","browsers":{"ie":[7,8,9,10],"firefox":[17,"nightly"],"chrome":[23,"canary"],"opera":[12,"next"],"safari":[5.1,6],"iphone":[6],"ipad":[6]},"scripts":["tests/lib/jasmine/jasmine.js","tests/lib/jasmine/jasmine.async.js","tests/lib/jasmine/jasmine-tap.js","tests/lib/requirejs/require.js","tests/testling/src.js","tests/testling/specs.js","tests/runner.js"]},"gitHead":"1a0c6e56fe31d4396e6a39c904e7a0b055cf50c7","_id":"mout@0.10.0","_shasum":"27994ef59f965d7de1c34cc45320437127d9a6f1","_from":".","_npmVersion":"1.4.14","_npmUser":{"name":"millermedeiros","email":"miller@millermedeiros.com"},"maintainers":[{"name":"millermedeiros","email":"miller@millermedeiros.com"},{"name":"satazor","email":"andremiguelcruz@msn.com"},{"name":"conradz","email":"me@conradz.com"},{"name":"mathias.paumgarten","email":"mail@mathias-paumgarten.com"}],"dist":{"shasum":"27994ef59f965d7de1c34cc45320437127d9a6f1","tarball":"https://registry.npmjs.org/mout/-/mout-0.10.0.tgz"}},"0.11.0":{"name":"mout","description":"Modular Utilities","version":"0.11.0","homepage":"http://moutjs.com/","contributors":[{"name":"Adam Nowotny"},{"name":"André Cruz","email":"amdfcruz@gmail.com"},{"name":"Conrad Zimmerman","url":"http://www.conradz.com"},{"name":"Friedemann Altrock","email":"frodenius@gmail.com"},{"name":"Igor Almeida","email":"igor.p.almeida@gmail.com"},{"name":"Jarrod Overson","url":"http://jarrodoverson.com"},{"name":"Miller Medeiros","email":"contact@millermedeiros.com","url":"http://blog.millermedeiros.com"},{"name":"Mathias Paumgarten","email":"mail@mathias-paumgarten.com"},{"name":"Zach Shipley"}],"keywords":["utilities","functional","amd-utils","stdlib"],"repository":{"type":"git","url":"git://github.com/mout/mout.git"},"licenses":[{"type":"MIT","url":"http://www.opensource.org/licenses/mit-license.php"}],"bugs":{"url":"https://github.com/mout/mout/issues/"},"main":"./index.js","scripts":{"pretest":"node build pkg","test":"istanbul test tests/runner.js --hook-run-in-context"},"directories":{"doc":"./doc"},"devDependencies":{"istanbul":"~0.1.27","jasmine-node":"~1.2.2","requirejs":"2.x","nodefy":"*","mdoc":"~0.3.2","handlebars":"~1.0.6","commander":"~1.0.5","rocambole":"~0.2.3","jshint":"2.x","rimraf":"2.2.2","regenerate":"~0.5.4"},"testling":{"preprocess":"node build testling","browsers":{"ie":[7,8,9,10],"firefox":[17,"nightly"],"chrome":[23,"canary"],"opera":[12,"next"],"safari":[5.1,6],"iphone":[6],"ipad":[6]},"scripts":["tests/lib/jasmine/jasmine.js","tests/lib/jasmine/jasmine.async.js","tests/lib/jasmine/jasmine-tap.js","tests/lib/requirejs/require.js","tests/testling/src.js","tests/testling/specs.js","tests/runner.js"]},"gitHead":"36662770b6c46c379f5d0354bc9d0a3a3dad6163","_id":"mout@0.11.0","_shasum":"93cdf0791ac8a24873ceeb42a5b016b7c867abee","_from":".","_npmVersion":"2.1.6","_nodeVersion":"0.10.29","_npmUser":{"name":"millermedeiros","email":"miller@millermedeiros.com"},"maintainers":[{"name":"millermedeiros","email":"miller@millermedeiros.com"},{"name":"satazor","email":"andremiguelcruz@msn.com"},{"name":"conradz","email":"me@conradz.com"},{"name":"mathias.paumgarten","email":"mail@mathias-paumgarten.com"}],"dist":{"shasum":"93cdf0791ac8a24873ceeb42a5b016b7c867abee","tarball":"https://registry.npmjs.org/mout/-/mout-0.11.0.tgz"}},"0.11.1":{"name":"mout","description":"Modular Utilities","version":"0.11.1","homepage":"http://moutjs.com/","contributors":[{"name":"Adam Nowotny"},{"name":"André Cruz","email":"amdfcruz@gmail.com"},{"name":"Conrad Zimmerman","url":"http://www.conradz.com"},{"name":"Friedemann Altrock","email":"frodenius@gmail.com"},{"name":"Igor Almeida","email":"igor.p.almeida@gmail.com"},{"name":"Jarrod Overson","url":"http://jarrodoverson.com"},{"name":"Miller Medeiros","email":"contact@millermedeiros.com","url":"http://blog.millermedeiros.com"},{"name":"Mathias Paumgarten","email":"mail@mathias-paumgarten.com"},{"name":"Zach Shipley"}],"keywords":["utilities","functional","amd-utils","stdlib"],"repository":{"type":"git","url":"git://github.com/mout/mout.git"},"license":"MIT","bugs":{"url":"https://github.com/mout/mout/issues/"},"main":"./index.js","scripts":{"pretest":"node build pkg","test":"istanbul test tests/runner.js --hook-run-in-context"},"directories":{"doc":"./doc"},"devDependencies":{"istanbul":"~0.1.27","jasmine-node":"~1.14.5","requirejs":"2.x","nodefy":"*","mdoc":"~0.3.2","handlebars":"~1.0.6","commander":"~1.0.5","rocambole":"~0.2.3","jshint":"2.x","rimraf":"2.2.2","regenerate":"~0.5.4"},"testling":{"preprocess":"node build testling","browsers":{"ie":[7,8,9,10],"firefox":[17,"nightly"],"chrome":[23,"canary"],"opera":[12,"next"],"safari":[5.1,6],"iphone":[6],"ipad":[6]},"scripts":["tests/lib/jasmine/jasmine.js","tests/lib/jasmine/jasmine.async.js","tests/lib/jasmine/jasmine-tap.js","tests/lib/requirejs/require.js","tests/testling/src.js","tests/testling/specs.js","tests/runner.js"]},"gitHead":"588be08f87ee06cc0e14aa1fdb4da3c1417949a4","_id":"mout@0.11.1","_shasum":"ba3611df5f0e5b1ffbfd01166b8f02d1f5fa2b99","_from":".","_npmVersion":"2.14.7","_nodeVersion":"4.2.1","_npmUser":{"name":"millermedeiros","email":"miller@millermedeiros.com"},"dist":{"shasum":"ba3611df5f0e5b1ffbfd01166b8f02d1f5fa2b99","tarball":"https://registry.npmjs.org/mout/-/mout-0.11.1.tgz"},"maintainers":[{"name":"millermedeiros","email":"miller@millermedeiros.com"},{"name":"satazor","email":"andremiguelcruz@msn.com"},{"name":"conradz","email":"me@conradz.com"},{"name":"mathias.paumgarten","email":"mail@mathias-paumgarten.com"}]},"0.12.0":{"name":"mout","description":"Modular Utilities","version":"0.12.0","homepage":"http://moutjs.com/","author":{"name":"Miller Medeiros","email":"contact@millermedeiros.com","url":"http://blog.millermedeiros.com"},"contributors":[{"name":"Adam Nowotny"},{"name":"André Cruz","email":"amdfcruz@gmail.com"},{"name":"Conrad Zimmerman","url":"http://www.conradz.com"},{"name":"Friedemann Altrock","email":"frodenius@gmail.com"},{"name":"Igor Almeida","email":"igor.p.almeida@gmail.com"},{"name":"Jarrod Overson","url":"http://jarrodoverson.com"},{"name":"Mathias Paumgarten","email":"mail@mathias-paumgarten.com"},{"name":"Zach Shipley"}],"keywords":["utilities","functional","amd-utils","stdlib"],"repository":{"type":"git","url":"git://github.com/mout/mout.git"},"license":"MIT","bugs":{"url":"https://github.com/mout/mout/issues/"},"main":"./index.js","scripts":{"pretest":"node build pkg","test":"istanbul test tests/runner.js --hook-run-in-context"},"directories":{"doc":"./doc"},"devDependencies":{"istanbul":"~0.1.27","jasmine-node":"~1.14.5","requirejs":"2.x","nodefy":"*","mdoc":"~0.3.2","handlebars":"~1.0.6","commander":"~1.0.5","rocambole":"~0.2.3","jshint":"2.x","rimraf":"2.2.2","regenerate":"~0.5.4"},"testling":{"preprocess":"node build testling","browsers":{"ie":[7,8,9,10],"firefox":[17,"nightly"],"chrome":[23,"canary"],"opera":[12,"next"],"safari":[5.1,6],"iphone":[6],"ipad":[6]},"scripts":["tests/lib/jasmine/jasmine.js","tests/lib/jasmine/jasmine.async.js","tests/lib/jasmine/jasmine-tap.js","tests/lib/requirejs/require.js","tests/testling/src.js","tests/testling/specs.js","tests/runner.js"]},"gitHead":"89d0f3e682aedb5f32f36f34e970ec1ab3bba171","_id":"mout@0.12.0","_shasum":"6d5b242ee331f9d04c68e58f77a91a3060e8cacb","_from":".","_npmVersion":"3.7.2","_nodeVersion":"4.1.0","_npmUser":{"name":"mathias.paumgarten","email":"mail@mathias-paumgarten.com"},"dist":{"shasum":"6d5b242ee331f9d04c68e58f77a91a3060e8cacb","tarball":"https://registry.npmjs.org/mout/-/mout-0.12.0.tgz"},"maintainers":[{"name":"millermedeiros","email":"miller@millermedeiros.com"},{"name":"satazor","email":"andremiguelcruz@msn.com"},{"name":"conradz","email":"me@conradz.com"},{"name":"mathias.paumgarten","email":"mail@mathias-paumgarten.com"}],"_npmOperationalInternal":{"host":"packages-13-west.internal.npmjs.com","tmp":"tmp/mout-0.12.0.tgz_1457044530578_0.9850769308395684"}},"1.0.0":{"name":"mout","description":"Modular Utilities","version":"1.0.0","homepage":"http://moutjs.com/","author":{"name":"Miller Medeiros","email":"contact@millermedeiros.com","url":"http://blog.millermedeiros.com"},"contributors":[{"name":"Adam Nowotny"},{"name":"André Cruz","email":"amdfcruz@gmail.com"},{"name":"Conrad Zimmerman","url":"http://www.conradz.com"},{"name":"Friedemann Altrock","email":"frodenius@gmail.com"},{"name":"Igor Almeida","email":"igor.p.almeida@gmail.com"},{"name":"Jarrod Overson","url":"http://jarrodoverson.com"},{"name":"Mathias Paumgarten","email":"mail@mathias-paumgarten.com"},{"name":"Zach Shipley"}],"keywords":["utilities","functional","amd-utils","stdlib"],"repository":{"type":"git","url":"git://github.com/mout/mout.git"},"license":"MIT","bugs":{"url":"https://github.com/mout/mout/issues/"},"main":"./index.js","scripts":{"pretest":"node build pkg","test":"istanbul test tests/runner.js --hook-run-in-context"},"directories":{"doc":"./doc"},"devDependencies":{"istanbul":"~0.1.27","jasmine-node":"~1.14.5","requirejs":"~2.2.0","nodefy":"*","mdoc":"~0.3.2","handlebars":"~1.0.6","commander":"~1.0.5","rocambole":"~0.2.3","jshint":"~2.9.1","rimraf":"~2.5.2","regenerate":"~0.5.4"},"testling":{"preprocess":"node build testling","browsers":{"ie":[7,8,9,10],"firefox":[17,"nightly"],"chrome":[23,"canary"],"opera":[12,"next"],"safari":[5.1,6],"iphone":[6],"ipad":[6]},"scripts":["tests/lib/jasmine/jasmine.js","tests/lib/jasmine/jasmine.async.js","tests/lib/jasmine/jasmine-tap.js","tests/lib/requirejs/require.js","tests/testling/src.js","tests/testling/specs.js","tests/runner.js"]},"gitHead":"2ff20539568bfe53b8c1da521cd743cf0ba79c2a","_id":"mout@1.0.0","_shasum":"9bdf1d4af57d66d47cb353a6335a3281098e1501","_from":".","_npmVersion":"3.7.2","_nodeVersion":"4.1.0","_npmUser":{"name":"mathias.paumgarten","email":"mail@mathias-paumgarten.com"},"dist":{"shasum":"9bdf1d4af57d66d47cb353a6335a3281098e1501","tarball":"https://registry.npmjs.org/mout/-/mout-1.0.0.tgz"},"maintainers":[{"name":"millermedeiros","email":"miller@millermedeiros.com"},{"name":"satazor","email":"andremiguelcruz@msn.com"},{"name":"conradz","email":"me@conradz.com"},{"name":"mathias.paumgarten","email":"mail@mathias-paumgarten.com"}],"_npmOperationalInternal":{"host":"packages-12-west.internal.npmjs.com","tmp":"tmp/mout-1.0.0.tgz_1459021746644_0.5081953555345535"}},"1.1.0":{"name":"mout","description":"Modular Utilities","version":"1.1.0","homepage":"http://moutjs.com/","author":{"name":"Miller Medeiros","email":"contact@millermedeiros.com","url":"http://blog.millermedeiros.com"},"contributors":[{"name":"Adam Nowotny"},{"name":"André Cruz","email":"amdfcruz@gmail.com"},{"name":"Conrad Zimmerman","url":"http://www.conradz.com"},{"name":"Friedemann Altrock","email":"frodenius@gmail.com"},{"name":"Igor Almeida","email":"igor.p.almeida@gmail.com"},{"name":"Jarrod Overson","url":"http://jarrodoverson.com"},{"name":"Mathias Paumgarten","email":"mail@mathias-paumgarten.com"},{"name":"Zach Shipley"}],"keywords":["utilities","functional","amd-utils","stdlib"],"repository":{"type":"git","url":"git://github.com/mout/mout.git"},"license":"MIT","bugs":{"url":"https://github.com/mout/mout/issues/"},"main":"./index.js","scripts":{"pretest":"node build pkg","test":"istanbul test tests/runner.js --hook-run-in-context"},"directories":{"doc":"./doc"},"devDependencies":{"istanbul":"~0.4.5","jasmine-node":"~1.14.5","requirejs":"~2.3.5","nodefy":"*","mdoc":"~0.5.3","handlebars":"~1.0.6","commander":"~2.11.0","rocambole":"~0.7.0","jshint":"~2.9.1","rimraf":"~2.6.2","regenerate":"~1.3.3"},"testling":{"preprocess":"node build testling","browsers":{"ie":[7,8,9,10],"firefox":[17,"nightly"],"chrome":[23,"canary"],"opera":[12,"next"],"safari":[5.1,6],"iphone":[6],"ipad":[6]},"scripts":["tests/lib/jasmine/jasmine.js","tests/lib/jasmine/jasmine.async.js","tests/lib/jasmine/jasmine-tap.js","tests/lib/requirejs/require.js","tests/testling/src.js","tests/testling/specs.js","tests/runner.js"]},"gitHead":"0317b9ebfc794cae9c0190d2470599b949376161","_id":"mout@1.1.0","_npmVersion":"5.4.2","_nodeVersion":"6.9.1","_npmUser":{"name":"mathias.paumgarten","email":"mail@mathias-paumgarten.com"},"dist":{"integrity":"sha512-XsP0vf4As6BfqglxZqbqQ8SR6KQot2AgxvR0gG+WtUkf90vUXchMOZQtPf/Hml1rEffJupqL/tIrU6EYhsUQjw==","shasum":"0b29d41e6a80fa9e2d4a5be9d602e1d9d02177f6","tarball":"https://registry.npmjs.org/mout/-/mout-1.1.0.tgz"},"maintainers":[{"name":"millermedeiros","email":"miller@millermedeiros.com"},{"name":"satazor","email":"andremiguelcruz@msn.com"},{"name":"conradz","email":"me@conradz.com"},{"name":"mathias.paumgarten","email":"mail@mathias-paumgarten.com"}],"_npmOperationalInternal":{"host":"s3://npm-registry-packages","tmp":"tmp/mout-1.1.0.tgz_1507155688025_0.10804496286436915"}}},"readme":"![mout](http://moutjs.com/logo.png \"Modular JavaScript Utilties\")\n\nhttp://moutjs.com/\n\n[![Build Status](https://travis-ci.org/mout/mout.svg?branch=master)](https://travis-ci.org/mout/mout)\n[![Downloads](https://img.shields.io/npm/dm/mout.svg)](https://www.npmjs.com/package/mout)\n[![Version](https://img.shields.io/npm/v/mout.svg)](https://www.npmjs.com/package/mout)\n\nAll code is library agnostic and consist mostly of helper methods that aren't\ndirectly related with the DOM, the purpose of this library isn't to replace\nDojo, jQuery, YUI, Mootools, etc, but to provide modular solutions for common\nproblems that aren't solved by most of them. Consider it as a crossbrowser\nJavaScript standard library.\n\n\n\n## Main goals ##\n\n - increase code reuse;\n - be clear (code should be clean/readable);\n - be easy to debug;\n - be easy to maintain;\n - follow best practices;\n - follow standards when possible;\n - **don't convert JavaScript into another language!**\n - be compatible with other frameworks;\n - be modular;\n - have unit tests for all modules;\n - work on multiple environments (IE7+, modern browsers, node.js);\n\n\n\n## What shouldn't be here ##\n\n - UI components;\n - CSS selector engine;\n - Event system - pub/sub;\n - Template engine;\n - Anything that isn't generic enough to be on a standard library;\n - Anything that could be a separate library and/or isn't a modular utility...\n\n\n\n## API Documentation ##\n\nOnline documentation can be found at http://moutjs.com/ or inside the\n`doc` folder.\n\n\n\n## FAQ / Wiki / IRC ##\n\nFor more info about project structure, design decisions, tips, how to\ncontribute, build system, etc, please check the [project\nwiki](https://github.com/mout/mout/wiki).\n\nWe also have an IRC channel [#moutjs on\nirc.freenode.net](http://webchat.freenode.net/?channels=moutjs)\n\n\n\n## License ##\n\nReleased under the [MIT License](http://www.opensource.org/licenses/mit-license.php).\n\n","maintainers":[{"name":"millermedeiros","email":"miller@millermedeiros.com"},{"name":"satazor","email":"andremiguelcruz@msn.com"},{"name":"conradz","email":"me@conradz.com"},{"name":"mathias.paumgarten","email":"mail@mathias-paumgarten.com"}],"time":{"modified":"2017-11-21T15:09:49.931Z","created":"2013-01-09T22:40:20.598Z","0.1.0":"2013-01-09T22:40:23.175Z","0.2.0":"2013-01-13T18:01:15.587Z","0.3.0":"2013-02-01T14:24:24.889Z","0.4.0":"2013-02-26T13:27:10.641Z","0.5.0":"2013-04-04T18:20:11.187Z","0.6.0":"2013-05-22T12:59:55.725Z","0.7.0":"2013-09-05T21:35:32.472Z","0.7.1":"2013-09-19T12:44:48.684Z","0.8.0":"2013-11-22T14:34:06.299Z","0.9.0":"2014-02-04T15:37:22.492Z","0.9.1":"2014-04-08T14:58:29.034Z","0.10.0":"2014-09-02T23:12:39.790Z","0.11.0":"2014-11-17T21:03:29.451Z","0.11.1":"2015-11-06T02:05:45.315Z","0.12.0":"2016-03-03T22:35:31.793Z","1.0.0":"2016-03-26T19:49:07.069Z","1.1.0":"2017-10-04T22:21:28.264Z"},"repository":{"type":"git","url":"git://github.com/mout/mout.git"},"users":{"marcooliveira":true,"millermedeiros":true,"conradz":true,"humantriangle":true,"akileez":true,"dantman":true,"nguru":true,"edin-m":true,"kericw":true,"pdedkov":true,"nketchum":true,"ozzysun":true,"shanewholloway":true,"tunderdomb":true},"readmeFilename":"README.md","homepage":"http://moutjs.com/","keywords":["utilities","functional","amd-utils","stdlib"],"contributors":[{"name":"Adam Nowotny"},{"name":"André Cruz","email":"amdfcruz@gmail.com"},{"name":"Conrad Zimmerman","url":"http://www.conradz.com"},{"name":"Friedemann Altrock","email":"frodenius@gmail.com"},{"name":"Igor Almeida","email":"igor.p.almeida@gmail.com"},{"name":"Jarrod Overson","url":"http://jarrodoverson.com"},{"name":"Mathias Paumgarten","email":"mail@mathias-paumgarten.com"},{"name":"Zach Shipley"}],"bugs":{"url":"https://github.com/mout/mout/issues/"},"license":"MIT","author":{"name":"Miller Medeiros","email":"contact@millermedeiros.com","url":"http://blog.millermedeiros.com"},"_attachments":{},"_etag":"W/\"0cb9855d74822ea3553b0b3400f3647f\"","_lastModified":"Sun, 27 May 2018 08:38:22 GMT","_cached":true}