{"_id":"uid-number","_rev":"18-da0463a71cbee7e104e8c0ba6260b1de","name":"uid-number","description":"Convert a username/group name to a uid/gid number","dist-tags":{"latest":"0.0.6"},"versions":{"0.0.1":{"author":{"name":"Isaac Z. Schlueter","email":"i@izs.me","url":"http://blog.izs.me/"},"name":"uid-number","description":"Convert a username/group name to a uid/gid number","version":"0.0.1","repository":{"type":"git","url":"git://github.com/isaacs/uid-number.git"},"main":"uid-number.js","dependencies":{},"devDependencies":{},"optionalDependencies":{},"engines":{"node":"*"},"_npmUser":{"name":"isaacs","email":"i@izs.me"},"_id":"uid-number@0.0.1","_engineSupported":true,"_npmVersion":"1.1.2","_nodeVersion":"v0.7.6-pre","_defaultsLoaded":true,"dist":{"shasum":"cd7cdd02c3e4072e6b088e1e675e26d3cabb53ae","tarball":"https://registry.npmjs.org/uid-number/-/uid-number-0.0.1.tgz"},"maintainers":[{"name":"isaacs","email":"i@izs.me"}],"directories":{}},"0.0.2":{"author":{"name":"Isaac Z. Schlueter","email":"i@izs.me","url":"http://blog.izs.me/"},"name":"uid-number","description":"Convert a username/group name to a uid/gid number","version":"0.0.2","repository":{"type":"git","url":"git://github.com/isaacs/uid-number.git"},"main":"uid-number.js","dependencies":{},"devDependencies":{},"optionalDependencies":{},"engines":{"node":"*"},"_npmUser":{"name":"isaacs","email":"i@izs.me"},"_id":"uid-number@0.0.2","_engineSupported":true,"_npmVersion":"1.1.2","_nodeVersion":"v0.7.6-pre","_defaultsLoaded":true,"dist":{"shasum":"55d26f826215f2adf91a0a6c6c109535f5b5d998","tarball":"https://registry.npmjs.org/uid-number/-/uid-number-0.0.2.tgz"},"maintainers":[{"name":"isaacs","email":"i@izs.me"}],"directories":{}},"0.0.3":{"author":{"name":"Isaac Z. Schlueter","email":"i@izs.me","url":"http://blog.izs.me/"},"name":"uid-number","description":"Convert a username/group name to a uid/gid number","version":"0.0.3","repository":{"type":"git","url":"git://github.com/isaacs/uid-number.git"},"main":"uid-number.js","dependencies":{},"devDependencies":{},"optionalDependencies":{},"engines":{"node":"*"},"license":"BSD","_npmUser":{"name":"isaacs","email":"i@izs.me"},"_id":"uid-number@0.0.3","_engineSupported":true,"_npmVersion":"1.1.23","_nodeVersion":"v0.7.10-pre","_defaultsLoaded":true,"dist":{"shasum":"cefb0fa138d8d8098da71a40a0d04a8327d6e1cc","tarball":"https://registry.npmjs.org/uid-number/-/uid-number-0.0.3.tgz"},"maintainers":[{"name":"isaacs","email":"i@izs.me"}],"directories":{}},"0.0.4":{"author":{"name":"Isaac Z. Schlueter","email":"i@izs.me","url":"http://blog.izs.me/"},"name":"uid-number","description":"Convert a username/group name to a uid/gid number","version":"0.0.4","repository":{"type":"git","url":"git://github.com/isaacs/uid-number.git"},"main":"uid-number.js","dependencies":{},"devDependencies":{},"optionalDependencies":{},"engines":{"node":"*"},"license":"ISC","bugs":{"url":"https://github.com/isaacs/uid-number/issues"},"homepage":"https://github.com/isaacs/uid-number","_id":"uid-number@0.0.4","dist":{"shasum":"5ea1d068b8c0dd1866c13aa0b76fa6e4f240cbdf","tarball":"https://registry.npmjs.org/uid-number/-/uid-number-0.0.4.tgz"},"_from":".","_npmVersion":"1.4.3","_npmUser":{"name":"isaacs","email":"i@izs.me"},"maintainers":[{"name":"isaacs","email":"i@izs.me"}],"directories":{}},"0.0.5":{"author":{"name":"Isaac Z. Schlueter","email":"i@izs.me","url":"http://blog.izs.me/"},"name":"uid-number","description":"Convert a username/group name to a uid/gid number","version":"0.0.5","repository":{"type":"git","url":"git://github.com/isaacs/uid-number.git"},"main":"uid-number.js","dependencies":{},"devDependencies":{},"optionalDependencies":{},"engines":{"node":"*"},"license":"ISC","bugs":{"url":"https://github.com/isaacs/uid-number/issues"},"homepage":"https://github.com/isaacs/uid-number","_id":"uid-number@0.0.5","dist":{"shasum":"5a3db23ef5dbd55b81fce0ec9a2ac6fccdebb81e","tarball":"https://registry.npmjs.org/uid-number/-/uid-number-0.0.5.tgz"},"_from":".","_npmVersion":"1.4.3","_npmUser":{"name":"isaacs","email":"i@izs.me"},"maintainers":[{"name":"isaacs","email":"i@izs.me"}],"directories":{}},"0.0.6":{"author":{"name":"Isaac Z. Schlueter","email":"i@izs.me","url":"http://blog.izs.me/"},"name":"uid-number","description":"Convert a username/group name to a uid/gid number","version":"0.0.6","repository":{"type":"git","url":"git://github.com/isaacs/uid-number.git"},"main":"uid-number.js","dependencies":{},"devDependencies":{},"optionalDependencies":{},"engines":{"node":"*"},"license":"ISC","gitHead":"aab48f5d6bda85794946b26d945d2ee452e0e9ab","bugs":{"url":"https://github.com/isaacs/uid-number/issues"},"homepage":"https://github.com/isaacs/uid-number","_id":"uid-number@0.0.6","scripts":{},"_shasum":"0ea10e8035e8eb5b8e4449f06da1c730663baa81","_from":".","_npmVersion":"2.1.3","_nodeVersion":"0.10.31","_npmUser":{"name":"isaacs","email":"i@izs.me"},"maintainers":[{"name":"isaacs","email":"i@izs.me"}],"dist":{"shasum":"0ea10e8035e8eb5b8e4449f06da1c730663baa81","tarball":"https://registry.npmjs.org/uid-number/-/uid-number-0.0.6.tgz"},"directories":{}}},"readme":"Use this module to convert a username/groupname to a uid/gid number.\n\nUsage:\n\n```\nnpm install uid-number\n```\n\nThen, in your node program:\n\n```javascript\nvar uidNumber = require(\"uid-number\")\nuidNumber(\"isaacs\", function (er, uid, gid) {\n  // gid is null because we didn't ask for a group name\n  // uid === 24561 because that's my number.\n})\n```\n","maintainers":[{"name":"isaacs","email":"i@izs.me"},{"name":"othiym23","email":"ogd@aoaioxxysz.net"}],"time":{"modified":"2014-11-12T23:10:45.968Z","created":"2012-02-28T02:31:39.895Z","0.0.1":"2012-02-28T02:31:41.296Z","0.0.2":"2012-02-28T18:59:31.435Z","0.0.3":"2012-06-04T04:03:31.104Z","0.0.4":"2014-02-17T18:39:46.446Z","0.0.5":"2014-02-20T15:58:12.133Z","0.0.6":"2014-11-12T23:10:40.344Z"},"author":{"name":"Isaac Z. Schlueter","email":"i@izs.me","url":"http://blog.izs.me/"},"repository":{"type":"git","url":"git://github.com/isaacs/uid-number.git"},"readmeFilename":"README.md","homepage":"https://github.com/isaacs/uid-number","bugs":{"url":"https://github.com/isaacs/uid-number/issues"},"license":"ISC","_attachments":{},"_etag":"W/\"f819d9b432d4f90193498e0725c4af24\"","_lastModified":"Sun, 27 May 2018 20:23:03 GMT"}