{"_id":"lodash.pad","_rev":"22-5ce6e050077799c38977206adbb4722c","name":"lodash.pad","description":"The lodash method `_.pad` exported as a module.","dist-tags":{"latest":"4.5.1"},"versions":{"3.0.0":{"name":"lodash.pad","version":"3.0.0","description":"The modern build of lodash’s `_.pad` as a module.","homepage":"https://lodash.com/","icon":"https://lodash.com/icon.svg","license":"MIT","keywords":["lodash","lodash-modularized","stdlib","util"],"author":{"name":"John-David Dalton","email":"john.david.dalton@gmail.com","url":"http://allyoucanleet.com/"},"contributors":[{"name":"John-David Dalton","email":"john.david.dalton@gmail.com","url":"http://allyoucanleet.com/"},{"name":"Benjamin Tan","email":"demoneaux@gmail.com","url":"https://d10.github.io/"},{"name":"Blaine Bublitz","email":"blaine@iceddev.com","url":"http://www.iceddev.com/"},{"name":"Kit Cambridge","email":"github@kitcambridge.be","url":"http://kitcambridge.be/"},{"name":"Mathias Bynens","email":"mathias@qiwi.be","url":"https://mathiasbynens.be/"}],"repository":{"type":"git","url":"https://github.com/lodash/lodash"},"scripts":{"test":"echo \"See https://travis-ci.org/lodash/lodash-cli for testing details.\""},"dependencies":{"lodash._basetostring":"^3.0.0","lodash._createpad":"^3.0.0"},"bugs":{"url":"https://github.com/lodash/lodash/issues"},"_id":"lodash.pad@3.0.0","_shasum":"1824e4756a3504b3af7b7a5b9d1f7501b43b2c25","_from":".","_npmVersion":"2.3.0","_nodeVersion":"0.10.35","_npmUser":{"name":"jdalton","email":"john.david.dalton@gmail.com"},"maintainers":[{"name":"jdalton","email":"john.david.dalton@gmail.com"}],"dist":{"shasum":"1824e4756a3504b3af7b7a5b9d1f7501b43b2c25","tarball":"https://registry.npmjs.org/lodash.pad/-/lodash.pad-3.0.0.tgz"},"directories":{}},"3.1.0":{"name":"lodash.pad","version":"3.1.0","description":"The modern build of lodash’s `_.pad` as a module.","homepage":"https://lodash.com/","icon":"https://lodash.com/icon.svg","license":"MIT","keywords":["lodash","lodash-modularized","stdlib","util"],"author":{"name":"John-David Dalton","email":"john.david.dalton@gmail.com","url":"http://allyoucanleet.com/"},"contributors":[{"name":"John-David Dalton","email":"john.david.dalton@gmail.com","url":"http://allyoucanleet.com/"},{"name":"Benjamin Tan","email":"demoneaux@gmail.com","url":"https://d10.github.io/"},{"name":"Blaine Bublitz","email":"blaine@iceddev.com","url":"http://www.iceddev.com/"},{"name":"Kit Cambridge","email":"github@kitcambridge.be","url":"http://kitcambridge.be/"},{"name":"Mathias Bynens","email":"mathias@qiwi.be","url":"https://mathiasbynens.be/"}],"repository":{"type":"git","url":"https://github.com/lodash/lodash"},"scripts":{"test":"echo \"See https://travis-ci.org/lodash/lodash-cli for testing details.\""},"dependencies":{"lodash._basetostring":"^3.0.0","lodash._createpadding":"^3.0.0"},"bugs":{"url":"https://github.com/lodash/lodash/issues"},"_id":"lodash.pad@3.1.0","_shasum":"9f18b1f3749a95e197b5ff2ae752ea9851ada965","_from":".","_npmVersion":"2.7.3","_nodeVersion":"0.12.0","_npmUser":{"name":"jdalton","email":"john.david.dalton@gmail.com"},"maintainers":[{"name":"jdalton","email":"john.david.dalton@gmail.com"},{"name":"d10","email":"demoneaux@gmail.com"},{"name":"kitcambridge","email":"github@kitcambridge.be"},{"name":"mathias","email":"mathias@qiwi.be"},{"name":"phated","email":"blaine@iceddev.com"}],"dist":{"shasum":"9f18b1f3749a95e197b5ff2ae752ea9851ada965","tarball":"https://registry.npmjs.org/lodash.pad/-/lodash.pad-3.1.0.tgz"},"directories":{}},"3.1.1":{"name":"lodash.pad","version":"3.1.1","description":"The modern build of lodash’s `_.pad` as a module.","homepage":"https://lodash.com/","icon":"https://lodash.com/icon.svg","license":"MIT","keywords":["lodash","lodash-modularized","stdlib","util"],"author":{"name":"John-David Dalton","email":"john.david.dalton@gmail.com","url":"http://allyoucanleet.com/"},"contributors":[{"name":"John-David Dalton","email":"john.david.dalton@gmail.com","url":"http://allyoucanleet.com/"},{"name":"Benjamin Tan","email":"demoneaux@gmail.com","url":"https://d10.github.io/"},{"name":"Blaine Bublitz","email":"blaine@iceddev.com","url":"http://www.iceddev.com/"},{"name":"Kit Cambridge","email":"github@kitcambridge.be","url":"http://kitcambridge.be/"},{"name":"Mathias Bynens","email":"mathias@qiwi.be","url":"https://mathiasbynens.be/"}],"repository":{"type":"git","url":"git+https://github.com/lodash/lodash.git"},"scripts":{"test":"echo \"See https://travis-ci.org/lodash/lodash-cli for testing details.\""},"dependencies":{"lodash._basetostring":"^3.0.0","lodash._createpadding":"^3.0.0"},"bugs":{"url":"https://github.com/lodash/lodash/issues"},"_id":"lodash.pad@3.1.1","_shasum":"2e078ebc33b331d2ba34bf8732af129fd5c04624","_from":".","_npmVersion":"2.12.0","_nodeVersion":"0.12.5","_npmUser":{"name":"jdalton","email":"john.david.dalton@gmail.com"},"maintainers":[{"name":"jdalton","email":"john.david.dalton@gmail.com"},{"name":"d10","email":"demoneaux@gmail.com"},{"name":"kitcambridge","email":"github@kitcambridge.be"},{"name":"mathias","email":"mathias@qiwi.be"},{"name":"phated","email":"blaine@iceddev.com"}],"dist":{"shasum":"2e078ebc33b331d2ba34bf8732af129fd5c04624","tarball":"https://registry.npmjs.org/lodash.pad/-/lodash.pad-3.1.1.tgz"},"directories":{}},"3.2.0":{"name":"lodash.pad","version":"3.2.0","description":"The lodash method `_.pad` exported as a module.","homepage":"https://lodash.com/","icon":"https://lodash.com/icon.svg","license":"MIT","keywords":["lodash","lodash-modularized","stdlib","util","pad"],"author":{"name":"John-David Dalton","email":"john.david.dalton@gmail.com","url":"http://allyoucanleet.com/"},"contributors":[{"name":"John-David Dalton","email":"john.david.dalton@gmail.com","url":"http://allyoucanleet.com/"},{"name":"Blaine Bublitz","email":"blaine@iceddev.com","url":"https://github.com/phated"},{"name":"Mathias Bynens","email":"mathias@qiwi.be","url":"https://mathiasbynens.be/"}],"repository":{"type":"git","url":"git+https://github.com/lodash/lodash.git"},"scripts":{"test":"echo \"See https://travis-ci.org/lodash/lodash-cli for testing details.\""},"dependencies":{"lodash.repeat":"^3.0.0"},"bugs":{"url":"https://github.com/lodash/lodash/issues"},"_id":"lodash.pad@3.2.0","_shasum":"d1d882526da12087ef8c6089173ec081717698a2","_from":".","_npmVersion":"2.14.15","_nodeVersion":"5.4.0","_npmUser":{"name":"jdalton","email":"john.david.dalton@gmail.com"},"dist":{"shasum":"d1d882526da12087ef8c6089173ec081717698a2","tarball":"https://registry.npmjs.org/lodash.pad/-/lodash.pad-3.2.0.tgz"},"maintainers":[{"name":"jdalton","email":"john.david.dalton@gmail.com"},{"name":"mathias","email":"mathias@qiwi.be"},{"name":"phated","email":"blaine@iceddev.com"}],"directories":{}},"3.2.1":{"name":"lodash.pad","version":"3.2.1","description":"The lodash method `_.pad` exported as a module.","homepage":"https://lodash.com/","icon":"https://lodash.com/icon.svg","license":"MIT","keywords":["lodash","lodash-modularized","stdlib","util","pad"],"author":{"name":"John-David Dalton","email":"john.david.dalton@gmail.com","url":"http://allyoucanleet.com/"},"contributors":[{"name":"John-David Dalton","email":"john.david.dalton@gmail.com","url":"http://allyoucanleet.com/"},{"name":"Blaine Bublitz","email":"blaine@iceddev.com","url":"https://github.com/phated"},{"name":"Mathias Bynens","email":"mathias@qiwi.be","url":"https://mathiasbynens.be/"}],"repository":{"type":"git","url":"git+https://github.com/lodash/lodash.git"},"scripts":{"test":"echo \"See https://travis-ci.org/lodash/lodash-cli for testing details.\""},"dependencies":{"lodash.repeat":"^3.0.0"},"bugs":{"url":"https://github.com/lodash/lodash/issues"},"_id":"lodash.pad@3.2.1","_shasum":"f71e5c1e2c6447c8e1c818dc3f74e5c02e716de3","_from":".","_npmVersion":"2.14.15","_nodeVersion":"5.4.0","_npmUser":{"name":"jdalton","email":"john.david.dalton@gmail.com"},"dist":{"shasum":"f71e5c1e2c6447c8e1c818dc3f74e5c02e716de3","tarball":"https://registry.npmjs.org/lodash.pad/-/lodash.pad-3.2.1.tgz"},"maintainers":[{"name":"jdalton","email":"john.david.dalton@gmail.com"},{"name":"mathias","email":"mathias@qiwi.be"},{"name":"phated","email":"blaine@iceddev.com"}],"directories":{}},"3.2.2":{"name":"lodash.pad","version":"3.2.2","description":"The lodash method `_.pad` exported as a module.","homepage":"https://lodash.com/","icon":"https://lodash.com/icon.svg","license":"MIT","keywords":["lodash-modularized","pad"],"author":{"name":"John-David Dalton","email":"john.david.dalton@gmail.com","url":"http://allyoucanleet.com/"},"contributors":[{"name":"John-David Dalton","email":"john.david.dalton@gmail.com","url":"http://allyoucanleet.com/"},{"name":"Blaine Bublitz","email":"blaine@iceddev.com","url":"https://github.com/phated"},{"name":"Mathias Bynens","email":"mathias@qiwi.be","url":"https://mathiasbynens.be/"}],"repository":{"type":"git","url":"git+https://github.com/lodash/lodash.git"},"scripts":{"test":"echo \"See https://travis-ci.org/lodash/lodash-cli for testing details.\""},"dependencies":{"lodash.repeat":"^3.0.0"},"bugs":{"url":"https://github.com/lodash/lodash/issues"},"_id":"lodash.pad@3.2.2","_shasum":"fb7fdded36eb773f839ab6b5291dac03cb65c88a","_from":".","_npmVersion":"2.14.15","_nodeVersion":"5.4.0","_npmUser":{"name":"jdalton","email":"john.david.dalton@gmail.com"},"dist":{"shasum":"fb7fdded36eb773f839ab6b5291dac03cb65c88a","tarball":"https://registry.npmjs.org/lodash.pad/-/lodash.pad-3.2.2.tgz"},"maintainers":[{"name":"jdalton","email":"john.david.dalton@gmail.com"},{"name":"mathias","email":"mathias@qiwi.be"},{"name":"phated","email":"blaine@iceddev.com"}],"_npmOperationalInternal":{"host":"packages-9-west.internal.npmjs.com","tmp":"tmp/lodash.pad-3.2.2.tgz_1454484625805_0.547145590884611"},"directories":{}},"3.3.0":{"name":"lodash.pad","version":"3.3.0","description":"The lodash method `_.pad` exported as a module.","homepage":"https://lodash.com/","icon":"https://lodash.com/icon.svg","license":"MIT","keywords":["lodash-modularized","pad"],"author":{"name":"John-David Dalton","email":"john.david.dalton@gmail.com","url":"http://allyoucanleet.com/"},"contributors":[{"name":"John-David Dalton","email":"john.david.dalton@gmail.com","url":"http://allyoucanleet.com/"},{"name":"Blaine Bublitz","email":"blaine@iceddev.com","url":"https://github.com/phated"},{"name":"Mathias Bynens","email":"mathias@qiwi.be","url":"https://mathiasbynens.be/"}],"repository":{"type":"git","url":"git+https://github.com/lodash/lodash.git"},"scripts":{"test":"echo \"See https://travis-ci.org/lodash/lodash-cli for testing details.\""},"dependencies":{"lodash._root":"^3.0.0","lodash.repeat":"^3.0.0"},"bugs":{"url":"https://github.com/lodash/lodash/issues"},"_id":"lodash.pad@3.3.0","_shasum":"30d94c1273ffb4f80ce4d34157e978574b36f98e","_from":".","_npmVersion":"2.14.18","_nodeVersion":"5.5.0","_npmUser":{"name":"jdalton","email":"john.david.dalton@gmail.com"},"dist":{"shasum":"30d94c1273ffb4f80ce4d34157e978574b36f98e","tarball":"https://registry.npmjs.org/lodash.pad/-/lodash.pad-3.3.0.tgz"},"maintainers":[{"name":"jdalton","email":"john.david.dalton@gmail.com"},{"name":"mathias","email":"mathias@qiwi.be"},{"name":"phated","email":"blaine@iceddev.com"}],"_npmOperationalInternal":{"host":"packages-5-east.internal.npmjs.com","tmp":"tmp/lodash.pad-3.3.0.tgz_1454898533348_0.8722374739591032"},"directories":{}},"4.0.0":{"name":"lodash.pad","version":"4.0.0","description":"The lodash method `_.pad` exported as a module.","homepage":"https://lodash.com/","icon":"https://lodash.com/icon.svg","license":"MIT","keywords":["lodash-modularized","pad"],"author":{"name":"John-David Dalton","email":"john.david.dalton@gmail.com","url":"http://allyoucanleet.com/"},"contributors":[{"name":"John-David Dalton","email":"john.david.dalton@gmail.com","url":"http://allyoucanleet.com/"},{"name":"Blaine Bublitz","email":"blaine@iceddev.com","url":"https://github.com/phated"},{"name":"Mathias Bynens","email":"mathias@qiwi.be","url":"https://mathiasbynens.be/"}],"repository":{"type":"git","url":"git+https://github.com/lodash/lodash.git"},"scripts":{"test":"echo \"See https://travis-ci.org/lodash/lodash-cli for testing details.\""},"dependencies":{"lodash.repeat":"^3.0.0","lodash.tostring":"^4.0.0"},"bugs":{"url":"https://github.com/lodash/lodash/issues"},"_id":"lodash.pad@4.0.0","_shasum":"73d1fa334dfd5b23e842a473d36eb06e32614595","_from":".","_npmVersion":"2.14.18","_nodeVersion":"5.5.0","_npmUser":{"name":"jdalton","email":"john.david.dalton@gmail.com"},"dist":{"shasum":"73d1fa334dfd5b23e842a473d36eb06e32614595","tarball":"https://registry.npmjs.org/lodash.pad/-/lodash.pad-4.0.0.tgz"},"maintainers":[{"name":"jdalton","email":"john.david.dalton@gmail.com"},{"name":"mathias","email":"mathias@qiwi.be"},{"name":"phated","email":"blaine@iceddev.com"}],"_npmOperationalInternal":{"host":"packages-9-west.internal.npmjs.com","tmp":"tmp/lodash.pad-4.0.0.tgz_1455602586252_0.20524092251434922"},"directories":{}},"4.1.0":{"name":"lodash.pad","version":"4.1.0","description":"The lodash method `_.pad` exported as a module.","homepage":"https://lodash.com/","icon":"https://lodash.com/icon.svg","license":"MIT","keywords":["lodash-modularized","pad"],"author":{"name":"John-David Dalton","email":"john.david.dalton@gmail.com","url":"http://allyoucanleet.com/"},"contributors":[{"name":"John-David Dalton","email":"john.david.dalton@gmail.com","url":"http://allyoucanleet.com/"},{"name":"Blaine Bublitz","email":"blaine@iceddev.com","url":"https://github.com/phated"},{"name":"Mathias Bynens","email":"mathias@qiwi.be","url":"https://mathiasbynens.be/"}],"repository":{"type":"git","url":"git+https://github.com/lodash/lodash.git"},"scripts":{"test":"echo \"See https://travis-ci.org/lodash/lodash-cli for testing details.\""},"dependencies":{"lodash.repeat":"^4.0.0","lodash.tostring":"^4.0.0"},"bugs":{"url":"https://github.com/lodash/lodash/issues"},"_id":"lodash.pad@4.1.0","_shasum":"dbbe3a9681fccb69970473a2263f50c196ac3aa9","_from":".","_npmVersion":"2.14.18","_nodeVersion":"5.5.0","_npmUser":{"name":"jdalton","email":"john.david.dalton@gmail.com"},"dist":{"shasum":"dbbe3a9681fccb69970473a2263f50c196ac3aa9","tarball":"https://registry.npmjs.org/lodash.pad/-/lodash.pad-4.1.0.tgz"},"maintainers":[{"name":"jdalton","email":"john.david.dalton@gmail.com"},{"name":"mathias","email":"mathias@qiwi.be"},{"name":"phated","email":"blaine@iceddev.com"}],"_npmOperationalInternal":{"host":"packages-9-west.internal.npmjs.com","tmp":"tmp/lodash.pad-4.1.0.tgz_1455615516420_0.3130727862007916"},"directories":{}},"4.2.0":{"name":"lodash.pad","version":"4.2.0","description":"The lodash method `_.pad` exported as a module.","homepage":"https://lodash.com/","icon":"https://lodash.com/icon.svg","license":"MIT","keywords":["lodash-modularized","pad"],"author":{"name":"John-David Dalton","email":"john.david.dalton@gmail.com","url":"http://allyoucanleet.com/"},"contributors":[{"name":"John-David Dalton","email":"john.david.dalton@gmail.com","url":"http://allyoucanleet.com/"},{"name":"Blaine Bublitz","email":"blaine.bublitz@gmail.com","url":"https://github.com/phated"},{"name":"Mathias Bynens","email":"mathias@qiwi.be","url":"https://mathiasbynens.be/"}],"repository":{"type":"git","url":"git+https://github.com/lodash/lodash.git"},"scripts":{"test":"echo \"See https://travis-ci.org/lodash/lodash-cli for testing details.\""},"dependencies":{"lodash.tostring":"^4.0.0"},"bugs":{"url":"https://github.com/lodash/lodash/issues"},"_id":"lodash.pad@4.2.0","_shasum":"743e1adf26534d3e8cf3fba52a68aa4f48c38cd6","_from":".","_npmVersion":"2.15.2","_nodeVersion":"5.9.1","_npmUser":{"name":"jdalton","email":"john.david.dalton@gmail.com"},"dist":{"shasum":"743e1adf26534d3e8cf3fba52a68aa4f48c38cd6","tarball":"https://registry.npmjs.org/lodash.pad/-/lodash.pad-4.2.0.tgz"},"maintainers":[{"name":"jdalton","email":"john.david.dalton@gmail.com"},{"name":"mathias","email":"mathias@qiwi.be"},{"name":"phated","email":"blaine@iceddev.com"}],"_npmOperationalInternal":{"host":"packages-12-west.internal.npmjs.com","tmp":"tmp/lodash.pad-4.2.0.tgz_1459655490399_0.24315737700089812"},"directories":{}},"4.3.0":{"name":"lodash.pad","version":"4.3.0","description":"The lodash method `_.pad` exported as a module.","homepage":"https://lodash.com/","icon":"https://lodash.com/icon.svg","license":"MIT","keywords":["lodash-modularized","pad"],"author":{"name":"John-David Dalton","email":"john.david.dalton@gmail.com","url":"http://allyoucanleet.com/"},"contributors":[{"name":"John-David Dalton","email":"john.david.dalton@gmail.com","url":"http://allyoucanleet.com/"},{"name":"Blaine Bublitz","email":"blaine.bublitz@gmail.com","url":"https://github.com/phated"},{"name":"Mathias Bynens","email":"mathias@qiwi.be","url":"https://mathiasbynens.be/"}],"repository":{"type":"git","url":"git+https://github.com/lodash/lodash.git"},"scripts":{"test":"echo \"See https://travis-ci.org/lodash/lodash-cli for testing details.\""},"dependencies":{"lodash._baseslice":"~4.0.0","lodash.tostring":"^4.0.0"},"bugs":{"url":"https://github.com/lodash/lodash/issues"},"_id":"lodash.pad@4.3.0","_shasum":"fa2959167285209d0059cee6217b314125c0f248","_from":".","_npmVersion":"2.15.3","_nodeVersion":"5.5.0","_npmUser":{"name":"jdalton","email":"john.david.dalton@gmail.com"},"dist":{"shasum":"fa2959167285209d0059cee6217b314125c0f248","tarball":"https://registry.npmjs.org/lodash.pad/-/lodash.pad-4.3.0.tgz"},"maintainers":[{"name":"jdalton","email":"john.david.dalton@gmail.com"},{"name":"mathias","email":"mathias@qiwi.be"},{"name":"phated","email":"blaine@iceddev.com"}],"_npmOperationalInternal":{"host":"packages-16-east.internal.npmjs.com","tmp":"tmp/lodash.pad-4.3.0.tgz_1460393793690_0.9500703623052686"},"directories":{}},"4.4.0":{"name":"lodash.pad","version":"4.4.0","description":"The lodash method `_.pad` exported as a module.","homepage":"https://lodash.com/","icon":"https://lodash.com/icon.svg","license":"MIT","keywords":["lodash-modularized","pad"],"author":{"name":"John-David Dalton","email":"john.david.dalton@gmail.com","url":"http://allyoucanleet.com/"},"contributors":[{"name":"John-David Dalton","email":"john.david.dalton@gmail.com","url":"http://allyoucanleet.com/"},{"name":"Blaine Bublitz","email":"blaine.bublitz@gmail.com","url":"https://github.com/phated"},{"name":"Mathias Bynens","email":"mathias@qiwi.be","url":"https://mathiasbynens.be/"}],"repository":{"type":"git","url":"git+https://github.com/lodash/lodash.git"},"scripts":{"test":"echo \"See https://travis-ci.org/lodash/lodash-cli for testing details.\""},"dependencies":{"lodash._baseslice":"~4.0.0","lodash._basetostring":"~4.12.0","lodash.tostring":"^4.0.0"},"bugs":{"url":"https://github.com/lodash/lodash/issues"},"_id":"lodash.pad@4.4.0","_shasum":"faa38df26c0a69ec5086a82246c958e150dcb1ab","_from":".","_npmVersion":"2.15.5","_nodeVersion":"5.5.0","_npmUser":{"name":"jdalton","email":"john.david.dalton@gmail.com"},"dist":{"shasum":"faa38df26c0a69ec5086a82246c958e150dcb1ab","tarball":"https://registry.npmjs.org/lodash.pad/-/lodash.pad-4.4.0.tgz"},"maintainers":[{"name":"jdalton","email":"john.david.dalton@gmail.com"},{"name":"mathias","email":"mathias@qiwi.be"},{"name":"phated","email":"blaine@iceddev.com"}],"_npmOperationalInternal":{"host":"packages-12-west.internal.npmjs.com","tmp":"tmp/lodash.pad-4.4.0.tgz_1463062450475_0.3613762252498418"},"directories":{}},"4.5.0":{"name":"lodash.pad","version":"4.5.0","description":"The lodash method `_.pad` exported as a module.","homepage":"https://lodash.com/","icon":"https://lodash.com/icon.svg","license":"MIT","keywords":["lodash-modularized","pad"],"author":{"name":"John-David Dalton","email":"john.david.dalton@gmail.com","url":"http://allyoucanleet.com/"},"contributors":[{"name":"John-David Dalton","email":"john.david.dalton@gmail.com","url":"http://allyoucanleet.com/"},{"name":"Blaine Bublitz","email":"blaine.bublitz@gmail.com","url":"https://github.com/phated"},{"name":"Mathias Bynens","email":"mathias@qiwi.be","url":"https://mathiasbynens.be/"}],"repository":{"type":"git","url":"git+https://github.com/lodash/lodash.git"},"scripts":{"test":"echo \"See https://travis-ci.org/lodash/lodash-cli for testing details.\""},"bugs":{"url":"https://github.com/lodash/lodash/issues"},"_id":"lodash.pad@4.5.0","_shasum":"873d1870dd69cc52dae48e3a27b58d7fd04d2525","_from":".","_npmVersion":"2.15.9","_nodeVersion":"4.2.4","_npmUser":{"name":"jdalton","email":"john.david.dalton@gmail.com"},"dist":{"shasum":"873d1870dd69cc52dae48e3a27b58d7fd04d2525","tarball":"https://registry.npmjs.org/lodash.pad/-/lodash.pad-4.5.0.tgz"},"maintainers":[{"name":"jdalton","email":"john.david.dalton@gmail.com"},{"name":"mathias","email":"mathias@qiwi.be"},{"name":"phated","email":"blaine@iceddev.com"}],"_npmOperationalInternal":{"host":"packages-12-west.internal.npmjs.com","tmp":"tmp/lodash.pad-4.5.0.tgz_1469458129267_0.9834734206087887"},"directories":{}},"4.5.1":{"name":"lodash.pad","version":"4.5.1","description":"The lodash method `_.pad` exported as a module.","homepage":"https://lodash.com/","icon":"https://lodash.com/icon.svg","license":"MIT","keywords":["lodash-modularized","pad"],"author":{"name":"John-David Dalton","email":"john.david.dalton@gmail.com","url":"http://allyoucanleet.com/"},"contributors":[{"name":"John-David Dalton","email":"john.david.dalton@gmail.com","url":"http://allyoucanleet.com/"},{"name":"Blaine Bublitz","email":"blaine.bublitz@gmail.com","url":"https://github.com/phated"},{"name":"Mathias Bynens","email":"mathias@qiwi.be","url":"https://mathiasbynens.be/"}],"repository":{"type":"git","url":"git+https://github.com/lodash/lodash.git"},"scripts":{"test":"echo \"See https://travis-ci.org/lodash/lodash-cli for testing details.\""},"bugs":{"url":"https://github.com/lodash/lodash/issues"},"_id":"lodash.pad@4.5.1","_shasum":"4330949a833a7c8da22cc20f6a26c4d59debba70","_from":".","_npmVersion":"2.15.10","_nodeVersion":"4.4.7","_npmUser":{"name":"jdalton","email":"john.david.dalton@gmail.com"},"dist":{"shasum":"4330949a833a7c8da22cc20f6a26c4d59debba70","tarball":"https://registry.npmjs.org/lodash.pad/-/lodash.pad-4.5.1.tgz"},"maintainers":[{"name":"jdalton","email":"john.david.dalton@gmail.com"},{"name":"mathias","email":"mathias@qiwi.be"},{"name":"phated","email":"blaine@iceddev.com"}],"_npmOperationalInternal":{"host":"packages-16-east.internal.npmjs.com","tmp":"tmp/lodash.pad-4.5.1.tgz_1471110186112_0.6179124757181853"},"directories":{}}},"readme":"# lodash.pad v4.5.1\n\nThe [lodash](https://lodash.com/) method `_.pad` exported as a [Node.js](https://nodejs.org/) module.\n\n## Installation\n\nUsing npm:\n```bash\n$ {sudo -H} npm i -g npm\n$ npm i --save lodash.pad\n```\n\nIn Node.js:\n```js\nvar pad = require('lodash.pad');\n```\n\nSee the [documentation](https://lodash.com/docs#pad) or [package source](https://github.com/lodash/lodash/blob/4.5.1-npm-packages/lodash.pad) for more details.\n","maintainers":[{"name":"jdalton","email":"john.david.dalton@gmail.com"},{"name":"mathias","email":"mathias@qiwi.be"}],"time":{"modified":"2016-10-06T16:50:06.115Z","created":"2015-01-26T15:29:43.765Z","3.0.0":"2015-01-26T15:29:43.765Z","3.1.0":"2015-03-25T23:37:18.958Z","3.1.1":"2015-06-30T15:25:05.900Z","3.2.0":"2016-01-13T11:10:15.281Z","3.2.1":"2016-01-26T08:54:25.566Z","3.2.2":"2016-02-03T07:30:26.618Z","3.3.0":"2016-02-08T02:28:55.846Z","4.0.0":"2016-02-16T06:03:08.271Z","4.1.0":"2016-02-16T09:38:38.383Z","4.2.0":"2016-04-03T03:51:30.947Z","4.3.0":"2016-04-11T16:56:34.961Z","4.4.0":"2016-05-12T14:14:10.956Z","4.5.0":"2016-07-25T14:48:49.498Z","4.5.1":"2016-08-13T17:43:08.870Z"},"homepage":"https://lodash.com/","keywords":["lodash-modularized","pad"],"repository":{"type":"git","url":"git+https://github.com/lodash/lodash.git"},"contributors":[{"name":"John-David Dalton","email":"john.david.dalton@gmail.com","url":"http://allyoucanleet.com/"},{"name":"Blaine Bublitz","email":"blaine.bublitz@gmail.com","url":"https://github.com/phated"},{"name":"Mathias Bynens","email":"mathias@qiwi.be","url":"https://mathiasbynens.be/"}],"author":{"name":"John-David Dalton","email":"john.david.dalton@gmail.com","url":"http://allyoucanleet.com/"},"bugs":{"url":"https://github.com/lodash/lodash/issues"},"license":"MIT","readmeFilename":"README.md","_attachments":{},"_etag":"W/\"7cc486a26e654cc56506f185bd0b0a53\"","_lastModified":"Sun, 27 May 2018 06:58:51 GMT"}