{"_id":"read-package-tree","_rev":"26-0529a9ccce7a6366a9c8b4357d6c67e5","name":"read-package-tree","description":"Read the contents of node_modules.","dist-tags":{"latest":"5.2.1"},"versions":{"1.0.0":{"name":"read-package-tree","version":"1.0.0","description":"Read the contents of node_modules.","main":"rpt.js","directories":{"test":"test"},"dependencies":{"debuglog":"^1.0.1","once":"^1.3.0","dezalgo":"^1.0.0","read-package-json":"^1.2.6","readdir-scoped-modules":"^1.0.0"},"devDependencies":{"tap":"^0.4.12","archy":"0"},"scripts":{"test":"tap test/*.js"},"repository":{"type":"git","url":"https://github.com/npm/read-package-tree"},"author":{"name":"Isaac Z. Schlueter","email":"i@izs.me","url":"http://blog.izs.me/"},"license":"ISC","bugs":{"url":"https://github.com/npm/read-package-tree/issues"},"homepage":"https://github.com/npm/read-package-tree","gitHead":"10d6f6d0cdb5c274d6df2a3f8dc4f70473a90385","_id":"read-package-tree@1.0.0","_shasum":"4dc848f0ffe833f32c45187ad647aa1bcfe43533","_from":".","_npmVersion":"2.0.0-alpha.6.0","_npmUser":{"name":"isaacs","email":"i@izs.me"},"maintainers":[{"name":"isaacs","email":"i@izs.me"}],"dist":{"shasum":"4dc848f0ffe833f32c45187ad647aa1bcfe43533","tarball":"https://registry.npmjs.org/read-package-tree/-/read-package-tree-1.0.0.tgz"}},"2.0.0":{"name":"read-package-tree","version":"2.0.0","description":"Read the contents of node_modules.","main":"rpt.js","directories":{"test":"test"},"dependencies":{"debuglog":"^1.0.1","once":"^1.3.0","dezalgo":"^1.0.0","read-package-json":"^1.2.6","readdir-scoped-modules":"^1.0.0"},"devDependencies":{"tap":"^0.4.12","archy":"0"},"scripts":{"test":"tap test/*.js"},"repository":{"type":"git","url":"https://github.com/npm/read-package-tree"},"author":{"name":"Isaac Z. Schlueter","email":"i@izs.me","url":"http://blog.izs.me/"},"license":"ISC","bugs":{"url":"https://github.com/npm/read-package-tree/issues"},"homepage":"https://github.com/npm/read-package-tree","gitHead":"94838dbb5bd7667c75bb187e9f15f44447d3ba9e","_id":"read-package-tree@2.0.0","_shasum":"8bddc327bed56246a6785f72f908a76661e8368f","_from":".","_npmVersion":"2.0.0-beta.2","_npmUser":{"name":"isaacs","email":"i@izs.me"},"maintainers":[{"name":"isaacs","email":"i@izs.me"}],"dist":{"shasum":"8bddc327bed56246a6785f72f908a76661e8368f","tarball":"https://registry.npmjs.org/read-package-tree/-/read-package-tree-2.0.0.tgz"}},"2.2.0":{"name":"read-package-tree","version":"2.2.0","description":"Read the contents of node_modules.","main":"rpt.js","directories":{"test":"test"},"dependencies":{"debuglog":"^1.0.1","once":"^1.3.0","dezalgo":"^1.0.0","read-package-json":"^1.2.6","readdir-scoped-modules":"^1.0.0"},"devDependencies":{"tap":"^0.4.12","archy":"0"},"scripts":{"test":"tap test/*.js"},"repository":{"type":"git","url":"https://github.com/npm/read-package-tree"},"author":{"name":"Isaac Z. Schlueter","email":"i@izs.me","url":"http://blog.izs.me/"},"license":"ISC","bugs":{"url":"https://github.com/npm/read-package-tree/issues"},"homepage":"https://github.com/npm/read-package-tree","gitHead":"e8806e9035ddb079f10d705b77d29d285bbfc0b4","_id":"read-package-tree@2.2.0","_shasum":"826e75ec32d0697a602e709d874bc0205296428d","_from":".","_npmVersion":"2.4.1","_nodeVersion":"0.10.33","_npmUser":{"name":"iarna","email":"me@re-becca.org"},"maintainers":[{"name":"isaacs","email":"i@izs.me"},{"name":"iarna","email":"me@re-becca.org"}],"dist":{"shasum":"826e75ec32d0697a602e709d874bc0205296428d","tarball":"https://registry.npmjs.org/read-package-tree/-/read-package-tree-2.2.0.tgz"}},"3.0.0":{"name":"read-package-tree","version":"3.0.0","description":"Read the contents of node_modules.","main":"rpt.js","directories":{"test":"test"},"dependencies":{"debuglog":"^1.0.1","once":"^1.3.0","dezalgo":"^1.0.0","read-package-json":"^1.2.6","readdir-scoped-modules":"^1.0.0"},"devDependencies":{"tap":"^0.4.12","archy":"0"},"scripts":{"test":"tap test/*.js"},"repository":{"type":"git","url":"https://github.com/npm/read-package-tree"},"author":{"name":"Isaac Z. Schlueter","email":"i@izs.me","url":"http://blog.izs.me/"},"license":"ISC","bugs":{"url":"https://github.com/npm/read-package-tree/issues"},"homepage":"https://github.com/npm/read-package-tree","gitHead":"20da8f80bd6cab9e4311492ac44900cba2438587","_id":"read-package-tree@3.0.0","_shasum":"7a14b798299f81dc0c3bfc93cd41b9b946936ed6","_from":".","_npmVersion":"1.4.28","_npmUser":{"name":"iarna","email":"me@re-becca.org"},"maintainers":[{"name":"isaacs","email":"i@izs.me"},{"name":"iarna","email":"me@re-becca.org"}],"dist":{"shasum":"7a14b798299f81dc0c3bfc93cd41b9b946936ed6","tarball":"https://registry.npmjs.org/read-package-tree/-/read-package-tree-3.0.0.tgz"}},"4.0.0":{"name":"read-package-tree","version":"4.0.0","description":"Read the contents of node_modules.","main":"rpt.js","directories":{"test":"test"},"dependencies":{"debuglog":"^1.0.1","dezalgo":"^1.0.0","normalize-package-data":"^2.0.0","once":"^1.3.0","read-package-json":"^1.2.6","readdir-scoped-modules":"^1.0.0"},"devDependencies":{"tap":"^0.4.12","archy":"0"},"scripts":{"test":"tap test/*.js"},"repository":{"type":"git","url":"https://github.com/npm/read-package-tree"},"author":{"name":"Isaac Z. Schlueter","email":"i@izs.me","url":"http://blog.izs.me/"},"license":"ISC","bugs":{"url":"https://github.com/npm/read-package-tree/issues"},"homepage":"https://github.com/npm/read-package-tree","gitHead":"defe8eda3be00788b1f9c504db07495040bb0e73","_id":"read-package-tree@4.0.0","_shasum":"e25265071c561e3cb45034996471e7cd7c1ba1c6","_from":".","_npmVersion":"2.7.5","_nodeVersion":"1.6.2","_npmUser":{"name":"iarna","email":"me@re-becca.org"},"maintainers":[{"name":"isaacs","email":"i@izs.me"},{"name":"iarna","email":"me@re-becca.org"}],"dist":{"shasum":"e25265071c561e3cb45034996471e7cd7c1ba1c6","tarball":"https://registry.npmjs.org/read-package-tree/-/read-package-tree-4.0.0.tgz"}},"4.0.1":{"name":"read-package-tree","version":"4.0.1","description":"Read the contents of node_modules.","main":"rpt.js","directories":{"test":"test"},"dependencies":{"debuglog":"^1.0.1","dezalgo":"^1.0.0","once":"^1.3.0","read-package-json":"^2.0.0","readdir-scoped-modules":"^1.0.0"},"devDependencies":{"tap":"^0.4.12","archy":"0"},"scripts":{"test":"tap test/*.js"},"repository":{"type":"git","url":"https://github.com/npm/read-package-tree"},"author":{"name":"Isaac Z. Schlueter","email":"i@izs.me","url":"http://blog.izs.me/"},"license":"ISC","bugs":{"url":"https://github.com/npm/read-package-tree/issues"},"homepage":"https://github.com/npm/read-package-tree","gitHead":"85f96bd38a815aba6538244d44b4e6d928c84613","_id":"read-package-tree@4.0.1","_shasum":"41eebc62fd3c086dc2adfbd6007a0b027cf8b974","_from":".","_npmVersion":"2.7.5","_nodeVersion":"1.6.2","_npmUser":{"name":"iarna","email":"me@re-becca.org"},"maintainers":[{"name":"isaacs","email":"i@izs.me"},{"name":"iarna","email":"me@re-becca.org"}],"dist":{"shasum":"41eebc62fd3c086dc2adfbd6007a0b027cf8b974","tarball":"https://registry.npmjs.org/read-package-tree/-/read-package-tree-4.0.1.tgz"}},"4.0.2":{"name":"read-package-tree","version":"4.0.2","description":"Read the contents of node_modules.","main":"rpt.js","directories":{"test":"test"},"dependencies":{"debuglog":"^1.0.1","dezalgo":"^1.0.0","once":"^1.3.0","read-package-json":"^2.0.0","readdir-scoped-modules":"^1.0.0"},"devDependencies":{"tap":"^0.4.12","archy":"0"},"scripts":{"test":"tap test/*.js"},"repository":{"type":"git","url":"https://github.com/npm/read-package-tree"},"author":{"name":"Isaac Z. Schlueter","email":"i@izs.me","url":"http://blog.izs.me/"},"license":"ISC","bugs":{"url":"https://github.com/npm/read-package-tree/issues"},"homepage":"https://github.com/npm/read-package-tree","gitHead":"48609748bbf277147e09ded9340ba7d86f4f87f1","_id":"read-package-tree@4.0.2","_shasum":"b0c98b5e5dfd0e32d7b4a3910b1b17cc6bd2af49","_from":".","_npmVersion":"2.7.6","_nodeVersion":"1.6.2","_npmUser":{"name":"iarna","email":"me@re-becca.org"},"maintainers":[{"name":"isaacs","email":"i@izs.me"},{"name":"iarna","email":"me@re-becca.org"}],"dist":{"shasum":"b0c98b5e5dfd0e32d7b4a3910b1b17cc6bd2af49","tarball":"https://registry.npmjs.org/read-package-tree/-/read-package-tree-4.0.2.tgz"}},"4.1.0":{"name":"read-package-tree","version":"4.1.0","description":"Read the contents of node_modules.","main":"rpt.js","directories":{"test":"test"},"dependencies":{"debuglog":"^1.0.1","dezalgo":"^1.0.0","once":"^1.3.0","read-package-json":"^2.0.0","readdir-scoped-modules":"^1.0.0"},"devDependencies":{"tap":"^0.4.12","archy":"0"},"scripts":{"test":"tap test/*.js"},"repository":{"type":"git","url":"https://github.com/npm/read-package-tree"},"author":{"name":"Isaac Z. Schlueter","email":"i@izs.me","url":"http://blog.izs.me/"},"license":"ISC","bugs":{"url":"https://github.com/npm/read-package-tree/issues"},"homepage":"https://github.com/npm/read-package-tree","gitHead":"14162fb39841acac16ecaad5e9b79e65b430a1fb","_id":"read-package-tree@4.1.0","_shasum":"d42e418ed22d23d88f308e660ddbf0753be467c1","_from":".","_npmVersion":"2.7.5","_nodeVersion":"0.10.38","_npmUser":{"name":"iarna","email":"me@re-becca.org"},"maintainers":[{"name":"isaacs","email":"i@izs.me"},{"name":"iarna","email":"me@re-becca.org"}],"dist":{"shasum":"d42e418ed22d23d88f308e660ddbf0753be467c1","tarball":"https://registry.npmjs.org/read-package-tree/-/read-package-tree-4.1.0.tgz"}},"5.0.0":{"name":"read-package-tree","version":"5.0.0","description":"Read the contents of node_modules.","main":"rpt.js","directories":{"test":"test"},"dependencies":{"debuglog":"^1.0.1","dezalgo":"^1.0.0","once":"^1.3.0","read-package-json":"^2.0.0","readdir-scoped-modules":"^1.0.0"},"devDependencies":{"tap":"^0.4.12","archy":"0"},"scripts":{"test":"tap test/*.js"},"repository":{"type":"git","url":"git+https://github.com/npm/read-package-tree.git"},"author":{"name":"Isaac Z. Schlueter","email":"i@izs.me","url":"http://blog.izs.me/"},"license":"ISC","bugs":{"url":"https://github.com/npm/read-package-tree/issues"},"homepage":"https://github.com/npm/read-package-tree","gitHead":"57ab023d0a50214b5ea73887adb874723a4b0232","_id":"read-package-tree@5.0.0","_shasum":"0960bb19bff77ec7e35c1ea7ca8208945ea4bfb2","_from":".","_npmVersion":"2.11.2","_nodeVersion":"0.12.4","_npmUser":{"name":"iarna","email":"me@re-becca.org"},"dist":{"shasum":"0960bb19bff77ec7e35c1ea7ca8208945ea4bfb2","tarball":"https://registry.npmjs.org/read-package-tree/-/read-package-tree-5.0.0.tgz"},"maintainers":[{"name":"isaacs","email":"i@izs.me"},{"name":"iarna","email":"me@re-becca.org"}]},"5.1.0":{"name":"read-package-tree","version":"5.1.0","description":"Read the contents of node_modules.","main":"rpt.js","directories":{"test":"test"},"dependencies":{"debuglog":"^1.0.1","dezalgo":"^1.0.0","once":"^1.3.0","read-package-json":"^2.0.0","readdir-scoped-modules":"^1.0.0"},"devDependencies":{"archy":"0","tap":"^1.2.0"},"scripts":{"test":"tap test/*.js"},"repository":{"type":"git","url":"git+https://github.com/npm/read-package-tree.git"},"author":{"name":"Isaac Z. Schlueter","email":"i@izs.me","url":"http://blog.izs.me/"},"license":"ISC","bugs":{"url":"https://github.com/npm/read-package-tree/issues"},"homepage":"https://github.com/npm/read-package-tree","gitHead":"9c8baac5c966f4976cfc4de6caafe58299d7a51e","_id":"read-package-tree@5.1.0","_shasum":"63cf2699d5cf8fb227703322e10a700f1208fc13","_from":".","_npmVersion":"3.1.2","_nodeVersion":"0.10.38","_npmUser":{"name":"iarna","email":"me@re-becca.org"},"dist":{"shasum":"63cf2699d5cf8fb227703322e10a700f1208fc13","tarball":"https://registry.npmjs.org/read-package-tree/-/read-package-tree-5.1.0.tgz"},"maintainers":[{"name":"isaacs","email":"i@izs.me"},{"name":"iarna","email":"me@re-becca.org"}]},"5.1.1":{"name":"read-package-tree","version":"5.1.1","description":"Read the contents of node_modules.","main":"rpt.js","directories":{"test":"test"},"dependencies":{"debuglog":"^1.0.1","dezalgo":"^1.0.0","once":"^1.3.0","read-package-json":"^2.0.0","readdir-scoped-modules":"^1.0.0"},"devDependencies":{"archy":"0","tap":"^1.2.0"},"scripts":{"test":"tap test/*.js"},"repository":{"type":"git","url":"git+https://github.com/npm/read-package-tree.git"},"author":{"name":"Isaac Z. Schlueter","email":"i@izs.me","url":"http://blog.izs.me/"},"license":"ISC","bugs":{"url":"https://github.com/npm/read-package-tree/issues"},"homepage":"https://github.com/npm/read-package-tree","gitHead":"11f5ecd539a6c3068b379a8cf392d46942b720ad","_id":"read-package-tree@5.1.1","_shasum":"f326aa67cc65e38e9c325fc80b6c9b7ceae3dc43","_from":".","_npmVersion":"3.3.4","_nodeVersion":"4.0.0","_npmUser":{"name":"iarna","email":"me@re-becca.org"},"dist":{"shasum":"f326aa67cc65e38e9c325fc80b6c9b7ceae3dc43","tarball":"https://registry.npmjs.org/read-package-tree/-/read-package-tree-5.1.1.tgz"},"maintainers":[{"name":"isaacs","email":"i@izs.me"},{"name":"iarna","email":"me@re-becca.org"}]},"5.1.2":{"name":"read-package-tree","version":"5.1.2","description":"Read the contents of node_modules.","main":"rpt.js","directories":{"test":"test"},"dependencies":{"debuglog":"^1.0.1","dezalgo":"^1.0.0","once":"^1.3.0","read-package-json":"^2.0.0","readdir-scoped-modules":"^1.0.0"},"devDependencies":{"archy":"0","tap":"^1.2.0"},"scripts":{"test":"tap test/*.js"},"repository":{"type":"git","url":"git+https://github.com/npm/read-package-tree.git"},"author":{"name":"Isaac Z. Schlueter","email":"i@izs.me","url":"http://blog.izs.me/"},"license":"ISC","bugs":{"url":"https://github.com/npm/read-package-tree/issues"},"homepage":"https://github.com/npm/read-package-tree","gitHead":"2ed40c4654804f2a5ddb7b0b2c509080731eea6b","_id":"read-package-tree@5.1.2","_shasum":"e3a488792f40cf470819f01a610e719d64f09094","_from":".","_npmVersion":"2.13.3","_nodeVersion":"0.12.7","_npmUser":{"name":"iarna","email":"me@re-becca.org"},"dist":{"shasum":"e3a488792f40cf470819f01a610e719d64f09094","tarball":"https://registry.npmjs.org/read-package-tree/-/read-package-tree-5.1.2.tgz"},"maintainers":[{"name":"isaacs","email":"i@izs.me"},{"name":"iarna","email":"me@re-becca.org"}]},"5.1.3":{"name":"read-package-tree","version":"5.1.3","description":"Read the contents of node_modules.","main":"rpt.js","directories":{"test":"test"},"dependencies":{"debuglog":"^1.0.1","dezalgo":"^1.0.0","once":"^1.3.0","read-package-json":"^2.0.0","readdir-scoped-modules":"^1.0.0"},"devDependencies":{"archy":"0","tacks":"^1.2.1","tap":"^1.2.0"},"scripts":{"test":"tap test/*.js"},"repository":{"type":"git","url":"git+https://github.com/npm/read-package-tree.git"},"author":{"name":"Isaac Z. Schlueter","email":"i@izs.me","url":"http://blog.izs.me/"},"license":"ISC","bugs":{"url":"https://github.com/npm/read-package-tree/issues"},"homepage":"https://github.com/npm/read-package-tree","gitHead":"d9fc4f3f4c8220e00a9a729272f6008185c4da5b","_id":"read-package-tree@5.1.3","_shasum":"5cc89c591d74d49dc608898d5bad8516834c7101","_from":".","_npmVersion":"2.15.5","_nodeVersion":"6.0.0","_npmUser":{"name":"iarna","email":"me@re-becca.org"},"dist":{"shasum":"5cc89c591d74d49dc608898d5bad8516834c7101","tarball":"https://registry.npmjs.org/read-package-tree/-/read-package-tree-5.1.3.tgz"},"maintainers":[{"name":"isaacs","email":"i@izs.me"},{"name":"iarna","email":"me@re-becca.org"}],"_npmOperationalInternal":{"host":"packages-12-west.internal.npmjs.com","tmp":"tmp/read-package-tree-5.1.3.tgz_1463447063137_0.23727015499025583"}},"5.1.4":{"name":"read-package-tree","version":"5.1.4","description":"Read the contents of node_modules.","main":"rpt.js","directories":{"test":"test"},"dependencies":{"debuglog":"^1.0.1","dezalgo":"^1.0.0","once":"^1.3.0","read-package-json":"^2.0.0","readdir-scoped-modules":"^1.0.0"},"devDependencies":{"archy":"0","tacks":"^1.2.1","tap":"^1.2.0"},"scripts":{"test":"tap test/*.js"},"repository":{"type":"git","url":"git+https://github.com/npm/read-package-tree.git"},"author":{"name":"Isaac Z. Schlueter","email":"i@izs.me","url":"http://blog.izs.me/"},"license":"ISC","bugs":{"url":"https://github.com/npm/read-package-tree/issues"},"homepage":"https://github.com/npm/read-package-tree","gitHead":"eb24d2508da745233af93769596ff1d963f801be","_id":"read-package-tree@5.1.4","_shasum":"bb6e465f913d4259a9534c87b1d5c508fe8eb078","_from":".","_npmVersion":"3.9.2","_nodeVersion":"4.4.0","_npmUser":{"name":"iarna","email":"me@re-becca.org"},"dist":{"shasum":"bb6e465f913d4259a9534c87b1d5c508fe8eb078","tarball":"https://registry.npmjs.org/read-package-tree/-/read-package-tree-5.1.4.tgz"},"maintainers":[{"name":"isaacs","email":"i@izs.me"},{"name":"iarna","email":"me@re-becca.org"}],"_npmOperationalInternal":{"host":"packages-16-east.internal.npmjs.com","tmp":"tmp/read-package-tree-5.1.4.tgz_1463682709793_0.6651253618765622"}},"5.1.5":{"name":"read-package-tree","version":"5.1.5","description":"Read the contents of node_modules.","main":"rpt.js","directories":{"test":"test"},"dependencies":{"debuglog":"^1.0.1","dezalgo":"^1.0.0","once":"^1.3.0","read-package-json":"^2.0.0","readdir-scoped-modules":"^1.0.0"},"devDependencies":{"archy":"0","tacks":"^1.2.1","tap":"^1.2.0"},"scripts":{"test":"tap test/*.js"},"repository":{"type":"git","url":"git+https://github.com/npm/read-package-tree.git"},"author":{"name":"Isaac Z. Schlueter","email":"i@izs.me","url":"http://blog.izs.me/"},"license":"ISC","bugs":{"url":"https://github.com/npm/read-package-tree/issues"},"homepage":"https://github.com/npm/read-package-tree","files":["rpt.js"],"gitHead":"5fcf957b01d3ce5ad3ffde51a5fd6d8178e23354","_id":"read-package-tree@5.1.5","_shasum":"ace7e6381c7684f970aaa98fc7c5d2b666addab6","_from":".","_npmVersion":"3.10.2","_nodeVersion":"4.4.0","_npmUser":{"name":"iarna","email":"me@re-becca.org"},"dist":{"shasum":"ace7e6381c7684f970aaa98fc7c5d2b666addab6","tarball":"https://registry.npmjs.org/read-package-tree/-/read-package-tree-5.1.5.tgz"},"maintainers":[{"name":"isaacs","email":"i@izs.me"},{"name":"iarna","email":"me@re-becca.org"}],"_npmOperationalInternal":{"host":"packages-12-west.internal.npmjs.com","tmp":"tmp/read-package-tree-5.1.5.tgz_1466725442057_0.8425232821609825"}},"5.1.6":{"name":"read-package-tree","version":"5.1.6","description":"Read the contents of node_modules.","main":"rpt.js","directories":{"test":"test"},"dependencies":{"debuglog":"^1.0.1","dezalgo":"^1.0.0","once":"^1.3.0","read-package-json":"^2.0.0","readdir-scoped-modules":"^1.0.0"},"devDependencies":{"archy":"^1.0.0","mkdirp":"^0.5.1","tacks":"^1.2.1","tap":"^6.3.0"},"scripts":{"test":"tap test/*.js"},"repository":{"type":"git","url":"git+https://github.com/npm/read-package-tree.git"},"author":{"name":"Isaac Z. Schlueter","email":"i@izs.me","url":"http://blog.izs.me/"},"license":"ISC","bugs":{"url":"https://github.com/npm/read-package-tree/issues"},"homepage":"https://github.com/npm/read-package-tree","files":["rpt.js"],"gitHead":"d9e0ed750eada0850b8a4d2a01d4510a3776ce45","_id":"read-package-tree@5.1.6","_npmVersion":"5.0.0","_nodeVersion":"8.0.0","_npmUser":{"name":"iarna","email":"me@re-becca.org"},"dist":{"integrity":"sha512-FCX1aT3GWyY658wzDICef4p+n0dB+ENRct8E/Qyvppj6xVpOYerBHfUu7OP5Rt1/393Tdglguf5ju5DEX4wZNg==","shasum":"4f03e83d0486856fb60d97c94882841c2a7b1b7a","tarball":"https://registry.npmjs.org/read-package-tree/-/read-package-tree-5.1.6.tgz"},"maintainers":[{"name":"isaacs","email":"i@izs.me"},{"name":"iarna","email":"me@re-becca.org"}],"_npmOperationalInternal":{"host":"s3://npm-registry-packages","tmp":"tmp/read-package-tree-5.1.6.tgz_1496366173606_0.6559428705368191"}},"5.2.0":{"name":"read-package-tree","version":"5.2.0","description":"Read the contents of node_modules.","main":"rpt.js","directories":{"test":"test"},"dependencies":{"debuglog":"^1.0.1","dezalgo":"^1.0.0","once":"^1.3.0","read-package-json":"^2.0.0","readdir-scoped-modules":"^1.0.0"},"devDependencies":{"archy":"^1.0.0","mkdirp":"^0.5.1","tacks":"^1.2.1","tap":"^6.3.0"},"scripts":{"test":"tap test/*.js"},"repository":{"type":"git","url":"git+https://github.com/npm/read-package-tree.git"},"author":{"name":"Isaac Z. Schlueter","email":"i@izs.me","url":"http://blog.izs.me/"},"license":"ISC","bugs":{"url":"https://github.com/npm/read-package-tree/issues"},"homepage":"https://github.com/npm/read-package-tree","files":["rpt.js"],"gitHead":"db2770c40e1194e63e2adb175171beba7572ed37","_id":"read-package-tree@5.2.0","_npmVersion":"6.0.0-next.0","_nodeVersion":"9.11.1","_npmUser":{"name":"zkat","email":"npm@zkat.tech"},"dist":{"integrity":"sha512-A+BMp8Y5H9NWdRISE5vxSoY3DmamAQDgeRzYqHxsjXATgScvtZZ7uf1Au9ioNiOTYn9F9/awQQ6RHuGV1CKgNA==","shasum":"033476c07ce13f8cefbff0df3211ec3b39f8368d","tarball":"https://registry.npmjs.org/read-package-tree/-/read-package-tree-5.2.0.tgz","fileCount":4,"unpackedSize":10692},"maintainers":[{"email":"me@re-becca.org","name":"iarna"},{"email":"i@izs.me","name":"isaacs"},{"email":"npm@zkat.tech","name":"zkat"}],"_npmOperationalInternal":{"host":"s3://npm-registry-packages","tmp":"tmp/read-package-tree_5.2.0_1523393539441_0.4064390574705674"}},"5.2.1":{"name":"read-package-tree","version":"5.2.1","description":"Read the contents of node_modules.","main":"rpt.js","directories":{"test":"test"},"dependencies":{"debuglog":"^1.0.1","dezalgo":"^1.0.0","once":"^1.3.0","read-package-json":"^2.0.0","readdir-scoped-modules":"^1.0.0"},"devDependencies":{"archy":"^1.0.0","mkdirp":"^0.5.1","tacks":"^1.2.1","tap":"^6.3.0"},"scripts":{"test":"tap test/*.js"},"repository":{"type":"git","url":"git+https://github.com/npm/read-package-tree.git"},"author":{"name":"Isaac Z. Schlueter","email":"i@izs.me","url":"http://blog.izs.me/"},"license":"ISC","bugs":{"url":"https://github.com/npm/read-package-tree/issues"},"homepage":"https://github.com/npm/read-package-tree","files":["rpt.js"],"gitHead":"5245c6e50d7f46ae65191782622ec75bbe80561d","_id":"read-package-tree@5.2.1","_npmVersion":"6.0.0-next.0","_nodeVersion":"9.11.1","_npmUser":{"name":"zkat","email":"npm@zkat.tech"},"dist":{"integrity":"sha512-2CNoRoh95LxY47LvqrehIAfUVda2JbuFE/HaGYs42bNrGG+ojbw1h3zOcPcQ+1GQ3+rkzNndZn85u1XyZ3UsIA==","shasum":"6218b187d6fac82289ce4387bbbaf8eef536ad63","tarball":"https://registry.npmjs.org/read-package-tree/-/read-package-tree-5.2.1.tgz","fileCount":4,"unpackedSize":10668},"maintainers":[{"email":"me@re-becca.org","name":"iarna"},{"email":"i@izs.me","name":"isaacs"},{"email":"npm@zkat.tech","name":"zkat"}],"_npmOperationalInternal":{"host":"s3://npm-registry-packages","tmp":"tmp/read-package-tree_5.2.1_1523411228091_0.8035431813230354"}}},"readme":"# read-package-tree\n\nRead the contents of node_modules.\n\n## USAGE\n\n```javascript\nvar rpt = require ('read-package-tree')\nrpt('/path/to/pkg/root', function (node, kidName) {\n  // optional filter function– if included, each package folder found is passed to\n  // it to see if it should be included in the final tree\n  // node is what we're adding children to\n  // kidName is the directory name of the module we're considering adding\n  // return true -> include, false -> skip\n}, function (er, data) {\n  // er means that something didn't work.\n  // data is a structure like:\n  // {\n  //   package: <package.json data, or an empty object>\n  //   package.name: defaults to `basename(path)`\n  //   children: [ <more things like this> ]\n  //   parent: <thing that has this in its children property, or null>\n  //   path: <path loaded>\n  //   realpath: <the real path on disk>\n  //   isLink: <set if this is a Link>\n  //   target: <if a Link, then this is the actual Node>\n  //   error: <if set, the error we got loading/parsing the package.json>\n  // }\n})\n```\n\nThat's it.  It doesn't figure out if dependencies are met, it doesn't\nmutate package.json data objects (beyond what\n[read-package-json](http://npm.im/read-package-json) already does), it\ndoesn't limit its search to include/exclude `devDependencies`, or\nanything else.\n\nJust follows the links in the `node_modules` hierarchy and reads the\npackage.json files it finds therein.\n\n## Symbolic Links\n\nWhen there are symlinks to packages in the `node_modules` hierarchy, a\n`Link` object will be created, with a `target` that is a `Node`\nobject.\n\nFor the most part, you can treat `Link` objects just the same as\n`Node` objects.  But if your tree-walking program needs to treat\nsymlinks differently from normal folders, then make sure to check the\nobject.\n\nIn a given `read-package-tree` run, a specific `path` will always\ncorrespond to a single object, and a specific `realpath` will always\ncorrespond to a single `Node` object.  This means that you may not be\nable to pass the resulting data object to `JSON.stringify`, because it\nmay contain cycles.\n\n## Errors\n\nErrors parsing or finding a package.json in node_modules will result in a\nnode with the error property set.  We will still find deeper node_modules\nif any exist. *Prior to `5.0.0` these aborted tree reading with an error\ncallback.*\n\nOnly a few classes of errors are fatal (result in an error callback):\n\n* If the top level location is entirely missing, that will error.\n* if `fs.realpath` returns an error for any path its trying to resolve.\n","maintainers":[{"email":"me@re-becca.org","name":"iarna"},{"email":"i@izs.me","name":"isaacs"},{"email":"npm@zkat.tech","name":"zkat"}],"time":{"modified":"2018-04-11T01:47:08.808Z","created":"2014-08-12T23:01:40.459Z","1.0.0":"2014-08-12T23:01:40.459Z","2.0.0":"2014-09-03T00:05:30.245Z","2.2.0":"2015-02-04T10:09:45.892Z","3.0.0":"2015-02-18T09:53:24.734Z","4.0.0":"2015-04-07T06:20:16.716Z","4.0.1":"2015-04-07T19:10:45.090Z","4.0.2":"2015-04-23T00:25:01.798Z","4.1.0":"2015-04-25T17:26:21.266Z","5.0.0":"2015-07-01T00:43:33.592Z","5.1.0":"2015-07-17T03:15:59.842Z","5.1.1":"2015-09-24T00:14:18.834Z","5.1.2":"2015-09-24T22:43:27.490Z","5.1.3":"2016-05-17T01:04:23.721Z","5.1.4":"2016-05-19T18:31:54.432Z","5.1.5":"2016-06-23T23:44:02.585Z","5.1.6":"2017-06-02T01:16:13.763Z","5.2.0":"2018-04-10T20:52:19.524Z","5.2.1":"2018-04-11T01:47:08.167Z"},"homepage":"https://github.com/npm/read-package-tree","repository":{"type":"git","url":"git+https://github.com/npm/read-package-tree.git"},"author":{"name":"Isaac Z. Schlueter","email":"i@izs.me","url":"http://blog.izs.me/"},"bugs":{"url":"https://github.com/npm/read-package-tree/issues"},"license":"ISC","readmeFilename":"README.md","users":{"mattmcfarland":true,"dwqs":true},"_attachments":{},"_etag":"W/\"6164dcebde917a016b89dcb24eb708a0\"","_lastModified":"Sun, 27 May 2018 15:26:33 GMT"}