{"_id":"lodash._baseclone","_rev":"46-5e767aa8bf658e24b4573d4b5d38f836","name":"lodash._baseclone","description":"The internal lodash function `baseClone` exported as a module.","dist-tags":{"latest":"4.5.7"},"versions":{"2.0.0":{"name":"lodash._baseclone","version":"2.0.0","description":"The internal Lo-Dash function `baseClone` as a Node.js module generated by lodash-cli.","homepage":"http://lodash.com/custom-builds","license":"MIT","keywords":["customize","functional","lodash","performance","speed","util"],"author":{"name":"John-David Dalton","email":"john.david.dalton@gmail.com","url":"http://allyoucanleet.com/"},"contributors":[{"name":"John-David Dalton","email":"john.david.dalton@gmail.com","url":"http://allyoucanleet.com/"},{"name":"Blaine Bublitz","email":"blaine@iceddev.com","url":"http://iceddev.com/"},{"name":"Kit Cambridge","email":"github@kitcambridge.be","url":"http://kitcambridge.be/"},{"name":"Mathias Bynens","email":"mathias@qiwi.be","url":"http://mathiasbynens.be/"}],"bugs":{"url":"https://github.com/lodash/lodash-cli/issues"},"repository":{"type":"git","url":"https://github.com/lodash/lodash-cli.git"},"dependencies":{"lodash.assign":"~2.0.0","lodash.foreach":"~2.0.0","lodash.forown":"~2.0.0","lodash._getarray":"~2.0.0","lodash.isarray":"~2.0.0","lodash.isobject":"~2.0.0","lodash._releasearray":"~2.0.0","lodash._slice":"~2.0.0"},"_id":"lodash._baseclone@2.0.0","dist":{"shasum":"53340648e35281cd59a05e9776f7ccea95b5e0f4","tarball":"https://registry.npmjs.org/lodash._baseclone/-/lodash._baseclone-2.0.0.tgz"},"_from":".","_npmVersion":"1.3.8","_npmUser":{"name":"jdalton","email":"john.david.dalton@gmail.com"},"maintainers":[{"name":"jdalton","email":"john.david.dalton@gmail.com"},{"name":"kitcambridge","email":"github@kitcambridge.be"},{"name":"mathias","email":"mathias@qiwi.be"},{"name":"phated","email":"blaine@iceddev.com"}],"directories":{}},"2.1.0":{"name":"lodash._baseclone","version":"2.1.0","description":"The internal Lo-Dash function `baseClone` as a Node.js module generated by lodash-cli.","homepage":"http://lodash.com/custom-builds","license":"MIT","keywords":["functional","lodash","lodash-modularized","performance","speed","util"],"author":{"name":"John-David Dalton","email":"john.david.dalton@gmail.com","url":"http://allyoucanleet.com/"},"contributors":[{"name":"John-David Dalton","email":"john.david.dalton@gmail.com","url":"http://allyoucanleet.com/"},{"name":"Blaine Bublitz","email":"blaine@iceddev.com","url":"http://iceddev.com/"},{"name":"Kit Cambridge","email":"github@kitcambridge.be","url":"http://kitcambridge.be/"},{"name":"Mathias Bynens","email":"mathias@qiwi.be","url":"http://mathiasbynens.be/"}],"bugs":{"url":"https://github.com/lodash/lodash-cli/issues"},"repository":{"type":"git","url":"https://github.com/lodash/lodash-cli.git"},"dependencies":{"lodash.assign":"~2.1.0","lodash.foreach":"~2.1.0","lodash.forown":"~2.1.0","lodash._getarray":"~2.1.0","lodash.isarray":"~2.1.0","lodash.isobject":"~2.1.0","lodash._releasearray":"~2.1.0","lodash._slice":"~2.1.0"},"_id":"lodash._baseclone@2.1.0","dist":{"shasum":"ba9935d73211276147f90494b61def99dfab9869","tarball":"https://registry.npmjs.org/lodash._baseclone/-/lodash._baseclone-2.1.0.tgz"},"_from":".","_npmVersion":"1.3.8","_npmUser":{"name":"jdalton","email":"john.david.dalton@gmail.com"},"maintainers":[{"name":"jdalton","email":"john.david.dalton@gmail.com"},{"name":"kitcambridge","email":"github@kitcambridge.be"},{"name":"mathias","email":"mathias@qiwi.be"},{"name":"phated","email":"blaine@iceddev.com"}],"directories":{}},"2.2.0":{"name":"lodash._baseclone","version":"2.2.0","description":"The internal Lo-Dash function `baseClone` as a Node.js module generated by lodash-cli.","homepage":"http://lodash.com/custom-builds","license":"MIT","author":{"name":"John-David Dalton","email":"john.david.dalton@gmail.com","url":"http://allyoucanleet.com/"},"contributors":[{"name":"John-David Dalton","email":"john.david.dalton@gmail.com","url":"http://allyoucanleet.com/"},{"name":"Blaine Bublitz","email":"blaine@iceddev.com","url":"http://iceddev.com/"},{"name":"Kit Cambridge","email":"github@kitcambridge.be","url":"http://kitcambridge.be/"},{"name":"Mathias Bynens","email":"mathias@qiwi.be","url":"http://mathiasbynens.be/"}],"bugs":{"url":"https://github.com/lodash/lodash-cli/issues"},"repository":{"type":"git","url":"https://github.com/lodash/lodash-cli.git"},"dependencies":{"lodash.assign":"~2.2.0","lodash.foreach":"~2.2.0","lodash.forown":"~2.2.0","lodash._getarray":"~2.2.0","lodash.isarray":"~2.2.0","lodash.isobject":"~2.2.0","lodash._releasearray":"~2.2.0","lodash._slice":"~2.2.0"},"_id":"lodash._baseclone@2.2.0","dist":{"shasum":"bda6bd7266ddf8a471b12b2affda25bf7125fa55","tarball":"https://registry.npmjs.org/lodash._baseclone/-/lodash._baseclone-2.2.0.tgz"},"_from":".","_npmVersion":"1.3.8","_npmUser":{"name":"jdalton","email":"john.david.dalton@gmail.com"},"maintainers":[{"name":"jdalton","email":"john.david.dalton@gmail.com"},{"name":"kitcambridge","email":"github@kitcambridge.be"},{"name":"mathias","email":"mathias@qiwi.be"},{"name":"phated","email":"blaine@iceddev.com"}],"directories":{}},"2.2.1":{"name":"lodash._baseclone","version":"2.2.1","description":"The internal Lo-Dash function `baseClone` as a Node.js module generated by lodash-cli.","homepage":"http://lodash.com/custom-builds","license":"MIT","author":{"name":"John-David Dalton","email":"john.david.dalton@gmail.com","url":"http://allyoucanleet.com/"},"contributors":[{"name":"John-David Dalton","email":"john.david.dalton@gmail.com","url":"http://allyoucanleet.com/"},{"name":"Blaine Bublitz","email":"blaine@iceddev.com","url":"http://iceddev.com/"},{"name":"Kit Cambridge","email":"github@kitcambridge.be","url":"http://kitcambridge.be/"},{"name":"Mathias Bynens","email":"mathias@qiwi.be","url":"http://mathiasbynens.be/"}],"bugs":{"url":"https://github.com/lodash/lodash-cli/issues"},"repository":{"type":"git","url":"https://github.com/lodash/lodash-cli.git"},"dependencies":{"lodash.assign":"~2.2.1","lodash.foreach":"~2.2.1","lodash.forown":"~2.2.1","lodash._getarray":"~2.2.1","lodash.isarray":"~2.2.1","lodash.isobject":"~2.2.1","lodash._releasearray":"~2.2.1","lodash._slice":"~2.2.1"},"_id":"lodash._baseclone@2.2.1","dist":{"shasum":"60a33d26109fd85b9cfde63621bd011b666eeb08","tarball":"https://registry.npmjs.org/lodash._baseclone/-/lodash._baseclone-2.2.1.tgz"},"_from":".","_npmVersion":"1.3.11","_npmUser":{"name":"jdalton","email":"john.david.dalton@gmail.com"},"maintainers":[{"name":"jdalton","email":"john.david.dalton@gmail.com"},{"name":"kitcambridge","email":"github@kitcambridge.be"},{"name":"mathias","email":"mathias@qiwi.be"},{"name":"phated","email":"blaine@iceddev.com"}],"directories":{}},"2.3.0":{"name":"lodash._baseclone","version":"2.3.0","description":"The internal Lo-Dash function `baseClone` as a Node.js module generated by lodash-cli.","homepage":"http://lodash.com/custom-builds","license":"MIT","author":{"name":"John-David Dalton","email":"john.david.dalton@gmail.com","url":"http://allyoucanleet.com/"},"contributors":[{"name":"John-David Dalton","email":"john.david.dalton@gmail.com","url":"http://allyoucanleet.com/"},{"name":"Blaine Bublitz","email":"blaine@iceddev.com","url":"http://www.iceddev.com/"},{"name":"Kit Cambridge","email":"github@kitcambridge.be","url":"http://kitcambridge.be/"},{"name":"Mathias Bynens","email":"mathias@qiwi.be","url":"http://mathiasbynens.be/"}],"bugs":{"url":"https://github.com/lodash/lodash-cli/issues"},"repository":{"type":"git","url":"https://github.com/lodash/lodash-cli.git"},"dependencies":{"lodash.assign":"~2.3.0","lodash.foreach":"~2.3.0","lodash.forown":"~2.3.0","lodash._getarray":"~2.3.0","lodash.isarray":"~2.3.0","lodash.isobject":"~2.3.0","lodash._releasearray":"~2.3.0","lodash._slice":"~2.3.0"},"_id":"lodash._baseclone@2.3.0","dist":{"shasum":"d41520f0d5ad887ce291c5bacfef0fb3097f38ac","tarball":"https://registry.npmjs.org/lodash._baseclone/-/lodash._baseclone-2.3.0.tgz"},"_from":".","_npmVersion":"1.3.11","_npmUser":{"name":"jdalton","email":"john.david.dalton@gmail.com"},"maintainers":[{"name":"jdalton","email":"john.david.dalton@gmail.com"},{"name":"kitcambridge","email":"github@kitcambridge.be"},{"name":"mathias","email":"mathias@qiwi.be"},{"name":"phated","email":"blaine@iceddev.com"}],"directories":{}},"2.4.0":{"name":"lodash._baseclone","version":"2.4.0","description":"The internal Lo-Dash function `baseClone` as a Node.js module generated by lodash-cli.","homepage":"http://lodash.com/custom-builds","license":"MIT","author":{"name":"John-David Dalton","email":"john.david.dalton@gmail.com","url":"http://allyoucanleet.com/"},"contributors":[{"name":"John-David Dalton","email":"john.david.dalton@gmail.com","url":"http://allyoucanleet.com/"},{"name":"Blaine Bublitz","email":"blaine@iceddev.com","url":"http://www.iceddev.com/"},{"name":"Kit Cambridge","email":"github@kitcambridge.be","url":"http://kitcambridge.be/"},{"name":"Mathias Bynens","email":"mathias@qiwi.be","url":"http://mathiasbynens.be/"}],"bugs":{"url":"https://github.com/lodash/lodash-cli/issues"},"repository":{"type":"git","url":"https://github.com/lodash/lodash-cli.git"},"dependencies":{"lodash.assign":"~2.4.0","lodash.foreach":"~2.4.0","lodash.forown":"~2.4.0","lodash._getarray":"~2.4.0","lodash.isarray":"~2.4.0","lodash.isobject":"~2.4.0","lodash._releasearray":"~2.4.0","lodash._slice":"~2.4.0"},"_id":"lodash._baseclone@2.4.0","dist":{"shasum":"f5b3a9fc329f02242be11789f93fbee963828156","tarball":"https://registry.npmjs.org/lodash._baseclone/-/lodash._baseclone-2.4.0.tgz"},"_from":".","_npmVersion":"1.3.14","_npmUser":{"name":"jdalton","email":"john.david.dalton@gmail.com"},"maintainers":[{"name":"jdalton","email":"john.david.dalton@gmail.com"},{"name":"kitcambridge","email":"github@kitcambridge.be"},{"name":"mathias","email":"mathias@qiwi.be"},{"name":"phated","email":"blaine@iceddev.com"}],"directories":{}},"2.4.1":{"name":"lodash._baseclone","version":"2.4.1","description":"The internal Lo-Dash function `baseClone` as a Node.js module generated by lodash-cli.","homepage":"http://lodash.com/custom-builds","license":"MIT","author":{"name":"John-David Dalton","email":"john.david.dalton@gmail.com","url":"http://allyoucanleet.com/"},"contributors":[{"name":"John-David Dalton","email":"john.david.dalton@gmail.com","url":"http://allyoucanleet.com/"},{"name":"Blaine Bublitz","email":"blaine@iceddev.com","url":"http://www.iceddev.com/"},{"name":"Kit Cambridge","email":"github@kitcambridge.be","url":"http://kitcambridge.be/"},{"name":"Mathias Bynens","email":"mathias@qiwi.be","url":"http://mathiasbynens.be/"}],"bugs":{"url":"https://github.com/lodash/lodash-cli/issues"},"repository":{"type":"git","url":"https://github.com/lodash/lodash-cli.git"},"dependencies":{"lodash.assign":"~2.4.1","lodash.foreach":"~2.4.1","lodash.forown":"~2.4.1","lodash._getarray":"~2.4.1","lodash.isarray":"~2.4.1","lodash.isobject":"~2.4.1","lodash._releasearray":"~2.4.1","lodash._slice":"~2.4.1"},"_id":"lodash._baseclone@2.4.1","dist":{"shasum":"30f823e57e17e3735d383bd62b60b387543b4186","tarball":"https://registry.npmjs.org/lodash._baseclone/-/lodash._baseclone-2.4.1.tgz"},"_from":".","_npmVersion":"1.3.14","_npmUser":{"name":"jdalton","email":"john.david.dalton@gmail.com"},"maintainers":[{"name":"jdalton","email":"john.david.dalton@gmail.com"},{"name":"kitcambridge","email":"github@kitcambridge.be"},{"name":"mathias","email":"mathias@qiwi.be"},{"name":"phated","email":"blaine@iceddev.com"}],"directories":{}},"3.0.0":{"name":"lodash._baseclone","version":"3.0.0","description":"The modern build of lodash’s internal `baseClone` as a module.","homepage":"https://lodash.com/","icon":"https://lodash.com/icon.svg","license":"MIT","author":{"name":"John-David Dalton","email":"john.david.dalton@gmail.com","url":"http://allyoucanleet.com/"},"contributors":[{"name":"John-David Dalton","email":"john.david.dalton@gmail.com","url":"http://allyoucanleet.com/"},{"name":"Benjamin Tan","email":"demoneaux@gmail.com","url":"https://d10.github.io/"},{"name":"Blaine Bublitz","email":"blaine@iceddev.com","url":"http://www.iceddev.com/"},{"name":"Kit Cambridge","email":"github@kitcambridge.be","url":"http://kitcambridge.be/"},{"name":"Mathias Bynens","email":"mathias@qiwi.be","url":"https://mathiasbynens.be/"}],"repository":{"type":"git","url":"https://github.com/lodash/lodash"},"scripts":{"test":"echo \"See https://travis-ci.org/lodash/lodash-cli for testing details.\""},"dependencies":{"lodash._arraycopy":"^3.0.0","lodash._arrayeach":"^3.0.0","lodash._basecopy":"^3.0.0","lodash._basefor":"^3.0.0","lodash.isarray":"^3.0.0","lodash.isnative":"^3.0.0","lodash.keys":"^3.0.0"},"bugs":{"url":"https://github.com/lodash/lodash/issues"},"_id":"lodash._baseclone@3.0.0","_shasum":"1a79a31e01fdb018a2366ccc63ecd94ee980a7da","_from":".","_npmVersion":"2.3.0","_nodeVersion":"0.10.35","_npmUser":{"name":"jdalton","email":"john.david.dalton@gmail.com"},"maintainers":[{"name":"jdalton","email":"john.david.dalton@gmail.com"},{"name":"kitcambridge","email":"github@kitcambridge.be"},{"name":"mathias","email":"mathias@qiwi.be"},{"name":"phated","email":"blaine@iceddev.com"}],"dist":{"shasum":"1a79a31e01fdb018a2366ccc63ecd94ee980a7da","tarball":"https://registry.npmjs.org/lodash._baseclone/-/lodash._baseclone-3.0.0.tgz"},"directories":{}},"3.0.1":{"name":"lodash._baseclone","version":"3.0.1","description":"The modern build of lodash’s internal `baseClone` as a module.","homepage":"https://lodash.com/","icon":"https://lodash.com/icon.svg","license":"MIT","author":{"name":"John-David Dalton","email":"john.david.dalton@gmail.com","url":"http://allyoucanleet.com/"},"contributors":[{"name":"John-David Dalton","email":"john.david.dalton@gmail.com","url":"http://allyoucanleet.com/"},{"name":"Benjamin Tan","email":"demoneaux@gmail.com","url":"https://d10.github.io/"},{"name":"Blaine Bublitz","email":"blaine@iceddev.com","url":"http://www.iceddev.com/"},{"name":"Kit Cambridge","email":"github@kitcambridge.be","url":"http://kitcambridge.be/"},{"name":"Mathias Bynens","email":"mathias@qiwi.be","url":"https://mathiasbynens.be/"}],"repository":{"type":"git","url":"https://github.com/lodash/lodash"},"scripts":{"test":"echo \"See https://travis-ci.org/lodash/lodash-cli for testing details.\""},"dependencies":{"lodash._arraycopy":"^3.0.0","lodash._arrayeach":"^3.0.0","lodash._basecopy":"^3.0.0","lodash._basefor":"^3.0.0","lodash.isarray":"^3.0.0","lodash.isnative":"^3.0.0","lodash.keys":"^3.0.0"},"bugs":{"url":"https://github.com/lodash/lodash/issues"},"_id":"lodash._baseclone@3.0.1","_shasum":"55f665b86f9dd9973f88e35cd36a5f144ba630c4","_from":".","_npmVersion":"2.7.3","_nodeVersion":"0.12.0","_npmUser":{"name":"jdalton","email":"john.david.dalton@gmail.com"},"maintainers":[{"name":"jdalton","email":"john.david.dalton@gmail.com"},{"name":"kitcambridge","email":"github@kitcambridge.be"},{"name":"mathias","email":"mathias@qiwi.be"},{"name":"phated","email":"blaine@iceddev.com"},{"name":"d10","email":"demoneaux@gmail.com"}],"dist":{"shasum":"55f665b86f9dd9973f88e35cd36a5f144ba630c4","tarball":"https://registry.npmjs.org/lodash._baseclone/-/lodash._baseclone-3.0.1.tgz"},"directories":{}},"3.1.0":{"name":"lodash._baseclone","version":"3.1.0","description":"The modern build of lodash’s internal `baseClone` as a module.","homepage":"https://lodash.com/","icon":"https://lodash.com/icon.svg","license":"MIT","author":{"name":"John-David Dalton","email":"john.david.dalton@gmail.com","url":"http://allyoucanleet.com/"},"contributors":[{"name":"John-David Dalton","email":"john.david.dalton@gmail.com","url":"http://allyoucanleet.com/"},{"name":"Benjamin Tan","email":"demoneaux@gmail.com","url":"https://d10.github.io/"},{"name":"Blaine Bublitz","email":"blaine@iceddev.com","url":"http://www.iceddev.com/"},{"name":"Kit Cambridge","email":"github@kitcambridge.be","url":"http://kitcambridge.be/"},{"name":"Mathias Bynens","email":"mathias@qiwi.be","url":"https://mathiasbynens.be/"}],"repository":{"type":"git","url":"https://github.com/lodash/lodash"},"scripts":{"test":"echo \"See https://travis-ci.org/lodash/lodash-cli for testing details.\""},"dependencies":{"lodash._arraycopy":"^3.0.0","lodash._arrayeach":"^3.0.0","lodash._baseassign":"^3.0.0","lodash._basefor":"^3.0.0","lodash.isarray":"^3.0.0","lodash.isnative":"^3.0.0","lodash.keys":"^3.0.0"},"bugs":{"url":"https://github.com/lodash/lodash/issues"},"_id":"lodash._baseclone@3.1.0","_shasum":"4a4efda53ba0c79683e405be14af6e37d7e45852","_from":".","_npmVersion":"2.7.6","_nodeVersion":"0.12.2","_npmUser":{"name":"jdalton","email":"john.david.dalton@gmail.com"},"maintainers":[{"name":"jdalton","email":"john.david.dalton@gmail.com"},{"name":"kitcambridge","email":"github@kitcambridge.be"},{"name":"mathias","email":"mathias@qiwi.be"},{"name":"phated","email":"blaine@iceddev.com"},{"name":"d10","email":"demoneaux@gmail.com"}],"dist":{"shasum":"4a4efda53ba0c79683e405be14af6e37d7e45852","tarball":"https://registry.npmjs.org/lodash._baseclone/-/lodash._baseclone-3.1.0.tgz"},"directories":{}},"3.2.0":{"name":"lodash._baseclone","version":"3.2.0","description":"The modern build of lodash’s internal `baseClone` as a module.","homepage":"https://lodash.com/","icon":"https://lodash.com/icon.svg","license":"MIT","author":{"name":"John-David Dalton","email":"john.david.dalton@gmail.com","url":"http://allyoucanleet.com/"},"contributors":[{"name":"John-David Dalton","email":"john.david.dalton@gmail.com","url":"http://allyoucanleet.com/"},{"name":"Benjamin Tan","email":"demoneaux@gmail.com","url":"https://d10.github.io/"},{"name":"Blaine Bublitz","email":"blaine@iceddev.com","url":"http://www.iceddev.com/"},{"name":"Kit Cambridge","email":"github@kitcambridge.be","url":"http://kitcambridge.be/"},{"name":"Mathias Bynens","email":"mathias@qiwi.be","url":"https://mathiasbynens.be/"}],"repository":{"type":"git","url":"git+https://github.com/lodash/lodash.git"},"scripts":{"test":"echo \"See https://travis-ci.org/lodash/lodash-cli for testing details.\""},"dependencies":{"lodash._arraycopy":"^3.0.0","lodash._arrayeach":"^3.0.0","lodash._baseassign":"^3.0.0","lodash._basefor":"^3.0.0","lodash._getnative":"^3.0.0","lodash.isarray":"^3.0.0","lodash.keys":"^3.0.0"},"bugs":{"url":"https://github.com/lodash/lodash/issues"},"_id":"lodash._baseclone@3.2.0","_shasum":"4f5f812a14e34a5b6eaf12979591217404e86ace","_from":".","_npmVersion":"2.10.0","_nodeVersion":"0.12.3","_npmUser":{"name":"jdalton","email":"john.david.dalton@gmail.com"},"maintainers":[{"name":"jdalton","email":"john.david.dalton@gmail.com"},{"name":"kitcambridge","email":"github@kitcambridge.be"},{"name":"mathias","email":"mathias@qiwi.be"},{"name":"phated","email":"blaine@iceddev.com"},{"name":"d10","email":"demoneaux@gmail.com"}],"dist":{"shasum":"4f5f812a14e34a5b6eaf12979591217404e86ace","tarball":"https://registry.npmjs.org/lodash._baseclone/-/lodash._baseclone-3.2.0.tgz"},"directories":{}},"3.2.1":{"name":"lodash._baseclone","version":"3.2.1","description":"The modern build of lodash’s internal `baseClone` as a module.","homepage":"https://lodash.com/","icon":"https://lodash.com/icon.svg","license":"MIT","author":{"name":"John-David Dalton","email":"john.david.dalton@gmail.com","url":"http://allyoucanleet.com/"},"contributors":[{"name":"John-David Dalton","email":"john.david.dalton@gmail.com","url":"http://allyoucanleet.com/"},{"name":"Benjamin Tan","email":"demoneaux@gmail.com","url":"https://d10.github.io/"},{"name":"Blaine Bublitz","email":"blaine@iceddev.com","url":"http://www.iceddev.com/"},{"name":"Kit Cambridge","email":"github@kitcambridge.be","url":"http://kitcambridge.be/"},{"name":"Mathias Bynens","email":"mathias@qiwi.be","url":"https://mathiasbynens.be/"}],"repository":{"type":"git","url":"git+https://github.com/lodash/lodash.git"},"scripts":{"test":"echo \"See https://travis-ci.org/lodash/lodash-cli for testing details.\""},"dependencies":{"lodash._arraycopy":"^3.0.0","lodash._arrayeach":"^3.0.0","lodash._baseassign":"^3.0.0","lodash._basefor":"^3.0.0","lodash._getnative":"^3.0.0","lodash.isarray":"^3.0.0","lodash.keys":"^3.0.0"},"bugs":{"url":"https://github.com/lodash/lodash/issues"},"_id":"lodash._baseclone@3.2.1","_shasum":"ea43b27b053e7c7b01185f8d120faf38d9facc0c","_from":".","_npmVersion":"2.9.0","_nodeVersion":"2.0.2","_npmUser":{"name":"jdalton","email":"john.david.dalton@gmail.com"},"maintainers":[{"name":"jdalton","email":"john.david.dalton@gmail.com"},{"name":"kitcambridge","email":"github@kitcambridge.be"},{"name":"mathias","email":"mathias@qiwi.be"},{"name":"phated","email":"blaine@iceddev.com"},{"name":"d10","email":"demoneaux@gmail.com"}],"dist":{"shasum":"ea43b27b053e7c7b01185f8d120faf38d9facc0c","tarball":"https://registry.npmjs.org/lodash._baseclone/-/lodash._baseclone-3.2.1.tgz"},"directories":{}},"3.3.0":{"name":"lodash._baseclone","version":"3.3.0","description":"The modern build of lodash’s internal `baseClone` as a module.","homepage":"https://lodash.com/","icon":"https://lodash.com/icon.svg","license":"MIT","author":{"name":"John-David Dalton","email":"john.david.dalton@gmail.com","url":"http://allyoucanleet.com/"},"contributors":[{"name":"John-David Dalton","email":"john.david.dalton@gmail.com","url":"http://allyoucanleet.com/"},{"name":"Benjamin Tan","email":"demoneaux@gmail.com","url":"https://d10.github.io/"},{"name":"Blaine Bublitz","email":"blaine@iceddev.com","url":"http://www.iceddev.com/"},{"name":"Kit Cambridge","email":"github@kitcambridge.be","url":"http://kitcambridge.be/"},{"name":"Mathias Bynens","email":"mathias@qiwi.be","url":"https://mathiasbynens.be/"}],"repository":{"type":"git","url":"git+https://github.com/lodash/lodash.git"},"scripts":{"test":"echo \"See https://travis-ci.org/lodash/lodash-cli for testing details.\""},"dependencies":{"lodash._arraycopy":"^3.0.0","lodash._arrayeach":"^3.0.0","lodash._baseassign":"^3.0.0","lodash._basefor":"^3.0.0","lodash.isarray":"^3.0.0","lodash.keys":"^3.0.0"},"bugs":{"url":"https://github.com/lodash/lodash/issues"},"_id":"lodash._baseclone@3.3.0","_shasum":"303519bf6393fe7e42f34d8b630ef7794e3542b7","_from":".","_npmVersion":"2.12.0","_nodeVersion":"0.12.5","_npmUser":{"name":"jdalton","email":"john.david.dalton@gmail.com"},"maintainers":[{"name":"jdalton","email":"john.david.dalton@gmail.com"},{"name":"kitcambridge","email":"github@kitcambridge.be"},{"name":"mathias","email":"mathias@qiwi.be"},{"name":"phated","email":"blaine@iceddev.com"},{"name":"d10","email":"demoneaux@gmail.com"}],"dist":{"shasum":"303519bf6393fe7e42f34d8b630ef7794e3542b7","tarball":"https://registry.npmjs.org/lodash._baseclone/-/lodash._baseclone-3.3.0.tgz"},"directories":{}},"4.5.0":{"name":"lodash._baseclone","version":"4.5.0","description":"The internal lodash function `baseClone` exported as a module.","homepage":"https://lodash.com/","icon":"https://lodash.com/icon.svg","license":"MIT","author":{"name":"John-David Dalton","email":"john.david.dalton@gmail.com","url":"http://allyoucanleet.com/"},"contributors":[{"name":"John-David Dalton","email":"john.david.dalton@gmail.com","url":"http://allyoucanleet.com/"},{"name":"Blaine Bublitz","email":"blaine@iceddev.com","url":"https://github.com/phated"},{"name":"Mathias Bynens","email":"mathias@qiwi.be","url":"https://mathiasbynens.be/"}],"repository":{"type":"git","url":"git+https://github.com/lodash/lodash.git"},"scripts":{"test":"echo \"See https://travis-ci.org/lodash/lodash-cli for testing details.\""},"bugs":{"url":"https://github.com/lodash/lodash/issues"},"_id":"lodash._baseclone@4.5.0","_shasum":"7151156490611a4f6c26164a4be49866da683b2c","_from":".","_npmVersion":"2.14.18","_nodeVersion":"5.5.0","_npmUser":{"name":"jdalton","email":"john.david.dalton@gmail.com"},"dist":{"shasum":"7151156490611a4f6c26164a4be49866da683b2c","tarball":"https://registry.npmjs.org/lodash._baseclone/-/lodash._baseclone-4.5.0.tgz"},"maintainers":[{"name":"jdalton","email":"john.david.dalton@gmail.com"},{"name":"mathias","email":"mathias@qiwi.be"},{"name":"phated","email":"blaine@iceddev.com"}],"_npmOperationalInternal":{"host":"packages-5-east.internal.npmjs.com","tmp":"tmp/lodash._baseclone-4.5.0.tgz_1455699893509_0.9360828644130379"},"directories":{}},"4.5.1":{"name":"lodash._baseclone","version":"4.5.1","description":"The internal lodash function `baseClone` exported as a module.","homepage":"https://lodash.com/","icon":"https://lodash.com/icon.svg","license":"MIT","author":{"name":"John-David Dalton","email":"john.david.dalton@gmail.com","url":"http://allyoucanleet.com/"},"contributors":[{"name":"John-David Dalton","email":"john.david.dalton@gmail.com","url":"http://allyoucanleet.com/"},{"name":"Blaine Bublitz","email":"blaine@iceddev.com","url":"https://github.com/phated"},{"name":"Mathias Bynens","email":"mathias@qiwi.be","url":"https://mathiasbynens.be/"}],"repository":{"type":"git","url":"git+https://github.com/lodash/lodash.git"},"scripts":{"test":"echo \"See https://travis-ci.org/lodash/lodash-cli for testing details.\""},"bugs":{"url":"https://github.com/lodash/lodash/issues"},"_id":"lodash._baseclone@4.5.1","_shasum":"6e74ec2f0f133bfdb6f44c83f3e000e0d6fc7edf","_from":".","_npmVersion":"2.14.17","_nodeVersion":"5.5.0","_npmUser":{"name":"jdalton","email":"john.david.dalton@gmail.com"},"dist":{"shasum":"6e74ec2f0f133bfdb6f44c83f3e000e0d6fc7edf","tarball":"https://registry.npmjs.org/lodash._baseclone/-/lodash._baseclone-4.5.1.tgz"},"maintainers":[{"name":"jdalton","email":"john.david.dalton@gmail.com"},{"name":"mathias","email":"mathias@qiwi.be"},{"name":"phated","email":"blaine@iceddev.com"}],"_npmOperationalInternal":{"host":"packages-9-west.internal.npmjs.com","tmp":"tmp/lodash._baseclone-4.5.1.tgz_1456330749923_0.3995660503860563"},"directories":{}},"4.5.2":{"name":"lodash._baseclone","version":"4.5.2","description":"The internal lodash function `baseClone` exported as a module.","homepage":"https://lodash.com/","icon":"https://lodash.com/icon.svg","license":"MIT","author":{"name":"John-David Dalton","email":"john.david.dalton@gmail.com","url":"http://allyoucanleet.com/"},"contributors":[{"name":"John-David Dalton","email":"john.david.dalton@gmail.com","url":"http://allyoucanleet.com/"},{"name":"Blaine Bublitz","email":"blaine.bublitz@gmail.com","url":"https://github.com/phated"},{"name":"Mathias Bynens","email":"mathias@qiwi.be","url":"https://mathiasbynens.be/"}],"repository":{"type":"git","url":"git+https://github.com/lodash/lodash.git"},"scripts":{"test":"echo \"See https://travis-ci.org/lodash/lodash-cli for testing details.\""},"bugs":{"url":"https://github.com/lodash/lodash/issues"},"_id":"lodash._baseclone@4.5.2","_shasum":"6e563d8901579c27237177854c847eb00cff9482","_from":".","_npmVersion":"2.14.17","_nodeVersion":"5.5.0","_npmUser":{"name":"jdalton","email":"john.david.dalton@gmail.com"},"dist":{"shasum":"6e563d8901579c27237177854c847eb00cff9482","tarball":"https://registry.npmjs.org/lodash._baseclone/-/lodash._baseclone-4.5.2.tgz"},"maintainers":[{"name":"jdalton","email":"john.david.dalton@gmail.com"},{"name":"mathias","email":"mathias@qiwi.be"},{"name":"phated","email":"blaine@iceddev.com"}],"_npmOperationalInternal":{"host":"packages-12-west.internal.npmjs.com","tmp":"tmp/lodash._baseclone-4.5.2.tgz_1456896409514_0.09557431028224528"},"directories":{}},"4.5.3":{"name":"lodash._baseclone","version":"4.5.3","description":"The internal lodash function `baseClone` exported as a module.","homepage":"https://lodash.com/","icon":"https://lodash.com/icon.svg","license":"MIT","author":{"name":"John-David Dalton","email":"john.david.dalton@gmail.com","url":"http://allyoucanleet.com/"},"contributors":[{"name":"John-David Dalton","email":"john.david.dalton@gmail.com","url":"http://allyoucanleet.com/"},{"name":"Blaine Bublitz","email":"blaine.bublitz@gmail.com","url":"https://github.com/phated"},{"name":"Mathias Bynens","email":"mathias@qiwi.be","url":"https://mathiasbynens.be/"}],"repository":{"type":"git","url":"git+https://github.com/lodash/lodash.git"},"scripts":{"test":"echo \"See https://travis-ci.org/lodash/lodash-cli for testing details.\""},"bugs":{"url":"https://github.com/lodash/lodash/issues"},"_id":"lodash._baseclone@4.5.3","_shasum":"c3f6df594c44c16012f9ecd59e58d5f70d3d72e2","_from":".","_npmVersion":"2.14.17","_nodeVersion":"5.5.0","_npmUser":{"name":"jdalton","email":"john.david.dalton@gmail.com"},"dist":{"shasum":"c3f6df594c44c16012f9ecd59e58d5f70d3d72e2","tarball":"https://registry.npmjs.org/lodash._baseclone/-/lodash._baseclone-4.5.3.tgz"},"maintainers":[{"name":"jdalton","email":"john.david.dalton@gmail.com"},{"name":"mathias","email":"mathias@qiwi.be"},{"name":"phated","email":"blaine@iceddev.com"}],"_npmOperationalInternal":{"host":"packages-12-west.internal.npmjs.com","tmp":"tmp/lodash._baseclone-4.5.3.tgz_1456902628287_0.513930449495092"},"directories":{}},"4.5.4":{"name":"lodash._baseclone","version":"4.5.4","description":"The internal lodash function `baseClone` exported as a module.","homepage":"https://lodash.com/","icon":"https://lodash.com/icon.svg","license":"MIT","author":{"name":"John-David Dalton","email":"john.david.dalton@gmail.com","url":"http://allyoucanleet.com/"},"contributors":[{"name":"John-David Dalton","email":"john.david.dalton@gmail.com","url":"http://allyoucanleet.com/"},{"name":"Blaine Bublitz","email":"blaine.bublitz@gmail.com","url":"https://github.com/phated"},{"name":"Mathias Bynens","email":"mathias@qiwi.be","url":"https://mathiasbynens.be/"}],"repository":{"type":"git","url":"git+https://github.com/lodash/lodash.git"},"scripts":{"test":"echo \"See https://travis-ci.org/lodash/lodash-cli for testing details.\""},"bugs":{"url":"https://github.com/lodash/lodash/issues"},"_id":"lodash._baseclone@4.5.4","_shasum":"71ebdc3f5483eb5fd21b11738e583f9017a3882e","_from":".","_npmVersion":"2.15.2","_nodeVersion":"5.9.1","_npmUser":{"name":"jdalton","email":"john.david.dalton@gmail.com"},"dist":{"shasum":"71ebdc3f5483eb5fd21b11738e583f9017a3882e","tarball":"https://registry.npmjs.org/lodash._baseclone/-/lodash._baseclone-4.5.4.tgz"},"maintainers":[{"name":"jdalton","email":"john.david.dalton@gmail.com"},{"name":"mathias","email":"mathias@qiwi.be"},{"name":"phated","email":"blaine@iceddev.com"}],"_npmOperationalInternal":{"host":"packages-12-west.internal.npmjs.com","tmp":"tmp/lodash._baseclone-4.5.4.tgz_1459655200536_0.4542663577012718"},"directories":{}},"4.5.5":{"name":"lodash._baseclone","version":"4.5.5","description":"The internal lodash function `baseClone` exported as a module.","homepage":"https://lodash.com/","icon":"https://lodash.com/icon.svg","license":"MIT","author":{"name":"John-David Dalton","email":"john.david.dalton@gmail.com","url":"http://allyoucanleet.com/"},"contributors":[{"name":"John-David Dalton","email":"john.david.dalton@gmail.com","url":"http://allyoucanleet.com/"},{"name":"Blaine Bublitz","email":"blaine.bublitz@gmail.com","url":"https://github.com/phated"},{"name":"Mathias Bynens","email":"mathias@qiwi.be","url":"https://mathiasbynens.be/"}],"repository":{"type":"git","url":"git+https://github.com/lodash/lodash.git"},"scripts":{"test":"echo \"See https://travis-ci.org/lodash/lodash-cli for testing details.\""},"bugs":{"url":"https://github.com/lodash/lodash/issues"},"_id":"lodash._baseclone@4.5.5","_shasum":"a43d4b77d1bde225a4fff3793e0c3a49e975e157","_from":".","_npmVersion":"3.8.5","_nodeVersion":"5.5.0","_npmUser":{"name":"jdalton","email":"john.david.dalton@gmail.com"},"dist":{"shasum":"a43d4b77d1bde225a4fff3793e0c3a49e975e157","tarball":"https://registry.npmjs.org/lodash._baseclone/-/lodash._baseclone-4.5.5.tgz"},"maintainers":[{"name":"jdalton","email":"john.david.dalton@gmail.com"},{"name":"mathias","email":"mathias@qiwi.be"},{"name":"phated","email":"blaine@iceddev.com"}],"_npmOperationalInternal":{"host":"packages-12-west.internal.npmjs.com","tmp":"tmp/lodash._baseclone-4.5.5.tgz_1460126495505_0.10392482415772974"},"directories":{}},"4.5.6":{"name":"lodash._baseclone","version":"4.5.6","description":"The internal lodash function `baseClone` exported as a module.","homepage":"https://lodash.com/","icon":"https://lodash.com/icon.svg","license":"MIT","author":{"name":"John-David Dalton","email":"john.david.dalton@gmail.com","url":"http://allyoucanleet.com/"},"contributors":[{"name":"John-David Dalton","email":"john.david.dalton@gmail.com","url":"http://allyoucanleet.com/"},{"name":"Blaine Bublitz","email":"blaine.bublitz@gmail.com","url":"https://github.com/phated"},{"name":"Mathias Bynens","email":"mathias@qiwi.be","url":"https://mathiasbynens.be/"}],"repository":{"type":"git","url":"git+https://github.com/lodash/lodash.git"},"scripts":{"test":"echo \"See https://travis-ci.org/lodash/lodash-cli for testing details.\""},"bugs":{"url":"https://github.com/lodash/lodash/issues"},"_id":"lodash._baseclone@4.5.6","_shasum":"32cfe7055cc2ef316eb463c8556369055c7dd168","_from":".","_npmVersion":"2.15.3","_nodeVersion":"5.5.0","_npmUser":{"name":"jdalton","email":"john.david.dalton@gmail.com"},"dist":{"shasum":"32cfe7055cc2ef316eb463c8556369055c7dd168","tarball":"https://registry.npmjs.org/lodash._baseclone/-/lodash._baseclone-4.5.6.tgz"},"maintainers":[{"name":"jdalton","email":"john.david.dalton@gmail.com"},{"name":"mathias","email":"mathias@qiwi.be"},{"name":"phated","email":"blaine@iceddev.com"}],"_npmOperationalInternal":{"host":"packages-12-west.internal.npmjs.com","tmp":"tmp/lodash._baseclone-4.5.6.tgz_1460561769526_0.5622972743585706"},"directories":{}},"4.5.7":{"name":"lodash._baseclone","version":"4.5.7","description":"The internal lodash function `baseClone` exported as a module.","homepage":"https://lodash.com/","icon":"https://lodash.com/icon.svg","license":"MIT","author":{"name":"John-David Dalton","email":"john.david.dalton@gmail.com","url":"http://allyoucanleet.com/"},"contributors":[{"name":"John-David Dalton","email":"john.david.dalton@gmail.com","url":"http://allyoucanleet.com/"},{"name":"Blaine Bublitz","email":"blaine.bublitz@gmail.com","url":"https://github.com/phated"},{"name":"Mathias Bynens","email":"mathias@qiwi.be","url":"https://mathiasbynens.be/"}],"repository":{"type":"git","url":"git+https://github.com/lodash/lodash.git"},"scripts":{"test":"echo \"See https://travis-ci.org/lodash/lodash-cli for testing details.\""},"bugs":{"url":"https://github.com/lodash/lodash/issues"},"_id":"lodash._baseclone@4.5.7","_shasum":"ce42ade08384ef5d62fa77c30f61a46e686f8434","_from":".","_npmVersion":"2.15.5","_nodeVersion":"5.5.0","_npmUser":{"name":"jdalton","email":"john.david.dalton@gmail.com"},"dist":{"shasum":"ce42ade08384ef5d62fa77c30f61a46e686f8434","tarball":"https://registry.npmjs.org/lodash._baseclone/-/lodash._baseclone-4.5.7.tgz"},"maintainers":[{"name":"jdalton","email":"john.david.dalton@gmail.com"},{"name":"mathias","email":"mathias@qiwi.be"},{"name":"phated","email":"blaine@iceddev.com"}],"_npmOperationalInternal":{"host":"packages-16-east.internal.npmjs.com","tmp":"tmp/lodash._baseclone-4.5.7.tgz_1463061994701_0.881379229016602"},"directories":{}}},"readme":"# lodash._baseclone v4.5.7\n\nThe internal [lodash](https://lodash.com/) function `baseClone` exported as a [Node.js](https://nodejs.org/) module.\n\n## Installation\n\nUsing npm:\n```bash\n$ {sudo -H} npm i -g npm\n$ npm i --save lodash._baseclone\n```\n\nIn Node.js:\n```js\nvar baseClone = require('lodash._baseclone');\n```\n\nSee the [package source](https://github.com/lodash/lodash/blob/4.5.7-npm-packages/lodash._baseclone) for more details.\n","maintainers":[{"name":"jdalton","email":"john.david.dalton@gmail.com"},{"name":"mathias","email":"mathias@qiwi.be"}],"time":{"modified":"2016-10-06T16:54:26.885Z","created":"2013-09-23T06:26:34.262Z","2.0.0":"2013-09-23T07:26:10.046Z","2.1.0":"2013-09-23T07:46:12.856Z","2.2.0":"2013-09-29T22:05:32.904Z","2.2.1":"2013-10-03T18:46:31.116Z","2.3.0":"2013-11-11T16:43:43.802Z","2.4.0":"2013-11-26T19:53:26.390Z","2.4.1":"2013-12-03T17:07:05.134Z","3.0.0":"2015-01-26T15:27:50.805Z","3.0.1":"2015-03-25T23:29:11.321Z","3.1.0":"2015-04-16T16:26:20.628Z","3.2.0":"2015-05-19T19:44:03.285Z","3.2.1":"2015-05-19T21:21:16.056Z","3.3.0":"2015-06-30T15:14:51.200Z","4.5.0":"2016-02-17T09:04:57.039Z","4.5.1":"2016-02-24T16:19:10.607Z","4.5.2":"2016-03-02T05:26:50.039Z","4.5.3":"2016-03-02T07:10:28.844Z","4.5.4":"2016-04-03T03:46:41.144Z","4.5.5":"2016-04-08T14:41:36.012Z","4.5.6":"2016-04-13T15:36:10.072Z","4.5.7":"2016-05-12T14:06:37.600Z"},"author":{"name":"John-David Dalton","email":"john.david.dalton@gmail.com","url":"http://allyoucanleet.com/"},"repository":{"type":"git","url":"git+https://github.com/lodash/lodash.git"},"users":{"fgribreau":true},"homepage":"https://lodash.com/","contributors":[{"name":"John-David Dalton","email":"john.david.dalton@gmail.com","url":"http://allyoucanleet.com/"},{"name":"Blaine Bublitz","email":"blaine.bublitz@gmail.com","url":"https://github.com/phated"},{"name":"Mathias Bynens","email":"mathias@qiwi.be","url":"https://mathiasbynens.be/"}],"bugs":{"url":"https://github.com/lodash/lodash/issues"},"license":"MIT","readmeFilename":"README.md","_attachments":{},"_etag":"W/\"21bf62586700bbb629e52bec91447f94\"","_lastModified":"Sun, 27 May 2018 06:58:02 GMT"}