{"_id":"abbrev","_rev":"59-78c667300103e2c74074a48f5b57c358","name":"abbrev","dist-tags":{"latest":"1.1.1"},"versions":{"1.0.3":{"name":"abbrev","version":"1.0.3","description":"Like ruby's abbrev module, but in js","author":{"name":"Isaac Z. Schlueter","email":"i@izs.me"},"main":"./lib/abbrev.js","scripts":{"test":"node lib/abbrev.js"},"repository":{"type":"git","url":"git://github.com/isaacs/abbrev-js.git"},"_id":"abbrev@1.0.3","engines":{"node":"*"},"_engineSupported":true,"_npmVersion":"1.0.0rc7","_nodeVersion":"v0.5.0-pre","_defaultsLoaded":true,"dist":{"shasum":"aa049c967f999222aa42e14434f0c562ef468241","tarball":"https://registry.npmjs.org/abbrev/-/abbrev-1.0.3.tgz"},"directories":{}},"1.0.4":{"name":"abbrev","version":"1.0.4","description":"Like ruby's abbrev module, but in js","author":{"name":"Isaac Z. Schlueter","email":"i@izs.me"},"main":"./lib/abbrev.js","scripts":{"test":"node lib/abbrev.js"},"repository":{"type":"git","url":"http://github.com/isaacs/abbrev-js"},"license":{"type":"MIT","url":"https://github.com/isaacs/abbrev-js/raw/master/LICENSE"},"_id":"abbrev@1.0.4","dist":{"shasum":"bd55ae5e413ba1722ee4caba1f6ea10414a59ecd","tarball":"https://registry.npmjs.org/abbrev/-/abbrev-1.0.4.tgz"},"_npmVersion":"1.1.70","_npmUser":{"name":"isaacs","email":"i@izs.me"},"maintainers":[{"name":"isaacs","email":"i@izs.me"}],"directories":{}},"1.0.5":{"name":"abbrev","version":"1.0.5","description":"Like ruby's abbrev module, but in js","author":{"name":"Isaac Z. Schlueter","email":"i@izs.me"},"main":"abbrev.js","scripts":{"test":"node test.js"},"repository":{"type":"git","url":"http://github.com/isaacs/abbrev-js"},"license":{"type":"MIT","url":"https://github.com/isaacs/abbrev-js/raw/master/LICENSE"},"bugs":{"url":"https://github.com/isaacs/abbrev-js/issues"},"homepage":"https://github.com/isaacs/abbrev-js","_id":"abbrev@1.0.5","_shasum":"5d8257bd9ebe435e698b2fa431afde4fe7b10b03","_from":".","_npmVersion":"1.4.7","_npmUser":{"name":"isaacs","email":"i@izs.me"},"maintainers":[{"name":"isaacs","email":"i@izs.me"}],"dist":{"shasum":"5d8257bd9ebe435e698b2fa431afde4fe7b10b03","tarball":"https://registry.npmjs.org/abbrev/-/abbrev-1.0.5.tgz"},"directories":{}},"1.0.6":{"name":"abbrev","version":"1.0.6","description":"Like ruby's abbrev module, but in js","author":{"name":"Isaac Z. Schlueter","email":"i@izs.me"},"main":"abbrev.js","scripts":{"test":"node test.js"},"repository":{"type":"git","url":"git+ssh://git@github.com/isaacs/abbrev-js.git"},"license":"ISC","gitHead":"648a6735d9c5a7a04885e3ada49eed4db36181c2","bugs":{"url":"https://github.com/isaacs/abbrev-js/issues"},"homepage":"https://github.com/isaacs/abbrev-js#readme","_id":"abbrev@1.0.6","_shasum":"b6d632b859b3fa2d6f7e4b195472461b9e32dc30","_from":".","_npmVersion":"2.10.0","_nodeVersion":"2.0.1","_npmUser":{"name":"isaacs","email":"isaacs@npmjs.com"},"dist":{"shasum":"b6d632b859b3fa2d6f7e4b195472461b9e32dc30","tarball":"https://registry.npmjs.org/abbrev/-/abbrev-1.0.6.tgz"},"maintainers":[{"name":"isaacs","email":"i@izs.me"}],"directories":{}},"1.0.7":{"name":"abbrev","version":"1.0.7","description":"Like ruby's abbrev module, but in js","author":{"name":"Isaac Z. Schlueter","email":"i@izs.me"},"main":"abbrev.js","scripts":{"test":"tap test.js --cov"},"repository":{"type":"git","url":"git+ssh://git@github.com/isaacs/abbrev-js.git"},"license":"ISC","devDependencies":{"tap":"^1.2.0"},"gitHead":"821d09ce7da33627f91bbd8ed631497ed6f760c2","bugs":{"url":"https://github.com/isaacs/abbrev-js/issues"},"homepage":"https://github.com/isaacs/abbrev-js#readme","_id":"abbrev@1.0.7","_shasum":"5b6035b2ee9d4fb5cf859f08a9be81b208491843","_from":".","_npmVersion":"2.10.1","_nodeVersion":"2.0.1","_npmUser":{"name":"isaacs","email":"isaacs@npmjs.com"},"dist":{"shasum":"5b6035b2ee9d4fb5cf859f08a9be81b208491843","tarball":"https://registry.npmjs.org/abbrev/-/abbrev-1.0.7.tgz"},"maintainers":[{"name":"isaacs","email":"i@izs.me"}],"directories":{}},"1.0.9":{"name":"abbrev","version":"1.0.9","description":"Like ruby's abbrev module, but in js","author":{"name":"Isaac Z. Schlueter","email":"i@izs.me"},"main":"abbrev.js","scripts":{"test":"tap test.js --cov"},"repository":{"type":"git","url":"git+ssh://git@github.com/isaacs/abbrev-js.git"},"license":"ISC","devDependencies":{"tap":"^5.7.2"},"files":["abbrev.js"],"gitHead":"c386cd9dbb1d8d7581718c54d4ba944cc9298d6f","bugs":{"url":"https://github.com/isaacs/abbrev-js/issues"},"homepage":"https://github.com/isaacs/abbrev-js#readme","_id":"abbrev@1.0.9","_shasum":"91b4792588a7738c25f35dd6f63752a2f8776135","_from":".","_npmVersion":"3.9.1","_nodeVersion":"4.4.4","_npmUser":{"name":"isaacs","email":"i@izs.me"},"dist":{"shasum":"91b4792588a7738c25f35dd6f63752a2f8776135","tarball":"https://registry.npmjs.org/abbrev/-/abbrev-1.0.9.tgz"},"maintainers":[{"name":"isaacs","email":"i@izs.me"}],"_npmOperationalInternal":{"host":"packages-16-east.internal.npmjs.com","tmp":"tmp/abbrev-1.0.9.tgz_1466016055839_0.7825860097073019"},"directories":{}},"1.1.0":{"name":"abbrev","version":"1.1.0","description":"Like ruby's abbrev module, but in js","author":{"name":"Isaac Z. Schlueter","email":"i@izs.me"},"main":"abbrev.js","scripts":{"test":"tap test.js --100","preversion":"npm test","postversion":"npm publish","postpublish":"git push origin --all; git push origin --tags"},"repository":{"type":"git","url":"git+ssh://git@github.com/isaacs/abbrev-js.git"},"license":"ISC","devDependencies":{"tap":"^10.1"},"files":["abbrev.js"],"gitHead":"7136d4d95449dc44115d4f78b80ec907724f64e0","bugs":{"url":"https://github.com/isaacs/abbrev-js/issues"},"homepage":"https://github.com/isaacs/abbrev-js#readme","_id":"abbrev@1.1.0","_shasum":"d0554c2256636e2f56e7c2e5ad183f859428d81f","_from":".","_npmVersion":"4.3.0","_nodeVersion":"8.0.0-pre","_npmUser":{"name":"isaacs","email":"i@izs.me"},"dist":{"shasum":"d0554c2256636e2f56e7c2e5ad183f859428d81f","tarball":"https://registry.npmjs.org/abbrev/-/abbrev-1.1.0.tgz"},"maintainers":[{"name":"isaacs","email":"i@izs.me"}],"_npmOperationalInternal":{"host":"packages-12-west.internal.npmjs.com","tmp":"tmp/abbrev-1.1.0.tgz_1487054000015_0.9229173036292195"},"directories":{}},"1.1.1":{"name":"abbrev","version":"1.1.1","description":"Like ruby's abbrev module, but in js","author":{"name":"Isaac Z. Schlueter","email":"i@izs.me"},"main":"abbrev.js","scripts":{"test":"tap test.js --100","preversion":"npm test","postversion":"npm publish","postpublish":"git push origin --all; git push origin --tags"},"repository":{"type":"git","url":"git+ssh://git@github.com/isaacs/abbrev-js.git"},"license":"ISC","devDependencies":{"tap":"^10.1"},"files":["abbrev.js"],"gitHead":"a9ee72ebc8fe3975f1b0c7aeb3a8f2a806a432eb","bugs":{"url":"https://github.com/isaacs/abbrev-js/issues"},"homepage":"https://github.com/isaacs/abbrev-js#readme","_id":"abbrev@1.1.1","_npmVersion":"5.4.2","_nodeVersion":"8.5.0","_npmUser":{"name":"isaacs","email":"i@izs.me"},"dist":{"integrity":"sha512-nne9/IiQ/hzIhY6pdDnbBtz7DjPTKrY00P/zvPSm5pOFkl6xuGrGnXn/VtTNNfNtAfZ9/1RtehkszU9qcTii0Q==","shasum":"f8f2c887ad10bf67f634f005b6987fed3179aac8","tarball":"https://registry.npmjs.org/abbrev/-/abbrev-1.1.1.tgz"},"maintainers":[{"name":"gabra","email":"jerry+1@npmjs.com"},{"name":"isaacs","email":"i@izs.me"}],"_npmOperationalInternal":{"host":"s3://npm-registry-packages","tmp":"tmp/abbrev-1.1.1.tgz_1506566833068_0.05750026390887797"},"directories":{}}},"maintainers":[{"email":"i@izs.me","name":"isaacs"}],"author":{"name":"Isaac Z. Schlueter","email":"i@izs.me"},"description":"Like ruby's abbrev module, but in js","time":{"modified":"2018-04-13T18:44:24.635Z","created":"2011-03-21T22:21:11.183Z","1.0.1":"2011-03-21T22:21:11.183Z","1.0.2":"2011-03-21T22:21:11.183Z","1.0.3":"2011-03-21T22:21:11.183Z","1.0.3-1":"2011-03-24T23:01:19.581Z","1.0.4":"2013-01-09T00:01:24.135Z","1.0.5":"2014-04-17T20:09:12.523Z","1.0.6":"2015-05-21T00:58:16.778Z","1.0.7":"2015-05-30T22:57:54.685Z","1.0.9":"2016-06-15T18:41:01.215Z","1.1.0":"2017-02-14T06:33:20.235Z","1.1.1":"2017-09-28T02:47:13.220Z"},"repository":{"type":"git","url":"git+ssh://git@github.com/isaacs/abbrev-js.git"},"users":{"leesei":true,"ceejbot":true,"isaacs":true,"npm-www":true,"tunnckocore":true,"ruanyu1":true,"leodutra":true,"jessaustin":true,"jian263994241":true,"floriannagel":true,"tdmalone":true,"ryanve":true,"detj":true,"monjer":true,"d-band":true},"readme":"# abbrev-js\n\nJust like [ruby's Abbrev](http://apidock.com/ruby/Abbrev).\n\nUsage:\n\n    var abbrev = require(\"abbrev\");\n    abbrev(\"foo\", \"fool\", \"folding\", \"flop\");\n    \n    // returns:\n    { fl: 'flop'\n    , flo: 'flop'\n    , flop: 'flop'\n    , fol: 'folding'\n    , fold: 'folding'\n    , foldi: 'folding'\n    , foldin: 'folding'\n    , folding: 'folding'\n    , foo: 'foo'\n    , fool: 'fool'\n    }\n\nThis is handy for command-line scripts, or other cases where you want to be able to accept shorthands.\n","readmeFilename":"README.md","homepage":"https://github.com/isaacs/abbrev-js#readme","bugs":{"url":"https://github.com/isaacs/abbrev-js/issues"},"license":"ISC","_attachments":{},"_etag":"W/\"33e72d5d2da378b49ce64515b48ede5e\"","_lastModified":"Sat, 26 May 2018 16:03:07 GMT"}