{"_id":"lodash._basedifference","_rev":"24-2191b5f8a8dea8b62550d98fa8b08092","name":"lodash._basedifference","description":"The internal lodash function `baseDifference` exported as a module.","dist-tags":{"latest":"4.5.0"},"versions":{"2.3.0":{"name":"lodash._basedifference","version":"2.3.0","description":"The internal Lo-Dash function `baseDifference` as a Node.js module generated by lodash-cli.","homepage":"http://lodash.com/custom-builds","license":"MIT","author":{"name":"John-David Dalton","email":"john.david.dalton@gmail.com","url":"http://allyoucanleet.com/"},"contributors":[{"name":"John-David Dalton","email":"john.david.dalton@gmail.com","url":"http://allyoucanleet.com/"},{"name":"Blaine Bublitz","email":"blaine@iceddev.com","url":"http://www.iceddev.com/"},{"name":"Kit Cambridge","email":"github@kitcambridge.be","url":"http://kitcambridge.be/"},{"name":"Mathias Bynens","email":"mathias@qiwi.be","url":"http://mathiasbynens.be/"}],"bugs":{"url":"https://github.com/lodash/lodash-cli/issues"},"repository":{"type":"git","url":"https://github.com/lodash/lodash-cli.git"},"dependencies":{"lodash._baseindexof":"~2.3.0","lodash._cacheindexof":"~2.3.0","lodash._createcache":"~2.3.0","lodash._largearraysize":"~2.3.0","lodash._releaseobject":"~2.3.0"},"_id":"lodash._basedifference@2.3.0","dist":{"shasum":"91126b6a91e306bd7ddc6ec888fe47b2f6c94edd","tarball":"https://registry.npmjs.org/lodash._basedifference/-/lodash._basedifference-2.3.0.tgz"},"_from":".","_npmVersion":"1.3.11","_npmUser":{"name":"jdalton","email":"john.david.dalton@gmail.com"},"maintainers":[{"name":"jdalton","email":"john.david.dalton@gmail.com"}],"directories":{}},"2.4.0":{"name":"lodash._basedifference","version":"2.4.0","description":"The internal Lo-Dash function `baseDifference` as a Node.js module generated by lodash-cli.","homepage":"http://lodash.com/custom-builds","license":"MIT","author":{"name":"John-David Dalton","email":"john.david.dalton@gmail.com","url":"http://allyoucanleet.com/"},"contributors":[{"name":"John-David Dalton","email":"john.david.dalton@gmail.com","url":"http://allyoucanleet.com/"},{"name":"Blaine Bublitz","email":"blaine@iceddev.com","url":"http://www.iceddev.com/"},{"name":"Kit Cambridge","email":"github@kitcambridge.be","url":"http://kitcambridge.be/"},{"name":"Mathias Bynens","email":"mathias@qiwi.be","url":"http://mathiasbynens.be/"}],"bugs":{"url":"https://github.com/lodash/lodash-cli/issues"},"repository":{"type":"git","url":"https://github.com/lodash/lodash-cli.git"},"dependencies":{"lodash._baseindexof":"~2.4.0","lodash._cacheindexof":"~2.4.0","lodash._createcache":"~2.4.0","lodash._largearraysize":"~2.4.0","lodash._releaseobject":"~2.4.0"},"_id":"lodash._basedifference@2.4.0","dist":{"shasum":"02f02ceda9920f31b8121e1f60cea21f8553ab98","tarball":"https://registry.npmjs.org/lodash._basedifference/-/lodash._basedifference-2.4.0.tgz"},"_from":".","_npmVersion":"1.3.14","_npmUser":{"name":"jdalton","email":"john.david.dalton@gmail.com"},"maintainers":[{"name":"jdalton","email":"john.david.dalton@gmail.com"},{"name":"kitcambridge","email":"github@kitcambridge.be"},{"name":"mathias","email":"mathias@qiwi.be"},{"name":"phated","email":"blaine@iceddev.com"}],"directories":{}},"2.4.1":{"name":"lodash._basedifference","version":"2.4.1","description":"The internal Lo-Dash function `baseDifference` as a Node.js module generated by lodash-cli.","homepage":"http://lodash.com/custom-builds","license":"MIT","author":{"name":"John-David Dalton","email":"john.david.dalton@gmail.com","url":"http://allyoucanleet.com/"},"contributors":[{"name":"John-David Dalton","email":"john.david.dalton@gmail.com","url":"http://allyoucanleet.com/"},{"name":"Blaine Bublitz","email":"blaine@iceddev.com","url":"http://www.iceddev.com/"},{"name":"Kit Cambridge","email":"github@kitcambridge.be","url":"http://kitcambridge.be/"},{"name":"Mathias Bynens","email":"mathias@qiwi.be","url":"http://mathiasbynens.be/"}],"bugs":{"url":"https://github.com/lodash/lodash-cli/issues"},"repository":{"type":"git","url":"https://github.com/lodash/lodash-cli.git"},"dependencies":{"lodash._baseindexof":"~2.4.1","lodash._cacheindexof":"~2.4.1","lodash._createcache":"~2.4.1","lodash._largearraysize":"~2.4.1","lodash._releaseobject":"~2.4.1"},"_id":"lodash._basedifference@2.4.1","dist":{"shasum":"78697ca67412c9e5b5dbeab54d1b2573b89a6334","tarball":"https://registry.npmjs.org/lodash._basedifference/-/lodash._basedifference-2.4.1.tgz"},"_from":".","_npmVersion":"1.3.14","_npmUser":{"name":"jdalton","email":"john.david.dalton@gmail.com"},"maintainers":[{"name":"jdalton","email":"john.david.dalton@gmail.com"},{"name":"kitcambridge","email":"github@kitcambridge.be"},{"name":"mathias","email":"mathias@qiwi.be"},{"name":"phated","email":"blaine@iceddev.com"}],"directories":{}},"3.0.0":{"name":"lodash._basedifference","version":"3.0.0","description":"The modern build of lodash’s internal `baseDifference` as a module.","homepage":"https://lodash.com/","icon":"https://lodash.com/icon.svg","license":"MIT","author":{"name":"John-David Dalton","email":"john.david.dalton@gmail.com","url":"http://allyoucanleet.com/"},"contributors":[{"name":"John-David Dalton","email":"john.david.dalton@gmail.com","url":"http://allyoucanleet.com/"},{"name":"Benjamin Tan","email":"demoneaux@gmail.com","url":"https://d10.github.io/"},{"name":"Blaine Bublitz","email":"blaine@iceddev.com","url":"http://www.iceddev.com/"},{"name":"Kit Cambridge","email":"github@kitcambridge.be","url":"http://kitcambridge.be/"},{"name":"Mathias Bynens","email":"mathias@qiwi.be","url":"https://mathiasbynens.be/"}],"repository":{"type":"git","url":"https://github.com/lodash/lodash"},"scripts":{"test":"echo \"See https://travis-ci.org/lodash/lodash-cli for testing details.\""},"dependencies":{"lodash._baseindexof":"^3.0.0","lodash._cacheindexof":"^3.0.0","lodash._createcache":"^3.0.0"},"bugs":{"url":"https://github.com/lodash/lodash/issues"},"_id":"lodash._basedifference@3.0.0","_shasum":"13e6b0717cd056c3693ffb7bbe4d96e00302b239","_from":".","_npmVersion":"2.3.0","_nodeVersion":"0.10.35","_npmUser":{"name":"jdalton","email":"john.david.dalton@gmail.com"},"maintainers":[{"name":"jdalton","email":"john.david.dalton@gmail.com"},{"name":"kitcambridge","email":"github@kitcambridge.be"},{"name":"mathias","email":"mathias@qiwi.be"},{"name":"phated","email":"blaine@iceddev.com"}],"dist":{"shasum":"13e6b0717cd056c3693ffb7bbe4d96e00302b239","tarball":"https://registry.npmjs.org/lodash._basedifference/-/lodash._basedifference-3.0.0.tgz"},"directories":{}},"3.0.1":{"name":"lodash._basedifference","version":"3.0.1","description":"The modern build of lodash’s internal `baseDifference` as a module.","homepage":"https://lodash.com/","icon":"https://lodash.com/icon.svg","license":"MIT","author":{"name":"John-David Dalton","email":"john.david.dalton@gmail.com","url":"http://allyoucanleet.com/"},"contributors":[{"name":"John-David Dalton","email":"john.david.dalton@gmail.com","url":"http://allyoucanleet.com/"},{"name":"Benjamin Tan","email":"demoneaux@gmail.com","url":"https://d10.github.io/"},{"name":"Blaine Bublitz","email":"blaine@iceddev.com","url":"http://www.iceddev.com/"},{"name":"Kit Cambridge","email":"github@kitcambridge.be","url":"http://kitcambridge.be/"},{"name":"Mathias Bynens","email":"mathias@qiwi.be","url":"https://mathiasbynens.be/"}],"repository":{"type":"git","url":"https://github.com/lodash/lodash"},"scripts":{"test":"echo \"See https://travis-ci.org/lodash/lodash-cli for testing details.\""},"dependencies":{"lodash._baseindexof":"^3.0.0","lodash._cacheindexof":"^3.0.0","lodash._createcache":"^3.0.0"},"bugs":{"url":"https://github.com/lodash/lodash/issues"},"_id":"lodash._basedifference@3.0.1","_shasum":"3365024e7cb443c5d94fa37f5a1e46178da042cb","_from":".","_npmVersion":"2.6.0","_nodeVersion":"0.12.0","_npmUser":{"name":"jdalton","email":"john.david.dalton@gmail.com"},"maintainers":[{"name":"jdalton","email":"john.david.dalton@gmail.com"},{"name":"kitcambridge","email":"github@kitcambridge.be"},{"name":"mathias","email":"mathias@qiwi.be"},{"name":"phated","email":"blaine@iceddev.com"},{"name":"d10","email":"demoneaux@gmail.com"}],"dist":{"shasum":"3365024e7cb443c5d94fa37f5a1e46178da042cb","tarball":"https://registry.npmjs.org/lodash._basedifference/-/lodash._basedifference-3.0.1.tgz"},"directories":{}},"3.0.2":{"name":"lodash._basedifference","version":"3.0.2","description":"The modern build of lodash’s internal `baseDifference` as a module.","homepage":"https://lodash.com/","icon":"https://lodash.com/icon.svg","license":"MIT","author":{"name":"John-David Dalton","email":"john.david.dalton@gmail.com","url":"http://allyoucanleet.com/"},"contributors":[{"name":"John-David Dalton","email":"john.david.dalton@gmail.com","url":"http://allyoucanleet.com/"},{"name":"Benjamin Tan","email":"demoneaux@gmail.com","url":"https://d10.github.io/"},{"name":"Blaine Bublitz","email":"blaine@iceddev.com","url":"http://www.iceddev.com/"},{"name":"Kit Cambridge","email":"github@kitcambridge.be","url":"http://kitcambridge.be/"},{"name":"Mathias Bynens","email":"mathias@qiwi.be","url":"https://mathiasbynens.be/"}],"repository":{"type":"git","url":"https://github.com/lodash/lodash"},"scripts":{"test":"echo \"See https://travis-ci.org/lodash/lodash-cli for testing details.\""},"dependencies":{"lodash._baseindexof":"^3.0.0","lodash._cacheindexof":"^3.0.0","lodash._createcache":"^3.0.0"},"bugs":{"url":"https://github.com/lodash/lodash/issues"},"_id":"lodash._basedifference@3.0.2","_shasum":"1f8cdf1cb37555027bfae71d77f3de088aea652a","_from":".","_npmVersion":"2.6.1","_nodeVersion":"0.12.0","_npmUser":{"name":"jdalton","email":"john.david.dalton@gmail.com"},"maintainers":[{"name":"jdalton","email":"john.david.dalton@gmail.com"},{"name":"kitcambridge","email":"github@kitcambridge.be"},{"name":"mathias","email":"mathias@qiwi.be"},{"name":"phated","email":"blaine@iceddev.com"},{"name":"d10","email":"demoneaux@gmail.com"}],"dist":{"shasum":"1f8cdf1cb37555027bfae71d77f3de088aea652a","tarball":"https://registry.npmjs.org/lodash._basedifference/-/lodash._basedifference-3.0.2.tgz"},"directories":{}},"3.0.3":{"name":"lodash._basedifference","version":"3.0.3","description":"The modern build of lodash’s internal `baseDifference` as a module.","homepage":"https://lodash.com/","icon":"https://lodash.com/icon.svg","license":"MIT","author":{"name":"John-David Dalton","email":"john.david.dalton@gmail.com","url":"http://allyoucanleet.com/"},"contributors":[{"name":"John-David Dalton","email":"john.david.dalton@gmail.com","url":"http://allyoucanleet.com/"},{"name":"Benjamin Tan","email":"demoneaux@gmail.com","url":"https://d10.github.io/"},{"name":"Blaine Bublitz","email":"blaine@iceddev.com","url":"http://www.iceddev.com/"},{"name":"Kit Cambridge","email":"github@kitcambridge.be","url":"http://kitcambridge.be/"},{"name":"Mathias Bynens","email":"mathias@qiwi.be","url":"https://mathiasbynens.be/"}],"repository":{"type":"git","url":"git+https://github.com/lodash/lodash.git"},"scripts":{"test":"echo \"See https://travis-ci.org/lodash/lodash-cli for testing details.\""},"dependencies":{"lodash._baseindexof":"^3.0.0","lodash._cacheindexof":"^3.0.0","lodash._createcache":"^3.0.0"},"bugs":{"url":"https://github.com/lodash/lodash/issues"},"_id":"lodash._basedifference@3.0.3","_shasum":"f2c204296c2a78e02b389081b6edcac933cf629c","_from":".","_npmVersion":"2.12.0","_nodeVersion":"0.12.5","_npmUser":{"name":"jdalton","email":"john.david.dalton@gmail.com"},"maintainers":[{"name":"jdalton","email":"john.david.dalton@gmail.com"},{"name":"kitcambridge","email":"github@kitcambridge.be"},{"name":"mathias","email":"mathias@qiwi.be"},{"name":"phated","email":"blaine@iceddev.com"},{"name":"d10","email":"demoneaux@gmail.com"}],"dist":{"shasum":"f2c204296c2a78e02b389081b6edcac933cf629c","tarball":"https://registry.npmjs.org/lodash._basedifference/-/lodash._basedifference-3.0.3.tgz"},"directories":{}},"4.4.0":{"name":"lodash._basedifference","version":"4.4.0","description":"The internal lodash function `baseDifference` exported as a module.","homepage":"https://lodash.com/","icon":"https://lodash.com/icon.svg","license":"MIT","author":{"name":"John-David Dalton","email":"john.david.dalton@gmail.com","url":"http://allyoucanleet.com/"},"contributors":[{"name":"John-David Dalton","email":"john.david.dalton@gmail.com","url":"http://allyoucanleet.com/"},{"name":"Blaine Bublitz","email":"blaine@iceddev.com","url":"https://github.com/phated"},{"name":"Mathias Bynens","email":"mathias@qiwi.be","url":"https://mathiasbynens.be/"}],"repository":{"type":"git","url":"git+https://github.com/lodash/lodash.git"},"scripts":{"test":"echo \"See https://travis-ci.org/lodash/lodash-cli for testing details.\""},"dependencies":{"lodash._setcache":"^4.0.0"},"bugs":{"url":"https://github.com/lodash/lodash/issues"},"_id":"lodash._basedifference@4.4.0","_shasum":"b0c364ecd319c7669092dc1f84c466f798642be3","_from":".","_npmVersion":"2.14.18","_nodeVersion":"5.5.0","_npmUser":{"name":"jdalton","email":"john.david.dalton@gmail.com"},"dist":{"shasum":"b0c364ecd319c7669092dc1f84c466f798642be3","tarball":"https://registry.npmjs.org/lodash._basedifference/-/lodash._basedifference-4.4.0.tgz"},"maintainers":[{"name":"jdalton","email":"john.david.dalton@gmail.com"},{"name":"mathias","email":"mathias@qiwi.be"},{"name":"phated","email":"blaine@iceddev.com"}],"_npmOperationalInternal":{"host":"packages-9-west.internal.npmjs.com","tmp":"tmp/lodash._basedifference-4.4.0.tgz_1455614999271_0.6685796829406172"},"directories":{}},"4.4.1":{"name":"lodash._basedifference","version":"4.4.1","description":"The internal lodash function `baseDifference` exported as a module.","homepage":"https://lodash.com/","icon":"https://lodash.com/icon.svg","license":"MIT","author":{"name":"John-David Dalton","email":"john.david.dalton@gmail.com","url":"http://allyoucanleet.com/"},"contributors":[{"name":"John-David Dalton","email":"john.david.dalton@gmail.com","url":"http://allyoucanleet.com/"},{"name":"Blaine Bublitz","email":"blaine.bublitz@gmail.com","url":"https://github.com/phated"},{"name":"Mathias Bynens","email":"mathias@qiwi.be","url":"https://mathiasbynens.be/"}],"repository":{"type":"git","url":"git+https://github.com/lodash/lodash.git"},"scripts":{"test":"echo \"See https://travis-ci.org/lodash/lodash-cli for testing details.\""},"dependencies":{"lodash._setcache":"~4.1.0"},"bugs":{"url":"https://github.com/lodash/lodash/issues"},"_id":"lodash._basedifference@4.4.1","_shasum":"537bde6fd0f3eeec28e37288dd51459765181b4d","_from":".","_npmVersion":"2.15.1","_nodeVersion":"5.5.0","_npmUser":{"name":"jdalton","email":"john.david.dalton@gmail.com"},"dist":{"shasum":"537bde6fd0f3eeec28e37288dd51459765181b4d","tarball":"https://registry.npmjs.org/lodash._basedifference/-/lodash._basedifference-4.4.1.tgz"},"maintainers":[{"name":"jdalton","email":"john.david.dalton@gmail.com"},{"name":"mathias","email":"mathias@qiwi.be"},{"name":"phated","email":"blaine@iceddev.com"}],"_npmOperationalInternal":{"host":"packages-12-west.internal.npmjs.com","tmp":"tmp/lodash._basedifference-4.4.1.tgz_1459310599651_0.6456912821158767"},"directories":{}},"4.5.0":{"name":"lodash._basedifference","version":"4.5.0","description":"The internal lodash function `baseDifference` exported as a module.","homepage":"https://lodash.com/","icon":"https://lodash.com/icon.svg","license":"MIT","author":{"name":"John-David Dalton","email":"john.david.dalton@gmail.com","url":"http://allyoucanleet.com/"},"contributors":[{"name":"John-David Dalton","email":"john.david.dalton@gmail.com","url":"http://allyoucanleet.com/"},{"name":"Blaine Bublitz","email":"blaine.bublitz@gmail.com","url":"https://github.com/phated"},{"name":"Mathias Bynens","email":"mathias@qiwi.be","url":"https://mathiasbynens.be/"}],"repository":{"type":"git","url":"git+https://github.com/lodash/lodash.git"},"scripts":{"test":"echo \"See https://travis-ci.org/lodash/lodash-cli for testing details.\""},"dependencies":{"lodash._root":"~3.0.0"},"bugs":{"url":"https://github.com/lodash/lodash/issues"},"_id":"lodash._basedifference@4.5.0","_shasum":"56ea7d601367bfa46cd7de115dc3daeb18837938","_from":".","_npmVersion":"2.15.5","_nodeVersion":"5.5.0","_npmUser":{"name":"jdalton","email":"john.david.dalton@gmail.com"},"dist":{"shasum":"56ea7d601367bfa46cd7de115dc3daeb18837938","tarball":"https://registry.npmjs.org/lodash._basedifference/-/lodash._basedifference-4.5.0.tgz"},"maintainers":[{"name":"jdalton","email":"john.david.dalton@gmail.com"},{"name":"mathias","email":"mathias@qiwi.be"},{"name":"phated","email":"blaine@iceddev.com"}],"_npmOperationalInternal":{"host":"packages-12-west.internal.npmjs.com","tmp":"tmp/lodash._basedifference-4.5.0.tgz_1463061998825_0.9310404139105231"},"directories":{}}},"readme":"# lodash._basedifference v4.5.0\n\nThe internal [lodash](https://lodash.com/) function `baseDifference` exported as a [Node.js](https://nodejs.org/) module.\n\n## Installation\n\nUsing npm:\n```bash\n$ {sudo -H} npm i -g npm\n$ npm i --save lodash._basedifference\n```\n\nIn Node.js:\n```js\nvar baseDifference = require('lodash._basedifference');\n```\n\nSee the [package source](https://github.com/lodash/lodash/blob/4.5.0-npm-packages/lodash._basedifference) for more details.\n","maintainers":[{"name":"jdalton","email":"john.david.dalton@gmail.com"},{"name":"mathias","email":"mathias@qiwi.be"}],"time":{"modified":"2016-10-06T16:54:35.982Z","created":"2013-11-11T16:43:51.506Z","2.3.0":"2013-11-11T16:43:52.723Z","2.4.0":"2013-11-26T19:53:31.911Z","2.4.1":"2013-12-03T17:07:38.702Z","3.0.0":"2015-01-26T15:27:54.664Z","3.0.1":"2015-02-24T16:18:49.141Z","3.0.2":"2015-03-06T16:55:20.461Z","3.0.3":"2015-06-30T15:15:04.119Z","4.4.0":"2016-02-16T09:30:01.194Z","4.4.1":"2016-03-30T04:03:20.097Z","4.5.0":"2016-05-12T14:06:39.315Z"},"author":{"name":"John-David Dalton","email":"john.david.dalton@gmail.com","url":"http://allyoucanleet.com/"},"repository":{"type":"git","url":"git+https://github.com/lodash/lodash.git"},"homepage":"https://lodash.com/","contributors":[{"name":"John-David Dalton","email":"john.david.dalton@gmail.com","url":"http://allyoucanleet.com/"},{"name":"Blaine Bublitz","email":"blaine.bublitz@gmail.com","url":"https://github.com/phated"},{"name":"Mathias Bynens","email":"mathias@qiwi.be","url":"https://mathiasbynens.be/"}],"bugs":{"url":"https://github.com/lodash/lodash/issues"},"license":"MIT","readmeFilename":"README.md","_attachments":{},"_etag":"W/\"91631bc367cc1f3bc359ead6a5fb0395\"","_lastModified":"Sun, 27 May 2018 06:58:03 GMT"}