{"_id":"sigmund","_rev":"16-14ebc2f76286f9e026e686232a30ea9a","name":"sigmund","description":"Quick and dirty signatures for Objects.","dist-tags":{"latest":"1.0.1"},"versions":{"1.0.0":{"name":"sigmund","version":"1.0.0","description":"Quick and dirty signatures for Objects.","main":"sigmund.js","directories":{"test":"test"},"dependencies":{},"devDependencies":{"tap":"~0.3.0"},"scripts":{"test":"tap test/*.js","bench":"node bench.js"},"repository":{"type":"git","url":"git://github.com/isaacs/sigmund"},"keywords":["object","signature","key","data","psychoanalysis"],"author":{"name":"Isaac Z. Schlueter","email":"i@izs.me","url":"http://blog.izs.me/"},"license":"BSD","_id":"sigmund@1.0.0","dist":{"shasum":"66a2b3a749ae8b5fb89efd4fcc01dc94fbe02296","tarball":"https://registry.npmjs.org/sigmund/-/sigmund-1.0.0.tgz"},"_npmVersion":"1.1.48","_npmUser":{"name":"isaacs","email":"i@izs.me"},"maintainers":[{"name":"isaacs","email":"i@izs.me"}]},"1.0.1":{"name":"sigmund","version":"1.0.1","description":"Quick and dirty signatures for Objects.","main":"sigmund.js","directories":{"test":"test"},"dependencies":{},"devDependencies":{"tap":"~0.3.0"},"scripts":{"test":"tap test/*.js","bench":"node bench.js"},"repository":{"type":"git","url":"git://github.com/isaacs/sigmund.git"},"keywords":["object","signature","key","data","psychoanalysis"],"author":{"name":"Isaac Z. Schlueter","email":"i@izs.me","url":"http://blog.izs.me/"},"license":"ISC","gitHead":"527f97aa5bb253d927348698c0cd3bb267d098c6","bugs":{"url":"https://github.com/isaacs/sigmund/issues"},"homepage":"https://github.com/isaacs/sigmund#readme","_id":"sigmund@1.0.1","_shasum":"3ff21f198cad2175f9f3b781853fd94d0d19b590","_from":".","_npmVersion":"2.10.0","_nodeVersion":"2.0.1","_npmUser":{"name":"isaacs","email":"isaacs@npmjs.com"},"dist":{"shasum":"3ff21f198cad2175f9f3b781853fd94d0d19b590","tarball":"https://registry.npmjs.org/sigmund/-/sigmund-1.0.1.tgz"},"maintainers":[{"name":"isaacs","email":"i@izs.me"}]}},"readme":"# sigmund\n\nQuick and dirty signatures for Objects.\n\nThis is like a much faster `deepEquals` comparison, which returns a\nstring key suitable for caches and the like.\n\n## Usage\n\n```javascript\nfunction doSomething (someObj) {\n  var key = sigmund(someObj, maxDepth) // max depth defaults to 10\n  var cached = cache.get(key)\n  if (cached) return cached\n\n  var result = expensiveCalculation(someObj)\n  cache.set(key, result)\n  return result\n}\n```\n\nThe resulting key will be as unique and reproducible as calling\n`JSON.stringify` or `util.inspect` on the object, but is much faster.\nIn order to achieve this speed, some differences are glossed over.\nFor example, the object `{0:'foo'}` will be treated identically to the\narray `['foo']`.\n\nAlso, just as there is no way to summon the soul from the scribblings\nof a cocaine-addled psychoanalyst, there is no way to revive the object\nfrom the signature string that sigmund gives you.  In fact, it's\nbarely even readable.\n\nAs with `util.inspect` and `JSON.stringify`, larger objects will\nproduce larger signature strings.\n\nBecause sigmund is a bit less strict than the more thorough\nalternatives, the strings will be shorter, and also there is a\nslightly higher chance for collisions.  For example, these objects\nhave the same signature:\n\n    var obj1 = {a:'b',c:/def/,g:['h','i',{j:'',k:'l'}]}\n    var obj2 = {a:'b',c:'/def/',g:['h','i','{jkl']}\n\nLike a good Freudian, sigmund is most effective when you already have\nsome understanding of what you're looking for.  It can help you help\nyourself, but you must be willing to do some work as well.\n\nCycles are handled, and cyclical objects are silently omitted (though\nthe key is included in the signature output.)\n\nThe second argument is the maximum depth, which defaults to 10,\nbecause that is the maximum object traversal depth covered by most\ninsurance carriers.\n","maintainers":[{"name":"isaacs","email":"i@izs.me"}],"time":{"modified":"2017-11-22T14:29:45.153Z","created":"2012-08-13T15:59:10.991Z","1.0.0":"2012-08-13T15:59:12.395Z","1.0.1":"2015-05-20T07:19:05.814Z"},"author":{"name":"Isaac Z. Schlueter","email":"i@izs.me","url":"http://blog.izs.me/"},"repository":{"type":"git","url":"git://github.com/isaacs/sigmund.git"},"users":{"daniran":true,"tunnckocore":true,"cdnbacon":true,"forivall":true,"program247365":true,"larrychen":true,"mojaray2k":true,"morogasper":true,"diaotai":true},"homepage":"https://github.com/isaacs/sigmund#readme","keywords":["object","signature","key","data","psychoanalysis"],"bugs":{"url":"https://github.com/isaacs/sigmund/issues"},"license":"ISC","readmeFilename":"README.md","_attachments":{},"_etag":"W/\"57a0047fde8486978ddc5fb20e429b3a\"","_lastModified":"Sun, 27 May 2018 17:16:52 GMT"}