{"_id":"lodash.restparam","_rev":"9-4b1a1f289e762826059430e6b890cac3","name":"lodash.restparam","description":"The modern build of lodash’s `_.restParam` as a module.","dist-tags":{"latest":"3.6.1"},"versions":{"3.6.0":{"name":"lodash.restparam","version":"3.6.0","description":"The modern build of lodash’s `_.restParam` as a module.","homepage":"https://lodash.com/","icon":"https://lodash.com/icon.svg","license":"MIT","keywords":["lodash","lodash-modularized","stdlib","util"],"author":{"name":"John-David Dalton","email":"john.david.dalton@gmail.com","url":"http://allyoucanleet.com/"},"contributors":[{"name":"John-David Dalton","email":"john.david.dalton@gmail.com","url":"http://allyoucanleet.com/"},{"name":"Benjamin Tan","email":"demoneaux@gmail.com","url":"https://d10.github.io/"},{"name":"Blaine Bublitz","email":"blaine@iceddev.com","url":"http://www.iceddev.com/"},{"name":"Kit Cambridge","email":"github@kitcambridge.be","url":"http://kitcambridge.be/"},{"name":"Mathias Bynens","email":"mathias@qiwi.be","url":"https://mathiasbynens.be/"}],"repository":{"type":"git","url":"https://github.com/lodash/lodash"},"scripts":{"test":"echo \"See https://travis-ci.org/lodash/lodash-cli for testing details.\""},"bugs":{"url":"https://github.com/lodash/lodash/issues"},"_id":"lodash.restparam@3.6.0","_shasum":"f9c5d2ad62b8c0ee36eae52b06fd22449308c518","_from":".","_npmVersion":"2.7.3","_nodeVersion":"0.12.0","_npmUser":{"name":"jdalton","email":"john.david.dalton@gmail.com"},"maintainers":[{"name":"jdalton","email":"john.david.dalton@gmail.com"}],"dist":{"shasum":"f9c5d2ad62b8c0ee36eae52b06fd22449308c518","tarball":"https://registry.npmjs.org/lodash.restparam/-/lodash.restparam-3.6.0.tgz"},"directories":{}},"3.6.1":{"name":"lodash.restparam","version":"3.6.1","description":"The modern build of lodash’s `_.restParam` as a module.","homepage":"https://lodash.com/","icon":"https://lodash.com/icon.svg","license":"MIT","keywords":["lodash","lodash-modularized","stdlib","util"],"author":{"name":"John-David Dalton","email":"john.david.dalton@gmail.com","url":"http://allyoucanleet.com/"},"contributors":[{"name":"John-David Dalton","email":"john.david.dalton@gmail.com","url":"http://allyoucanleet.com/"},{"name":"Benjamin Tan","email":"demoneaux@gmail.com","url":"https://d10.github.io/"},{"name":"Blaine Bublitz","email":"blaine@iceddev.com","url":"http://www.iceddev.com/"},{"name":"Kit Cambridge","email":"github@kitcambridge.be","url":"http://kitcambridge.be/"},{"name":"Mathias Bynens","email":"mathias@qiwi.be","url":"https://mathiasbynens.be/"}],"repository":{"type":"git","url":"https://github.com/lodash/lodash"},"scripts":{"test":"echo \"See https://travis-ci.org/lodash/lodash-cli for testing details.\""},"bugs":{"url":"https://github.com/lodash/lodash/issues"},"_id":"lodash.restparam@3.6.1","_shasum":"936a4e309ef330a7645ed4145986c85ae5b20805","_from":".","_npmVersion":"2.7.6","_nodeVersion":"0.12.2","_npmUser":{"name":"jdalton","email":"john.david.dalton@gmail.com"},"maintainers":[{"name":"jdalton","email":"john.david.dalton@gmail.com"},{"name":"d10","email":"demoneaux@gmail.com"},{"name":"kitcambridge","email":"github@kitcambridge.be"},{"name":"mathias","email":"mathias@qiwi.be"},{"name":"phated","email":"blaine@iceddev.com"}],"dist":{"shasum":"936a4e309ef330a7645ed4145986c85ae5b20805","tarball":"https://registry.npmjs.org/lodash.restparam/-/lodash.restparam-3.6.1.tgz"},"directories":{}}},"readme":"# lodash.restparam v3.6.1\n\nThe [modern build](https://github.com/lodash/lodash/wiki/Build-Differences) of [lodash’s](https://lodash.com/) `_.restParam` exported as a [Node.js](http://nodejs.org/)/[io.js](https://iojs.org/) module.\n\n## Installation\n\nUsing npm:\n\n```bash\n$ {sudo -H} npm i -g npm\n$ npm i --save lodash.restparam\n```\n\nIn Node.js/io.js:\n\n```js\nvar restParam = require('lodash.restparam');\n```\n\nSee the [documentation](https://lodash.com/docs#restParam) or [package source](https://github.com/lodash/lodash/blob/3.6.1-npm-packages/lodash.restparam) for more details.\n","maintainers":[{"name":"jdalton","email":"john.david.dalton@gmail.com"},{"name":"mathias","email":"mathias@qiwi.be"}],"time":{"modified":"2016-10-06T16:58:02.352Z","created":"2015-03-25T23:38:25.346Z","3.6.0":"2015-03-25T23:38:25.346Z","3.6.1":"2015-04-16T16:34:05.791Z"},"homepage":"https://lodash.com/","keywords":["lodash","lodash-modularized","stdlib","util"],"repository":{"type":"git","url":"https://github.com/lodash/lodash"},"contributors":[{"name":"John-David Dalton","email":"john.david.dalton@gmail.com","url":"http://allyoucanleet.com/"},{"name":"Benjamin Tan","email":"demoneaux@gmail.com","url":"https://d10.github.io/"},{"name":"Blaine Bublitz","email":"blaine@iceddev.com","url":"http://www.iceddev.com/"},{"name":"Kit Cambridge","email":"github@kitcambridge.be","url":"http://kitcambridge.be/"},{"name":"Mathias Bynens","email":"mathias@qiwi.be","url":"https://mathiasbynens.be/"}],"author":{"name":"John-David Dalton","email":"john.david.dalton@gmail.com","url":"http://allyoucanleet.com/"},"bugs":{"url":"https://github.com/lodash/lodash/issues"},"license":"MIT","readmeFilename":"README.md","_attachments":{},"_etag":"W/\"5722b0a78fc53963c35c8ede2ae0bee6\"","_lastModified":"Sun, 27 May 2018 06:58:58 GMT"}