{"_id":"config-chain","_rev":"57-406622b93ed2b5b6cc0979dd263014a8","name":"config-chain","description":"HANDLE CONFIGURATION ONCE AND FOR ALL","dist-tags":{"latest":"1.1.11"},"versions":{"0.1.0":{"name":"config-chain","version":"0.1.0","description":"HANDLE CONFIGURATION ONCE AND FOR ALL","homepage":"http://github.com/dominictarr/configurator","repository":{"type":"git","url":"git://github.com/dominictarr/configurator.git"},"dependencies":{"proto-list":"1"},"author":{"name":"Dominic Tarr","email":"dominic.tarr@gmail.com","url":"http://bit.ly/dominictarr"},"_npmUser":{"name":"dominictarr","email":"dominic.tarr@gmail.com"},"_id":"config-chain@0.1.0","devDependencies":{},"engines":{"node":"*"},"_engineSupported":true,"_npmVersion":"1.0.103","_nodeVersion":"v0.5.9","_defaultsLoaded":true,"dist":{"shasum":"fd8fa4e9f8db342e21e1d8f4c0f46ba5a23b64c8","tarball":"https://registry.npmjs.org/config-chain/-/config-chain-0.1.0.tgz"},"maintainers":[{"name":"dominictarr","email":"dominic.tarr@gmail.com"}],"directories":{}},"0.1.1":{"name":"config-chain","version":"0.1.1","description":"HANDLE CONFIGURATION ONCE AND FOR ALL","homepage":"http://github.com/dominictarr/config-chain","repository":{"type":"git","url":"https://github.com/dominictarr/config-chain.git"},"dependencies":{"proto-list":"1"},"author":{"name":"Dominic Tarr","email":"dominic.tarr@gmail.com","url":"http://dominictarr.com"},"_id":"config-chain@0.1.1","dist":{"shasum":"f1ff9d98dbe07eeca21394fb74c8937ab59a7713","tarball":"https://registry.npmjs.org/config-chain/-/config-chain-0.1.1.tgz"},"maintainers":[{"name":"dominictarr","email":"dominic.tarr@gmail.com"},{"name":"isaacs","email":"i@izs.me"}],"directories":{}},"0.2.0":{"name":"config-chain","version":"0.2.0","description":"HANDLE CONFIGURATION ONCE AND FOR ALL","homepage":"http://github.com/dominictarr/config-chain","repository":{"type":"git","url":"https://github.com/dominictarr/config-chain.git"},"dependencies":{"proto-list":"1","ini":"~1.0.2"},"bundleDependencies":["ini"],"REM":"REMEMBER TO REMOVE BUNDLING WHEN/IF ISAACS MERGES ini#7","author":{"name":"Dominic Tarr","email":"dominic.tarr@gmail.com","url":"http://dominictarr.com"},"_id":"config-chain@0.2.0","dist":{"shasum":"19f6ebfc7fe297a64565a658d09aa45cc30afc16","tarball":"https://registry.npmjs.org/config-chain/-/config-chain-0.2.0.tgz"},"maintainers":[{"name":"dominictarr","email":"dominic.tarr@gmail.com"},{"name":"isaacs","email":"i@izs.me"}],"directories":{}},"0.3.0":{"name":"config-chain","version":"0.3.0","description":"HANDLE CONFIGURATION ONCE AND FOR ALL","homepage":"http://github.com/dominictarr/config-chain","repository":{"type":"git","url":"https://github.com/dominictarr/config-chain.git"},"dependencies":{"proto-list":"1","ini":"~1.0.2"},"bundleDependencies":["ini"],"REM":"REMEMBER TO REMOVE BUNDLING WHEN/IF ISAACS MERGES ini#7","author":{"name":"Dominic Tarr","email":"dominic.tarr@gmail.com","url":"http://dominictarr.com"},"scripts":{"test":"node test/find-file.js && node test/ini.js && node test/env.js"},"_id":"config-chain@0.3.0","dist":{"shasum":"655b7ad1cc222d60fb9ee61b0e91bfc88ad823f4","tarball":"https://registry.npmjs.org/config-chain/-/config-chain-0.3.0.tgz"},"maintainers":[{"name":"dominictarr","email":"dominic.tarr@gmail.com"},{"name":"isaacs","email":"i@izs.me"}],"directories":{}},"0.3.1":{"name":"config-chain","version":"0.3.1","description":"HANDLE CONFIGURATION ONCE AND FOR ALL","homepage":"http://github.com/dominictarr/config-chain","repository":{"type":"git","url":"https://github.com/dominictarr/config-chain.git"},"dependencies":{"proto-list":"1","ini":"~1.0.2"},"bundleDependencies":["ini"],"REM":"REMEMBER TO REMOVE BUNDLING WHEN/IF ISAACS MERGES ini#7","author":{"name":"Dominic Tarr","email":"dominic.tarr@gmail.com","url":"http://dominictarr.com"},"scripts":{"test":"node test/find-file.js && node test/ini.js && node test/env.js && node test/broken.js"},"_id":"config-chain@0.3.1","dist":{"shasum":"e030c134999b957e4057ad3771adaae4b18ab1d4","tarball":"https://registry.npmjs.org/config-chain/-/config-chain-0.3.1.tgz"},"maintainers":[{"name":"dominictarr","email":"dominic.tarr@gmail.com"},{"name":"isaacs","email":"i@izs.me"}],"directories":{}},"0.3.2":{"name":"config-chain","version":"0.3.2","description":"HANDLE CONFIGURATION ONCE AND FOR ALL","homepage":"http://github.com/dominictarr/config-chain","repository":{"type":"git","url":"https://github.com/dominictarr/config-chain.git"},"dependencies":{"proto-list":"1","ini":"~1.0.2"},"devDependencies":{"tap":"0.3.0"},"bundleDependencies":["ini"],"REM":"REMEMBER TO REMOVE BUNDLING WHEN/IF ISAACS MERGES ini#7","author":{"name":"Dominic Tarr","email":"dominic.tarr@gmail.com","url":"http://dominictarr.com"},"scripts":{"test":"tap test/"},"_id":"config-chain@0.3.2","dist":{"shasum":"03d39487f3a0fd6309aaee2f95670d471b899565","tarball":"https://registry.npmjs.org/config-chain/-/config-chain-0.3.2.tgz"},"maintainers":[{"name":"dominictarr","email":"dominic.tarr@gmail.com"},{"name":"isaacs","email":"i@izs.me"}],"directories":{}},"0.3.3":{"name":"config-chain","version":"0.3.3","description":"HANDLE CONFIGURATION ONCE AND FOR ALL","homepage":"http://github.com/dominictarr/config-chain","repository":{"type":"git","url":"https://github.com/dominictarr/config-chain.git"},"dependencies":{"proto-list":"1","ini":"~1.0.2"},"devDependencies":{"tap":"0.3.0"},"author":{"name":"Dominic Tarr","email":"dominic.tarr@gmail.com","url":"http://dominictarr.com"},"scripts":{"test":"tap test/"},"_id":"config-chain@0.3.3","dist":{"shasum":"40d3c10a8ae3538cc042c8b78a67edd6f877f96a","tarball":"https://registry.npmjs.org/config-chain/-/config-chain-0.3.3.tgz"},"maintainers":[{"name":"dominictarr","email":"dominic.tarr@gmail.com"},{"name":"isaacs","email":"i@izs.me"}],"directories":{}},"1.0.0":{"name":"config-chain","version":"1.0.0","description":"HANDLE CONFIGURATION ONCE AND FOR ALL","homepage":"http://github.com/dominictarr/config-chain","repository":{"type":"git","url":"https://github.com/dominictarr/config-chain.git"},"dependencies":{"proto-list":"~1.2.1","ini":"~1.0.2"},"devDependencies":{"tap":"0.3.0"},"author":{"name":"Dominic Tarr","email":"dominic.tarr@gmail.com","url":"http://dominictarr.com"},"scripts":{"test":"tap test/"},"_id":"config-chain@1.0.0","dist":{"shasum":"9b7bc875d27ca97165676dd82f3d85b553ee0312","tarball":"https://registry.npmjs.org/config-chain/-/config-chain-1.0.0.tgz"},"maintainers":[{"name":"dominictarr","email":"dominic.tarr@gmail.com"},{"name":"isaacs","email":"i@izs.me"}],"directories":{}},"1.0.1":{"name":"config-chain","version":"1.0.1","description":"HANDLE CONFIGURATION ONCE AND FOR ALL","homepage":"http://github.com/dominictarr/config-chain","repository":{"type":"git","url":"https://github.com/dominictarr/config-chain.git"},"dependencies":{"proto-list":"~1.2.1","ini":"~1.0.2"},"devDependencies":{"tap":"0.3.0"},"author":{"name":"Dominic Tarr","email":"dominic.tarr@gmail.com","url":"http://dominictarr.com"},"scripts":{"test":"tap test/"},"_id":"config-chain@1.0.1","dist":{"shasum":"30bb11eff4b759ef4337304a42c0ea88f3dbd500","tarball":"https://registry.npmjs.org/config-chain/-/config-chain-1.0.1.tgz"},"maintainers":[{"name":"dominictarr","email":"dominic.tarr@gmail.com"},{"name":"isaacs","email":"i@izs.me"}],"directories":{}},"1.1.0":{"name":"config-chain","version":"1.1.0","description":"HANDLE CONFIGURATION ONCE AND FOR ALL","homepage":"http://github.com/dominictarr/config-chain","repository":{"type":"git","url":"https://github.com/dominictarr/config-chain.git"},"dependencies":{"proto-list":"~1.2.1","ini":"~1.0.2"},"devDependencies":{"tap":"0.3.0"},"author":{"name":"Dominic Tarr","email":"dominic.tarr@gmail.com","url":"http://dominictarr.com"},"scripts":{"test":"tap test/"},"_id":"config-chain@1.1.0","dist":{"shasum":"73dc9b7f98306f157c2fd45ddbbcde612574e5e5","tarball":"https://registry.npmjs.org/config-chain/-/config-chain-1.1.0.tgz"},"maintainers":[{"name":"dominictarr","email":"dominic.tarr@gmail.com"},{"name":"isaacs","email":"i@izs.me"}],"directories":{}},"1.1.1":{"name":"config-chain","version":"1.1.1","description":"HANDLE CONFIGURATION ONCE AND FOR ALL","homepage":"http://github.com/dominictarr/config-chain","repository":{"type":"git","url":"https://github.com/dominictarr/config-chain.git"},"dependencies":{"proto-list":"~1.2.1","ini":"~1.0.2"},"devDependencies":{"tap":"0.3.0"},"author":{"name":"Dominic Tarr","email":"dominic.tarr@gmail.com","url":"http://dominictarr.com"},"scripts":{"test":"tap test/"},"_id":"config-chain@1.1.1","dist":{"shasum":"5cc3b0be1ce20d24fcf3a991f55d94e3a34e385e","tarball":"https://registry.npmjs.org/config-chain/-/config-chain-1.1.1.tgz"},"_npmVersion":"1.1.48","_npmUser":{"name":"isaacs","email":"i@izs.me"},"maintainers":[{"name":"dominictarr","email":"dominic.tarr@gmail.com"},{"name":"isaacs","email":"i@izs.me"}],"directories":{}},"1.1.2":{"name":"config-chain","version":"1.1.2","description":"HANDLE CONFIGURATION ONCE AND FOR ALL","homepage":"http://github.com/dominictarr/config-chain","repository":{"type":"git","url":"https://github.com/dominictarr/config-chain.git"},"dependencies":{"proto-list":"~1.2.1","ini":"~1.0.2"},"devDependencies":{"tap":"0.3.0"},"author":{"name":"Dominic Tarr","email":"dominic.tarr@gmail.com","url":"http://dominictarr.com"},"scripts":{"test":"tap test/"},"_id":"config-chain@1.1.2","dist":{"shasum":"59fe6952602bce4511a45b53b49d453966fe4c35","tarball":"https://registry.npmjs.org/config-chain/-/config-chain-1.1.2.tgz"},"maintainers":[{"name":"dominictarr","email":"dominic.tarr@gmail.com"},{"name":"isaacs","email":"i@izs.me"}],"directories":{}},"1.1.3":{"name":"config-chain","version":"1.1.3","description":"HANDLE CONFIGURATION ONCE AND FOR ALL","homepage":"http://github.com/dominictarr/config-chain","repository":{"type":"git","url":"https://github.com/dominictarr/config-chain.git"},"dependencies":{"proto-list":"~1.2.1","ini":"~1.0.2"},"devDependencies":{"tap":"0.3.0"},"author":{"name":"Dominic Tarr","email":"dominic.tarr@gmail.com","url":"http://dominictarr.com"},"scripts":{"test":"tap test/"},"_id":"config-chain@1.1.3","dist":{"shasum":"71b326c60a358809b2e74066aa0a13d61e5950f5","tarball":"https://registry.npmjs.org/config-chain/-/config-chain-1.1.3.tgz"},"_npmVersion":"1.1.59","_npmUser":{"name":"dominictarr","email":"dominic.tarr@gmail.com"},"maintainers":[{"name":"dominictarr","email":"dominic.tarr@gmail.com"},{"name":"isaacs","email":"i@izs.me"}],"directories":{}},"1.1.4":{"name":"config-chain","version":"1.1.4","description":"HANDLE CONFIGURATION ONCE AND FOR ALL","homepage":"http://github.com/dominictarr/config-chain","repository":{"type":"git","url":"https://github.com/dominictarr/config-chain.git"},"dependencies":{"proto-list":"~1.2.1","ini":"1"},"devDependencies":{"tap":"0.3.0"},"author":{"name":"Dominic Tarr","email":"dominic.tarr@gmail.com","url":"http://dominictarr.com"},"scripts":{"test":"tap test/"},"_id":"config-chain@1.1.4","dist":{"shasum":"db259108338667ca7cc16772d6feb8cf319dd317","tarball":"https://registry.npmjs.org/config-chain/-/config-chain-1.1.4.tgz"},"_from":".","_npmVersion":"1.2.3","_npmUser":{"name":"isaacs","email":"i@izs.me"},"maintainers":[{"name":"dominictarr","email":"dominic.tarr@gmail.com"},{"name":"isaacs","email":"i@izs.me"}],"directories":{}},"1.1.5":{"name":"config-chain","version":"1.1.5","description":"HANDLE CONFIGURATION ONCE AND FOR ALL","homepage":"http://github.com/dominictarr/config-chain","repository":{"type":"git","url":"https://github.com/dominictarr/config-chain.git"},"dependencies":{"proto-list":"~1.2.1","ini":"1"},"devDependencies":{"tap":"0.3.0"},"author":{"name":"Dominic Tarr","email":"dominic.tarr@gmail.com","url":"http://dominictarr.com"},"scripts":{"test":"tap test/"},"_id":"config-chain@1.1.5","dist":{"shasum":"37d98e7cf3f75ed2453629bca41272268a073b69","tarball":"https://registry.npmjs.org/config-chain/-/config-chain-1.1.5.tgz"},"_from":".","_npmVersion":"1.2.3","_npmUser":{"name":"dominictarr","email":"dominic.tarr@gmail.com"},"maintainers":[{"name":"dominictarr","email":"dominic.tarr@gmail.com"},{"name":"isaacs","email":"i@izs.me"}],"directories":{}},"1.1.6":{"name":"config-chain","version":"1.1.6","description":"HANDLE CONFIGURATION ONCE AND FOR ALL","homepage":"http://github.com/dominictarr/config-chain","repository":{"type":"git","url":"https://github.com/dominictarr/config-chain.git"},"dependencies":{"proto-list":"~1.2.1","ini":"1"},"devDependencies":{"tap":"0.3.0"},"author":{"name":"Dominic Tarr","email":"dominic.tarr@gmail.com","url":"http://dominictarr.com"},"scripts":{"test":"tap test/"},"_id":"config-chain@1.1.6","dist":{"shasum":"fd5db515d054936168d7fc1e5944da63e3182cc0","tarball":"https://registry.npmjs.org/config-chain/-/config-chain-1.1.6.tgz"},"_from":".","_npmVersion":"1.2.3","_npmUser":{"name":"dominictarr","email":"dominic.tarr@gmail.com"},"maintainers":[{"name":"dominictarr","email":"dominic.tarr@gmail.com"},{"name":"isaacs","email":"i@izs.me"}],"directories":{}},"0.3.4":{"name":"config-chain","version":"0.3.4","description":"HANDLE CONFIGURATION ONCE AND FOR ALL","homepage":"http://github.com/dominictarr/config-chain","repository":{"type":"git","url":"https://github.com/dominictarr/config-chain.git"},"dependencies":{"proto-list":"1","ini":"~1.0.2"},"devDependencies":{"tap":"0.3.0"},"author":{"name":"Dominic Tarr","email":"dominic.tarr@gmail.com","url":"http://dominictarr.com"},"scripts":{"test":"tap test/"},"_id":"config-chain@0.3.4","dist":{"shasum":"9fb531cf5b300aba348328672be7ba94dbfcf58a","tarball":"https://registry.npmjs.org/config-chain/-/config-chain-0.3.4.tgz"},"_from":".","_npmVersion":"1.2.3","_npmUser":{"name":"dominictarr","email":"dominic.tarr@gmail.com"},"maintainers":[{"name":"dominictarr","email":"dominic.tarr@gmail.com"},{"name":"isaacs","email":"i@izs.me"}],"directories":{}},"1.1.7":{"name":"config-chain","version":"1.1.7","description":"HANDLE CONFIGURATION ONCE AND FOR ALL","homepage":"http://github.com/dominictarr/config-chain","repository":{"type":"git","url":"https://github.com/dominictarr/config-chain.git"},"dependencies":{"proto-list":"~1.2.1","ini":"1"},"devDependencies":{"tap":"0.3.0"},"author":{"name":"Dominic Tarr","email":"dominic.tarr@gmail.com","url":"http://dominictarr.com"},"scripts":{"test":"tap test/"},"_id":"config-chain@1.1.7","dist":{"shasum":"99fcaaaf343a557782a142d201747bb8142bbf9a","tarball":"https://registry.npmjs.org/config-chain/-/config-chain-1.1.7.tgz"},"_from":".","_npmVersion":"1.2.3","_npmUser":{"name":"dominictarr","email":"dominic.tarr@gmail.com"},"maintainers":[{"name":"dominictarr","email":"dominic.tarr@gmail.com"},{"name":"isaacs","email":"i@izs.me"}],"directories":{}},"1.1.8":{"name":"config-chain","version":"1.1.8","description":"HANDLE CONFIGURATION ONCE AND FOR ALL","homepage":"http://github.com/dominictarr/config-chain","repository":{"type":"git","url":"https://github.com/dominictarr/config-chain.git"},"dependencies":{"proto-list":"~1.2.1","ini":"1"},"devDependencies":{"tap":"0.3.0"},"author":{"name":"Dominic Tarr","email":"dominic.tarr@gmail.com","url":"http://dominictarr.com"},"scripts":{"test":"tap test/"},"bugs":{"url":"https://github.com/dominictarr/config-chain/issues"},"_id":"config-chain@1.1.8","dist":{"shasum":"0943d0b7227213a20d4eaff4434f4a1c0a052cad","tarball":"https://registry.npmjs.org/config-chain/-/config-chain-1.1.8.tgz"},"_from":".","_npmVersion":"1.3.6","_npmUser":{"name":"dominictarr","email":"dominic.tarr@gmail.com"},"maintainers":[{"name":"dominictarr","email":"dominic.tarr@gmail.com"},{"name":"isaacs","email":"i@izs.me"}],"directories":{}},"1.1.9":{"name":"config-chain","version":"1.1.9","licenses":[{"type":"MIT","url":"https://raw.githubusercontent.com/dominictarr/config-chain/master/LICENCE"}],"description":"HANDLE CONFIGURATION ONCE AND FOR ALL","homepage":"http://github.com/dominictarr/config-chain","repository":{"type":"git","url":"https://github.com/dominictarr/config-chain.git"},"dependencies":{"proto-list":"~1.2.1","ini":"1"},"devDependencies":{"tap":"0.3.0"},"author":{"name":"Dominic Tarr","email":"dominic.tarr@gmail.com","url":"http://dominictarr.com"},"scripts":{"test":"tap test/"},"gitHead":"832609897082a0a887c59dadb105f4db6de1ab4c","bugs":{"url":"https://github.com/dominictarr/config-chain/issues"},"_id":"config-chain@1.1.9","_shasum":"39ac7d4dca84faad926124c54cff25a53aa8bf6e","_from":".","_npmVersion":"2.11.0","_nodeVersion":"0.12.4","_npmUser":{"name":"dominictarr","email":"dominic.tarr@gmail.com"},"maintainers":[{"name":"dominictarr","email":"dominic.tarr@gmail.com"},{"name":"isaacs","email":"i@izs.me"}],"dist":{"shasum":"39ac7d4dca84faad926124c54cff25a53aa8bf6e","tarball":"https://registry.npmjs.org/config-chain/-/config-chain-1.1.9.tgz"},"directories":{}},"1.1.10":{"name":"config-chain","version":"1.1.10","licenses":[{"type":"MIT","url":"https://raw.githubusercontent.com/dominictarr/config-chain/master/LICENCE"}],"description":"HANDLE CONFIGURATION ONCE AND FOR ALL","homepage":"http://github.com/dominictarr/config-chain","repository":{"type":"git","url":"git+https://github.com/dominictarr/config-chain.git"},"dependencies":{"proto-list":"~1.2.1","ini":"^1.3.4"},"devDependencies":{"tap":"0.3.0"},"author":{"name":"Dominic Tarr","email":"dominic.tarr@gmail.com","url":"http://dominictarr.com"},"scripts":{"test":"tap test/"},"gitHead":"0b6db3e14b9cdbe31460292bc4caf3983f977816","bugs":{"url":"https://github.com/dominictarr/config-chain/issues"},"_id":"config-chain@1.1.10","_shasum":"7fc383de0fcc84d711cb465bd176579cad612346","_from":".","_npmVersion":"3.3.12","_nodeVersion":"5.3.0","_npmUser":{"name":"dominictarr","email":"dominic.tarr@gmail.com"},"dist":{"shasum":"7fc383de0fcc84d711cb465bd176579cad612346","tarball":"https://registry.npmjs.org/config-chain/-/config-chain-1.1.10.tgz"},"maintainers":[{"name":"dominictarr","email":"dominic.tarr@gmail.com"},{"name":"isaacs","email":"i@izs.me"}],"directories":{}},"1.1.11":{"name":"config-chain","version":"1.1.11","licenses":[{"type":"MIT","url":"https://raw.githubusercontent.com/dominictarr/config-chain/master/LICENCE"}],"description":"HANDLE CONFIGURATION ONCE AND FOR ALL","homepage":"http://github.com/dominictarr/config-chain","repository":{"type":"git","url":"git+https://github.com/dominictarr/config-chain.git"},"dependencies":{"proto-list":"~1.2.1","ini":"^1.3.4"},"devDependencies":{"tap":"0.3.0"},"author":{"name":"Dominic Tarr","email":"dominic.tarr@gmail.com","url":"http://dominictarr.com"},"scripts":{"test":"tap test/"},"gitHead":"0976c33f2f126a060a289284bb031a5f7aeba329","bugs":{"url":"https://github.com/dominictarr/config-chain/issues"},"_id":"config-chain@1.1.11","_shasum":"aba09747dfbe4c3e70e766a6e41586e1859fc6f2","_from":".","_npmVersion":"3.9.3","_nodeVersion":"6.4.0","_npmUser":{"name":"dominictarr","email":"dominic.tarr@gmail.com"},"dist":{"shasum":"aba09747dfbe4c3e70e766a6e41586e1859fc6f2","tarball":"https://registry.npmjs.org/config-chain/-/config-chain-1.1.11.tgz"},"maintainers":[{"name":"dominictarr","email":"dominic.tarr@gmail.com"},{"name":"isaacs","email":"i@izs.me"}],"_npmOperationalInternal":{"host":"packages-12-west.internal.npmjs.com","tmp":"tmp/config-chain-1.1.11.tgz_1475546049061_0.23554040002636611"},"directories":{}}},"maintainers":[{"email":"dominic.tarr@gmail.com","name":"dominictarr"},{"email":"i@izs.me","name":"isaacs"},{"email":"dawsonbotsford@gmail.com","name":"dawsonbotsford"}],"time":{"modified":"2018-06-20T21:00:34.033Z","created":"2011-11-05T12:50:54.160Z","0.1.0":"2011-11-05T12:50:58.792Z","0.1.1":"2012-07-30T20:09:57.328Z","0.2.0":"2012-08-05T12:12:39.799Z","0.3.0":"2012-08-05T12:38:48.694Z","0.3.1":"2012-08-05T13:26:39.650Z","0.3.2":"2012-08-05T13:34:01.022Z","0.3.3":"2012-08-05T19:26:07.084Z","1.0.0":"2012-08-14T01:14:34.813Z","1.0.1":"2012-08-14T03:11:36.815Z","1.1.0":"2012-08-14T12:14:21.720Z","1.1.1":"2012-08-15T02:40:16.403Z","1.1.2":"2012-08-28T23:48:26.197Z","1.1.3":"2012-11-14T04:21:26.819Z","1.1.4":"2013-01-30T07:02:13.985Z","1.1.5":"2013-02-06T08:24:07.721Z","1.1.6":"2013-04-07T18:27:32.262Z","0.3.4":"2013-04-07T21:24:42.410Z","1.1.7":"2013-04-12T23:48:44.415Z","1.1.8":"2013-09-20T11:48:49.006Z","1.1.9":"2015-06-02T18:43:35.124Z","1.1.10":"2016-01-18T03:54:36.971Z","1.1.11":"2016-10-04T01:54:09.310Z"},"author":{"name":"Dominic Tarr","email":"dominic.tarr@gmail.com","url":"http://dominictarr.com"},"repository":{"type":"git","url":"git+https://github.com/dominictarr/config-chain.git"},"users":{"fgribreau":true,"nrn":true,"maxgfeller":true,"subchen":true,"silentcloud":true,"bret":true,"icirellik":true,"progmer":true,"ubi":true,"imsovru":true,"aacn500":true,"mr-smiley":true},"readme":"#config-chain\n\nUSE THIS MODULE TO LOAD ALL YOUR CONFIGURATIONS\n\n## NOTE: Feature Freeze\n\n[![locked](http://badges.github.io/stability-badges/dist/locked.svg)](http://github.com/badges/stability-badges)\n\nThis module is frozen.\n\nIn general, I'd recommend using [rc](https://github.com/dominictarr/rc) instead,\nbut as [npm](https://github.com/npmjs/npm) depends on this, it cannot be changed.\n\n``` js\n\n  //npm install config-chain\n\n  var cc = require('config-chain')\n    , opts = require('optimist').argv //ALWAYS USE OPTIMIST FOR COMMAND LINE OPTIONS.\n    , env = opts.env || process.env.YOUR_APP_ENV || 'dev' //SET YOUR ENV LIKE THIS.\n\n  // EACH ARG TO CONFIGURATOR IS LOADED INTO CONFIGURATION CHAIN\n  // EARLIER ITEMS OVERIDE LATER ITEMS\n  // PUTS COMMAND LINE OPTS FIRST, AND DEFAULTS LAST!\n\n  //strings are interpereted as filenames.\n  //will be loaded synchronously\n\n  var conf =\n  cc(\n    //OVERRIDE SETTINGS WITH COMMAND LINE OPTS\n    opts,\n\n    //ENV VARS IF PREFIXED WITH 'myApp_'\n\n    cc.env('myApp_'), //myApp_foo = 'like this'\n\n    //FILE NAMED BY ENV\n    path.join(__dirname,  'config.' + env + '.json'),\n\n    //IF `env` is PRODUCTION\n    env === 'prod'\n      ? path.join(__dirname, 'special.json') //load a special file\n      : null //NULL IS IGNORED!\n\n    //SUBDIR FOR ENV CONFIG\n    path.join(__dirname,  'config', env, 'config.json'),\n\n    //SEARCH PARENT DIRECTORIES FROM CURRENT DIR FOR FILE\n    cc.find('config.json'),\n\n    //PUT DEFAULTS LAST\n    {\n      host: 'localhost'\n      port: 8000\n    })\n\n  var host = conf.get('host')\n\n  // or\n\n  var host = conf.store.host\n\n```\n\nFINALLY, EASY FLEXIBLE CONFIGURATIONS!\n\n##see also: [proto-list](https://github.com/isaacs/proto-list/)\n\nWHATS THAT YOU SAY?\n\nYOU WANT A \"CLASS\" SO THAT YOU CAN DO CRAYCRAY JQUERY CRAPS?\n\nEXTEND WITH YOUR OWN FUNCTIONALTY!?\n\n## CONFIGCHAIN LIVES TO SERVE ONLY YOU!\n\n```javascript\nvar cc = require('config-chain')\n\n// all the stuff you did before\nvar config = cc({\n      some: 'object'\n    },\n    cc.find('config.json'),\n    cc.env('myApp_')\n  )\n  // CONFIGS AS A SERVICE, aka \"CaaS\", aka EVERY DEVOPS DREAM OMG!\n  .addUrl('http://configurator:1234/my-configs')\n  // ASYNC FTW!\n  .addFile('/path/to/file.json')\n\n  // OBJECTS ARE OK TOO, they're SYNC but they still ORDER RIGHT\n  // BECAUSE PROMISES ARE USED BUT NO, NOT *THOSE* PROMISES, JUST\n  // ACTUAL PROMISES LIKE YOU MAKE TO YOUR MOM, KEPT OUT OF LOVE\n  .add({ another: 'object' })\n\n  // DIE A THOUSAND DEATHS IF THIS EVER HAPPENS!!\n  .on('error', function (er) {\n    // IF ONLY THERE WAS SOMETHIGN HARDER THAN THROW\n    // MY SORROW COULD BE ADEQUATELY EXPRESSED.  /o\\\n    throw er\n  })\n\n  // THROW A PARTY IN YOUR FACE WHEN ITS ALL LOADED!!\n  .on('load', function (config) {\n    console.awesome('HOLY SHIT!')\n  })\n```\n\n# BORING API DOCS\n\n## cc(...args)\n\nMAKE A CHAIN AND ADD ALL THE ARGS.\n\nIf the arg is a STRING, then it shall be a JSON FILENAME.\n\nSYNC I/O!\n\nRETURN THE CHAIN!\n\n## cc.json(...args)\n\nJoin the args INTO A JSON FILENAME!\n\nSYNC I/O!\n\n## cc.find(relativePath)\n\nSEEK the RELATIVE PATH by climbing the TREE OF DIRECTORIES.\n\nRETURN THE FOUND PATH!\n\nSYNC I/O!\n\n## cc.parse(content, file, type)\n\nParse the content string, and guess the type from either the\nspecified type or the filename.\n\nRETURN THE RESULTING OBJECT!\n\nNO I/O!\n\n## cc.env(prefix, env=process.env)\n\nGet all the keys on the provided env object (or process.env) which are\nprefixed by the specified prefix, and put the values on a new object.\n\nRETURN THE RESULTING OBJECT!\n\nNO I/O!\n\n## cc.ConfigChain()\n\nThe ConfigChain class for CRAY CRAY JQUERY STYLE METHOD CHAINING!\n\nOne of these is returned by the main exported function, as well.\n\nIt inherits (prototypically) from\n[ProtoList](https://github.com/isaacs/proto-list/), and also inherits\n(parasitically) from\n[EventEmitter](http://nodejs.org/api/events.html#events_class_events_eventemitter)\n\nIt has all the methods from both, and except where noted, they are\nunchanged.\n\n### LET IT BE KNOWN THAT chain IS AN INSTANCE OF ConfigChain.\n\n## chain.sources\n\nA list of all the places where it got stuff.  The keys are the names\npassed to addFile or addUrl etc, and the value is an object with some\ninfo about the data source.\n\n## chain.addFile(filename, type, [name=filename])\n\nFilename is the name of the file.  Name is an arbitrary string to be\nused later if you desire.  Type is either 'ini' or 'json', and will\ntry to guess intelligently if omitted.\n\nLoaded files can be saved later.\n\n## chain.addUrl(url, type, [name=url])\n\nSame as the filename thing, but with a url.\n\nCan't be saved later.\n\n## chain.addEnv(prefix, env, [name='env'])\n\nAdd all the keys from the env object that start with the prefix.\n\n## chain.addString(data, file, type, [name])\n\nParse the string and add it to the set.  (Mainly used internally.)\n\n## chain.add(object, [name])\n\nAdd the object to the set.\n\n## chain.root {Object}\n\nThe root from which all the other config objects in the set descend\nprototypically.\n\nPut your defaults here.\n\n## chain.set(key, value, name)\n\nSet the key to the value on the named config object.  If name is\nunset, then set it on the first config object in the set.  (That is,\nthe one with the highest priority, which was added first.)\n\n## chain.get(key, [name])\n\nGet the key from the named config object explicitly, or from the\nresolved configs if not specified.\n\n## chain.save(name, type)\n\nWrite the named config object back to its origin.\n\nCurrently only supported for env and file config types.\n\nFor files, encode the data according to the type.\n\n## chain.on('save', function () {})\n\nWhen one or more files are saved, emits `save` event when they're all\nsaved.\n\n## chain.on('load', function (chain) {})\n\nWhen the config chain has loaded all the specified files and urls and\nsuch, the 'load' event fires.\n","homepage":"http://github.com/dominictarr/config-chain","bugs":{"url":"https://github.com/dominictarr/config-chain/issues"},"readmeFilename":"readme.markdown","_attachments":{},"_etag":"W/\"7c7e5fe2877b19a7a59b37ba3159ceda\"","_lastModified":"Wed, 20 Jun 2018 21:00:35 GMT"}