{"_id":"unique-slug","_rev":"5-6b5f16079e9366bf1105dac4c888dc62","name":"unique-slug","description":"Generate a unique character string suitible for use in files and URLs.","dist-tags":{"latest":"2.0.0"},"versions":{"1.0.0":{"name":"unique-slug","version":"1.0.0","description":"Generate a unique character string suitible for use in files and URLs.","main":"index.js","scripts":{"test":"standard && tap test"},"keywords":[],"author":{"name":"Rebecca Turner","email":"me@re-becca.org","url":"http://re-becca.org"},"license":"ISC","devDependencies":{"standard":"^3.7.3","tap":"^1.0.0"},"repository":{"type":"git","url":"git://github.com/iarna/unique-slug.git"},"gitHead":"024b3bd3c0184550702c93f088822e3f38da5c17","bugs":{"url":"https://github.com/iarna/unique-slug/issues"},"homepage":"https://github.com/iarna/unique-slug","_id":"unique-slug@1.0.0","_shasum":"4459d12416f576cc091a3deb19939ec99c735626","_from":".","_npmVersion":"2.7.6","_nodeVersion":"1.6.2","_npmUser":{"name":"iarna","email":"me@re-becca.org"},"maintainers":[{"name":"iarna","email":"me@re-becca.org"}],"dist":{"shasum":"4459d12416f576cc091a3deb19939ec99c735626","tarball":"https://registry.npmjs.org/unique-slug/-/unique-slug-1.0.0.tgz"},"directories":{}},"2.0.0":{"name":"unique-slug","version":"2.0.0","description":"Generate a unique character string suitible for use in files and URLs.","main":"index.js","scripts":{"test":"standard && tap --coverage test"},"keywords":[],"author":{"name":"Rebecca Turner","email":"me@re-becca.org","url":"http://re-becca.org"},"license":"ISC","devDependencies":{"standard":"^5.4.1","tap":"^2.3.1"},"repository":{"type":"git","url":"git://github.com/iarna/unique-slug.git"},"dependencies":{"imurmurhash":"^0.1.4"},"gitHead":"b1d9d082ee5bd381961a2011a9aa3d9988e83ca7","bugs":{"url":"https://github.com/iarna/unique-slug/issues"},"homepage":"https://github.com/iarna/unique-slug#readme","_id":"unique-slug@2.0.0","_shasum":"db6676e7c7cc0629878ff196097c78855ae9f4ab","_from":".","_npmVersion":"3.5.1","_nodeVersion":"5.1.0","_npmUser":{"name":"othiym23","email":"ogd@aoaioxxysz.net"},"dist":{"shasum":"db6676e7c7cc0629878ff196097c78855ae9f4ab","tarball":"https://registry.npmjs.org/unique-slug/-/unique-slug-2.0.0.tgz"},"maintainers":[{"name":"iarna","email":"me@re-becca.org"},{"name":"othiym23","email":"ogd@aoaioxxysz.net"}],"directories":{}}},"readme":"unique-slug\n===========\n\nGenerate a unique character string suitible for use in files and URLs.\n\n```\nvar uniqueSlug = require('unique-slug')\n\nvar randomSlug = uniqueSlug()\nvar fileSlug = uniqueSlug('/etc/passwd')\n```\n\n### uniqueSlug(*str*) → String (8 chars)\n\nIf *str* is passed in then the return value will be its murmur hash in\nhex.\n\nIf *str* is not passed in, it will be 4 bytes coverted into 8 hex\ncharacters, generated by `crypto.pseudoRandomBytes`.\n\n","maintainers":[{"email":"ogd@aoaioxxysz.net","name":"othiym23"},{"email":"me@re-becca.org","name":"iarna"}],"time":{"modified":"2017-07-13T22:50:37.212Z","created":"2015-05-07T22:25:31.152Z","1.0.0":"2015-05-07T22:25:31.152Z","2.0.0":"2015-12-03T22:44:34.276Z"},"homepage":"https://github.com/iarna/unique-slug#readme","keywords":[],"repository":{"type":"git","url":"git://github.com/iarna/unique-slug.git"},"author":{"name":"Rebecca Turner","email":"me@re-becca.org","url":"http://re-becca.org"},"bugs":{"url":"https://github.com/iarna/unique-slug/issues"},"license":"ISC","readmeFilename":"README.md","users":{"iarna":true},"_attachments":{},"_etag":"W/\"952fcade2a278c3dbf29534be955dc35\"","_lastModified":"Sun, 27 May 2018 20:28:51 GMT"}