{"_id":"promzard","_rev":"41-1922e5e7a348c7ae61b68ae73766183e","name":"promzard","description":"prompting wizardly","dist-tags":{"latest":"0.3.0"},"versions":{"0.0.1":{"author":{"name":"Isaac Z. Schlueter","email":"i@izs.me","url":"http://blog.izs.me/"},"name":"promzard","description":"prompting wizardly","version":"0.0.1","repository":{"url":"git://github.com/isaacs/promzard"},"dependencies":{"read":"0.0.3"},"devDependencies":{"tap":"~0.2.5"},"main":"promzard.js","scripts":{"test":"tap test/*.js"},"_id":"promzard@0.0.1","dist":{"shasum":"deff6760bf8f69dbdee6d9da66783570ed1f81ab","tarball":"https://registry.npmjs.org/promzard/-/promzard-0.0.1.tgz"},"maintainers":[{"name":"isaacs","email":"i@izs.me"}],"directories":{}},"0.0.2":{"author":{"name":"Isaac Z. Schlueter","email":"i@izs.me","url":"http://blog.izs.me/"},"name":"promzard","description":"prompting wizardly","version":"0.0.2","repository":{"url":"git://github.com/isaacs/promzard"},"dependencies":{"read":"0"},"devDependencies":{"tap":"~0.2.5"},"main":"promzard.js","scripts":{"test":"tap test/*.js"},"_id":"promzard@0.0.2","dist":{"shasum":"e3bf7916aa49102b0c5a887e5611884d41a27003","tarball":"https://registry.npmjs.org/promzard/-/promzard-0.0.2.tgz"},"maintainers":[{"name":"isaacs","email":"i@izs.me"}],"directories":{}},"0.1.4":{"author":{"name":"Isaac Z. Schlueter","email":"i@izs.me","url":"http://blog.izs.me/"},"name":"promzard","description":"prompting wizardly","version":"0.1.4","repository":{"url":"git://github.com/isaacs/promzard"},"dependencies":{"read":"0"},"devDependencies":{"tap":"~0.2.5"},"main":"promzard.js","scripts":{"test":"tap test/*.js"},"_id":"promzard@0.1.4","dist":{"shasum":"cf255708734b70101e3e0c83dbf34da80d504d00","tarball":"https://registry.npmjs.org/promzard/-/promzard-0.1.4.tgz"},"maintainers":[{"name":"isaacs","email":"i@izs.me"}],"directories":{}},"0.1.5":{"author":{"name":"Isaac Z. Schlueter","email":"i@izs.me","url":"http://blog.izs.me/"},"name":"promzard","description":"prompting wizardly","version":"0.1.5","repository":{"url":"git://github.com/isaacs/promzard"},"dependencies":{"read":"0"},"devDependencies":{"tap":"~0.2.5"},"main":"promzard.js","scripts":{"test":"tap test/*.js"},"_id":"promzard@0.1.5","dist":{"shasum":"124db51af3b695fe790add09dd8c265ce743a603","tarball":"https://registry.npmjs.org/promzard/-/promzard-0.1.5.tgz"},"maintainers":[{"name":"isaacs","email":"i@izs.me"}],"directories":{}},"0.2.0":{"author":{"name":"Isaac Z. Schlueter","email":"i@izs.me","url":"http://blog.izs.me/"},"name":"promzard","description":"prompting wizardly","version":"0.2.0","repository":{"url":"git://github.com/isaacs/promzard"},"dependencies":{"read":"1"},"devDependencies":{"tap":"~0.2.5"},"main":"promzard.js","scripts":{"test":"tap test/*.js"},"_id":"promzard@0.2.0","dist":{"shasum":"766f33807faadeeecacf8057024fe5f753cfa3c1","tarball":"https://registry.npmjs.org/promzard/-/promzard-0.2.0.tgz"},"maintainers":[{"name":"isaacs","email":"i@izs.me"}],"directories":{}},"0.2.1":{"author":{"name":"Isaac Z. Schlueter","email":"i@izs.me","url":"http://blog.izs.me/"},"name":"promzard","description":"prompting wizardly","version":"0.2.1","repository":{"url":"git://github.com/isaacs/promzard"},"dependencies":{"read":"1"},"devDependencies":{"tap":"~0.2.5"},"main":"promzard.js","scripts":{"test":"tap test/*.js"},"license":"ISC","bugs":{"url":"https://github.com/isaacs/promzard/issues"},"homepage":"https://github.com/isaacs/promzard","_id":"promzard@0.2.1","dist":{"shasum":"c4c7cbe5182465c13b43540be9daf47098b4e75b","tarball":"https://registry.npmjs.org/promzard/-/promzard-0.2.1.tgz"},"_from":".","_npmVersion":"1.3.22","_npmUser":{"name":"isaacs","email":"i@izs.me"},"maintainers":[{"name":"isaacs","email":"i@izs.me"}],"directories":{}},"0.2.2":{"author":{"name":"Isaac Z. Schlueter","email":"i@izs.me","url":"http://blog.izs.me/"},"name":"promzard","description":"prompting wizardly","version":"0.2.2","repository":{"url":"git://github.com/isaacs/promzard"},"dependencies":{"read":"1"},"devDependencies":{"tap":"~0.2.5"},"main":"promzard.js","scripts":{"test":"tap test/*.js"},"license":"ISC","bugs":{"url":"https://github.com/isaacs/promzard/issues"},"homepage":"https://github.com/isaacs/promzard","_id":"promzard@0.2.2","_shasum":"918b9f2b29458cb001781a8856502e4a79b016e0","_from":".","_npmVersion":"1.4.10","_npmUser":{"name":"isaacs","email":"i@izs.me"},"maintainers":[{"name":"isaacs","email":"i@izs.me"}],"dist":{"shasum":"918b9f2b29458cb001781a8856502e4a79b016e0","tarball":"https://registry.npmjs.org/promzard/-/promzard-0.2.2.tgz"},"directories":{}},"0.3.0":{"author":{"name":"Isaac Z. Schlueter","email":"i@izs.me","url":"http://blog.izs.me/"},"name":"promzard","description":"prompting wizardly","version":"0.3.0","repository":{"url":"git://github.com/isaacs/promzard"},"dependencies":{"read":"1"},"devDependencies":{"tap":"~0.2.5"},"main":"promzard.js","scripts":{"test":"tap test/*.js"},"license":"ISC","gitHead":"780ead051299aa28be2584199ab6fa503a32d354","bugs":{"url":"https://github.com/isaacs/promzard/issues"},"homepage":"https://github.com/isaacs/promzard","_id":"promzard@0.3.0","_shasum":"26a5d6ee8c7dee4cb12208305acfb93ba382a9ee","_from":".","_npmVersion":"2.7.1","_nodeVersion":"1.4.2","_npmUser":{"name":"isaacs","email":"i@izs.me"},"maintainers":[{"name":"isaacs","email":"i@izs.me"}],"dist":{"shasum":"26a5d6ee8c7dee4cb12208305acfb93ba382a9ee","tarball":"https://registry.npmjs.org/promzard/-/promzard-0.3.0.tgz"},"directories":{}}},"readme":"# promzard\n\nA prompting wizard for building files from specialized PromZard modules.\nUsed by `npm init`.\n\nA reimplementation of @SubStack's\n[prompter](https://github.com/substack/node-prompter), which does not\nuse AST traversal.\n\nFrom another point of view, it's a reimplementation of\n[@Marak](https://github.com/marak)'s\n[wizard](https://github.com/Marak/wizard) which doesn't use schemas.\n\nThe goal is a nice drop-in enhancement for `npm init`.\n\n## Usage\n\n```javascript\nvar promzard = require('promzard')\npromzard(inputFile, optionalContextAdditions, function (er, data) {\n  // .. you know what you doing ..\n})\n```\n\nIn the `inputFile` you can have something like this:\n\n```javascript\nvar fs = require('fs')\nmodule.exports = {\n  \"greeting\": prompt(\"Who shall you greet?\", \"world\", function (who) {\n    return \"Hello, \" + who\n  }),\n  \"filename\": __filename,\n  \"directory\": function (cb) {\n    fs.readdir(__dirname, cb)\n  }\n}\n```\n\nWhen run, promzard will display the prompts and resolve the async\nfunctions in order, and then either give you an error, or the resolved\ndata, ready to be dropped into a JSON file or some other place.\n\n\n### promzard(inputFile, ctx, callback)\n\nThe inputFile is just a node module.  You can require() things, set\nmodule.exports, etc.  Whatever that module exports is the result, and it\nis walked over to call any functions as described below.\n\nThe only caveat is that you must give PromZard the full absolute path\nto the module (you can get this via Node's `require.resolve`.)  Also,\nthe `prompt` function is injected into the context object, so watch out.\n\nWhatever you put in that `ctx` will of course also be available in the\nmodule.  You can get quite fancy with this, passing in existing configs\nand so on.\n\n### Class: promzard.PromZard(file, ctx)\n\nJust like the `promzard` function, but the EventEmitter that makes it\nall happen.  Emits either a `data` event with the data, or a `error`\nevent if it blows up.\n\nIf `error` is emitted, then `data` never will be.\n\n### prompt(...)\n\nIn the promzard input module, you can call the `prompt` function.\nThis prompts the user to input some data.  The arguments are interpreted\nbased on type:\n\n1. `string`  The first string encountered is the prompt.  The second is\n   the default value.\n2. `function` A transformer function which receives the data and returns\n   something else.  More than meets the eye.\n3. `object` The `prompt` member is the prompt, the `default` member is\n   the default value, and the `transform` is the transformer.\n\nWhatever the final value is, that's what will be put on the resulting\nobject.\n\n### Functions\n\nIf there are any functions on the promzard input module's exports, then\npromzard will call each of them with a callback.  This way, your module\ncan do asynchronous actions if necessary to validate or ascertain\nwhatever needs verification.\n\nThe functions are called in the context of the ctx object, and are given\na single argument, which is a callback that should be called with either\nan error, or the result to assign to that spot.\n\nIn the async function, you can also call prompt() and return the result\nof the prompt in the callback.\n\nFor example, this works fine in a promzard module:\n\n```\nexports.asyncPrompt = function (cb) {\n  fs.stat(someFile, function (er, st) {\n    // if there's an error, no prompt, just error\n    // otherwise prompt and use the actual file size as the default\n    cb(er, prompt('file size', st.size))\n  })\n}\n```\n\nYou can also return other async functions in the async function\ncallback.  Though that's a bit silly, it could be a handy way to reuse\nfunctionality in some cases.\n\n### Sync vs Async\n\nThe `prompt()` function is not synchronous, though it appears that way.\nIt just returns a token that is swapped out when the data object is\nwalked over asynchronously later, and returns a token.\n\nFor that reason, prompt() calls whose results don't end up on the data\nobject are never shown to the user.  For example, this will only prompt\nonce:\n\n```\nexports.promptThreeTimes = prompt('prompt me once', 'shame on you')\nexports.promptThreeTimes = prompt('prompt me twice', 'um....')\nexports.promptThreeTimes = prompt('you cant prompt me again')\n```\n\n### Isn't this exactly the sort of 'looks sync' that you said was bad about other libraries?\n\nYeah, sorta.  I wouldn't use promzard for anything more complicated than\na wizard that spits out prompts to set up a config file or something.\nMaybe there are other use cases I haven't considered.\n","maintainers":[{"name":"isaacs","email":"i@izs.me"}],"time":{"modified":"2018-03-16T14:12:50.414Z","created":"2012-06-13T19:34:31.298Z","0.0.1":"2012-06-13T19:34:32.845Z","0.0.2":"2012-06-14T01:15:25.960Z","0.1.0":"2012-06-17T01:17:32.973Z","0.1.1":"2012-06-17T02:03:29.798Z","0.1.2":"2012-06-17T02:29:22.500Z","0.1.3":"2012-06-17T03:17:10.332Z","0.1.4":"2012-06-17T03:57:54.653Z","0.1.5":"2012-06-17T04:17:58.956Z","0.2.0":"2012-07-24T08:13:49.096Z","0.2.1":"2013-12-27T17:35:28.230Z","0.2.2":"2014-05-08T18:07:31.539Z","0.3.0":"2015-03-14T20:40:51.833Z"},"author":{"name":"Isaac Z. Schlueter","email":"i@izs.me","url":"http://blog.izs.me/"},"repository":{"url":"git://github.com/isaacs/promzard"},"users":{"fgribreau":true,"jmorris":true,"dineshbogolu":true},"homepage":"https://github.com/isaacs/promzard","bugs":{"url":"https://github.com/isaacs/promzard/issues"},"license":"ISC","readmeFilename":"README.md","_attachments":{},"_etag":"W/\"b02c1ba503354c9b532cd48ec0467309\"","_lastModified":"Sun, 27 May 2018 13:00:14 GMT"}