{"_id":"growl","_rev":"70-09e0040bfb567c041edf5229b5ff67ae","name":"growl","description":"Growl unobtrusive notifications","dist-tags":{"latest":"1.10.5"},"versions":{"1.0.1":{"name":"growl","version":"1.0.1","description":"Growl unobtrusive notifications","author":{"name":"TJ Holowaychuk","email":"tj@vision-media.ca"},"main":"./lib/growl","_id":"growl@1.0.1","engines":{"node":"*"},"_nodeSupported":true,"_npmVersion":"0.2.7-2","_nodeVersion":"v0.3.1-pre","dist":{"tarball":"https://registry.npmjs.org/growl/-/growl-1.0.1.tgz","shasum":"61b61e1edc065ce0ec6d1c3de0a81865001ee310"},"directories":{}},"1.0.2":{"name":"growl","version":"1.0.2","description":"Growl unobtrusive notifications","author":{"name":"TJ Holowaychuk","email":"tj@vision-media.ca"},"main":"./lib/growl","_id":"growl@1.0.2","engines":{"node":"*"},"_nodeSupported":true,"_npmVersion":"0.2.7-2","_nodeVersion":"v0.3.1-pre","dist":{"tarball":"https://registry.npmjs.org/growl/-/growl-1.0.2.tgz","shasum":"cc009e3e7c4de25dd425f5f6e4a3e1bf42e068f9"},"directories":{}},"1.1.0":{"name":"growl","version":"1.1.0","description":"Growl unobtrusive notifications","author":{"name":"TJ Holowaychuk","email":"tj@vision-media.ca"},"main":"./lib/growl.js","_id":"growl@1.1.0","engines":{"node":"*"},"_engineSupported":true,"_npmVersion":"0.3.15","_nodeVersion":"v0.4.2","directories":{"lib":"./lib"},"files":[""],"_defaultsLoaded":true,"dist":{"shasum":"93808dd6df4e336785d5213b9d47c5047f363623","tarball":"https://registry.npmjs.org/growl/-/growl-1.1.0.tgz"}},"1.2.0":{"name":"growl","version":"1.2.0","description":"Growl unobtrusive notifications","author":{"name":"TJ Holowaychuk","email":"tj@vision-media.ca"},"main":"./lib/growl.js","_npmJsonOpts":{"file":"/Users/tj/.npm/growl/1.2.0/package/package.json","wscript":false,"contributors":false,"serverjs":false},"_id":"growl@1.2.0","dependencies":{},"devDependencies":{},"engines":{"node":"*"},"_engineSupported":true,"_npmVersion":"1.0.24","_nodeVersion":"v0.4.12","_defaultsLoaded":true,"dist":{"shasum":"6ce8efc633a9df9497f938e4981d9aff9f20e105","tarball":"https://registry.npmjs.org/growl/-/growl-1.2.0.tgz"},"scripts":{},"maintainers":[{"name":"tjholowaychuk","email":"tj@vision-media.ca"}],"directories":{}},"1.2.1":{"name":"growl","version":"1.2.1","description":"Growl unobtrusive notifications","author":{"name":"TJ Holowaychuk","email":"tj@vision-media.ca"},"main":"./lib/growl.js","_npmUser":{"name":"tjholowaychuk","email":"tj@vision-media.ca"},"_id":"growl@1.2.1","dependencies":{},"devDependencies":{},"engines":{"node":"*"},"_engineSupported":true,"_npmVersion":"1.0.106","_nodeVersion":"v0.6.4","_defaultsLoaded":true,"dist":{"shasum":"e73abf47b7f51892181bb77bc5f68c68a119bc92","tarball":"https://registry.npmjs.org/growl/-/growl-1.2.1.tgz"},"maintainers":[{"name":"tjholowaychuk","email":"tj@vision-media.ca"}],"directories":{}},"1.3.0":{"name":"growl","version":"1.3.0","description":"Growl unobtrusive notifications","author":{"name":"TJ Holowaychuk","email":"tj@vision-media.ca"},"main":"./lib/growl.js","_npmUser":{"name":"tjholowaychuk","email":"tj@vision-media.ca"},"_id":"growl@1.3.0","dependencies":{},"devDependencies":{},"engines":{"node":"*"},"_engineSupported":true,"_npmVersion":"1.0.106","_nodeVersion":"v0.6.4","_defaultsLoaded":true,"dist":{"shasum":"87890fbf29dd2cdb922f15a8cb3648f3d3efc38e","tarball":"https://registry.npmjs.org/growl/-/growl-1.3.0.tgz"},"maintainers":[{"name":"tjholowaychuk","email":"tj@vision-media.ca"}],"directories":{}},"1.4.0":{"name":"growl","version":"1.4.0","description":"Growl unobtrusive notifications","author":{"name":"TJ Holowaychuk","email":"tj@vision-media.ca"},"main":"./lib/growl.js","_npmUser":{"name":"tjholowaychuk","email":"tj@vision-media.ca"},"_id":"growl@1.4.0","dependencies":{},"devDependencies":{},"engines":{"node":"*"},"_engineSupported":true,"_npmVersion":"1.0.106","_nodeVersion":"v0.6.4","_defaultsLoaded":true,"dist":{"shasum":"13af51d9ea2102bdc8fea2625a72ba4c87685ff8","tarball":"https://registry.npmjs.org/growl/-/growl-1.4.0.tgz"},"maintainers":[{"name":"tjholowaychuk","email":"tj@vision-media.ca"}],"directories":{}},"1.4.1":{"name":"growl","version":"1.4.1","description":"Growl unobtrusive notifications","author":{"name":"TJ Holowaychuk","email":"tj@vision-media.ca"},"main":"./lib/growl.js","_npmUser":{"name":"tjholowaychuk","email":"tj@vision-media.ca"},"_id":"growl@1.4.1","dependencies":{},"devDependencies":{},"engines":{"node":"*"},"_engineSupported":true,"_npmVersion":"1.0.106","_nodeVersion":"v0.6.6","_defaultsLoaded":true,"dist":{"shasum":"dc77840728f89cbb0d6b64f08b6551406ab653c5","tarball":"https://registry.npmjs.org/growl/-/growl-1.4.1.tgz"},"maintainers":[{"name":"tjholowaychuk","email":"tj@vision-media.ca"}],"directories":{}},"1.5.0":{"name":"growl","version":"1.5.0","description":"Growl unobtrusive notifications","author":{"name":"TJ Holowaychuk","email":"tj@vision-media.ca"},"main":"./lib/growl.js","_npmUser":{"name":"tjholowaychuk","email":"tj@vision-media.ca"},"_id":"growl@1.5.0","dependencies":{},"devDependencies":{},"engines":{"node":"*"},"_engineSupported":true,"_npmVersion":"1.0.106","_nodeVersion":"v0.6.7","_defaultsLoaded":true,"dist":{"shasum":"671b42d7fbe065a4bcac5adb147bfb35108869e1","tarball":"https://registry.npmjs.org/growl/-/growl-1.5.0.tgz"},"maintainers":[{"name":"tjholowaychuk","email":"tj@vision-media.ca"}],"directories":{}},"1.5.1":{"name":"growl","version":"1.5.1","description":"Growl unobtrusive notifications","author":{"name":"TJ Holowaychuk","email":"tj@vision-media.ca"},"main":"./lib/growl.js","_npmUser":{"name":"tjholowaychuk","email":"tj@vision-media.ca"},"_id":"growl@1.5.1","dependencies":{},"devDependencies":{},"optionalDependencies":{},"engines":{"node":"*"},"_engineSupported":true,"_npmVersion":"1.1.9","_nodeVersion":"v0.6.12","_defaultsLoaded":true,"dist":{"shasum":"1decd1f22a4b30dae7d363799ec624cf40cc0070","tarball":"https://registry.npmjs.org/growl/-/growl-1.5.1.tgz"},"maintainers":[{"name":"tjholowaychuk","email":"tj@vision-media.ca"}],"directories":{}},"1.6.0":{"name":"growl","version":"1.6.0","description":"Growl unobtrusive notifications","author":{"name":"TJ Holowaychuk","email":"tj@vision-media.ca"},"main":"./lib/growl.js","_id":"growl@1.6.0","dist":{"shasum":"24bc0d689d173cc39f4a76fd2fb09a346c6f3269","tarball":"https://registry.npmjs.org/growl/-/growl-1.6.0.tgz"},"maintainers":[{"name":"tjholowaychuk","email":"tj@vision-media.ca"}],"directories":{}},"1.6.1":{"name":"growl","version":"1.6.1","description":"Growl unobtrusive notifications","author":{"name":"TJ Holowaychuk","email":"tj@vision-media.ca"},"main":"./lib/growl.js","_id":"growl@1.6.1","dist":{"shasum":"c4d9bbae8f9a572295da062b03cd73e1ef2e14b2","tarball":"https://registry.npmjs.org/growl/-/growl-1.6.1.tgz"},"_npmVersion":"1.1.61","_npmUser":{"name":"tjholowaychuk","email":"tj@vision-media.ca"},"maintainers":[{"name":"tjholowaychuk","email":"tj@vision-media.ca"}],"directories":{}},"1.7.0":{"name":"growl","version":"1.7.0","description":"Growl unobtrusive notifications","author":{"name":"TJ Holowaychuk","email":"tj@vision-media.ca"},"main":"./lib/growl.js","_id":"growl@1.7.0","dist":{"shasum":"de2d66136d002e112ba70f3f10c31cf7c350b2da","tarball":"https://registry.npmjs.org/growl/-/growl-1.7.0.tgz"},"_npmVersion":"1.1.66","_npmUser":{"name":"tjholowaychuk","email":"tj@vision-media.ca"},"maintainers":[{"name":"tjholowaychuk","email":"tj@vision-media.ca"}],"directories":{}},"1.8.0":{"name":"growl","version":"1.8.0","description":"Growl unobtrusive notifications","author":{"name":"TJ Holowaychuk","email":"tj@vision-media.ca"},"maintainers":[{"name":"tjholowaychuk","email":"tj@vision-media.ca"},{"name":"jbnicolai","email":"jappelman@xebia.com"}],"repository":{"type":"git","url":"git://github.com/visionmedia/node-growl.git"},"main":"./lib/growl.js","gitHead":"f47cfd30152ce927ff7a1f7342c41716f82f0bc4","bugs":{"url":"https://github.com/visionmedia/node-growl/issues"},"homepage":"https://github.com/visionmedia/node-growl","_id":"growl@1.8.0","scripts":{},"_shasum":"7affb698fa0f6bda7d530cf718cd69ffdb64fbaa","_from":".","_npmVersion":"1.4.20","_npmUser":{"name":"jbnicolai","email":"jappelman@xebia.com"},"dist":{"shasum":"7affb698fa0f6bda7d530cf718cd69ffdb64fbaa","tarball":"https://registry.npmjs.org/growl/-/growl-1.8.0.tgz"},"directories":{}},"1.8.1":{"name":"growl","version":"1.8.1","description":"Growl unobtrusive notifications","author":{"name":"TJ Holowaychuk","email":"tj@vision-media.ca"},"maintainers":[{"name":"tjholowaychuk","email":"tj@vision-media.ca"},{"name":"jbnicolai","email":"jappelman@xebia.com"}],"repository":{"type":"git","url":"git://github.com/visionmedia/node-growl.git"},"main":"./lib/growl.js","gitHead":"882ced3155a57f566887c884d5c6dccb7df435c1","bugs":{"url":"https://github.com/visionmedia/node-growl/issues"},"homepage":"https://github.com/visionmedia/node-growl","_id":"growl@1.8.1","scripts":{},"_shasum":"4b2dec8d907e93db336624dcec0183502f8c9428","_from":".","_npmVersion":"1.4.20","_npmUser":{"name":"jbnicolai","email":"jappelman@xebia.com"},"dist":{"shasum":"4b2dec8d907e93db336624dcec0183502f8c9428","tarball":"https://registry.npmjs.org/growl/-/growl-1.8.1.tgz"},"directories":{}},"1.9.0":{"name":"growl","version":"1.9.0","description":"Growl unobtrusive notifications","author":{"name":"TJ Holowaychuk","email":"tj@vision-media.ca"},"maintainers":[{"name":"tjholowaychuk","email":"tj@vision-media.ca"},{"name":"jbnicolai","email":"jappelman@xebia.com"}],"repository":{"type":"git","url":"git://github.com/visionmedia/node-growl.git"},"main":"./lib/growl.js","license":"MIT","gitHead":"10ffd07ccf8373005206287b3124ebca090dbc21","bugs":{"url":"https://github.com/visionmedia/node-growl/issues"},"homepage":"https://github.com/visionmedia/node-growl","_id":"growl@1.9.0","scripts":{},"_shasum":"3e38692842ce573a6bfa84a2a3a8090a0ca5186f","_from":".","_npmVersion":"2.11.3","_nodeVersion":"0.12.7","_npmUser":{"name":"jbnicolai","email":"jappelman@xebia.com"},"dist":{"shasum":"3e38692842ce573a6bfa84a2a3a8090a0ca5186f","tarball":"https://registry.npmjs.org/growl/-/growl-1.9.0.tgz"},"_npmOperationalInternal":{"host":"packages-9-west.internal.npmjs.com","tmp":"tmp/growl-1.9.0.tgz_1456056189038_0.7525732659269124"},"directories":{}},"1.9.1":{"name":"growl","version":"1.9.1","description":"Growl unobtrusive notifications","author":{"name":"TJ Holowaychuk","email":"tj@vision-media.ca"},"maintainers":[{"name":"tjholowaychuk","email":"tj@vision-media.ca"},{"name":"jbnicolai","email":"jappelman@xebia.com"}],"repository":{"type":"git","url":"git://github.com/tj/node-growl.git"},"main":"./lib/growl.js","license":"MIT","gitHead":"11196ad65088f7c51a62c3a61ab84e9596b98b41","bugs":{"url":"https://github.com/tj/node-growl/issues"},"homepage":"https://github.com/tj/node-growl","_id":"growl@1.9.1","scripts":{},"_shasum":"36069bd4b97d4835cea500a17def603c5df36ce0","_from":".","_npmVersion":"2.11.3","_nodeVersion":"0.12.7","_npmUser":{"name":"jbnicolai","email":"jappelman@xebia.com"},"dist":{"shasum":"36069bd4b97d4835cea500a17def603c5df36ce0","tarball":"https://registry.npmjs.org/growl/-/growl-1.9.1.tgz"},"_npmOperationalInternal":{"host":"packages-6-west.internal.npmjs.com","tmp":"tmp/growl-1.9.1.tgz_1456056327204_0.49342623911798"},"directories":{}},"1.9.2":{"name":"growl","version":"1.9.2","description":"Growl unobtrusive notifications","author":{"name":"TJ Holowaychuk","email":"tj@vision-media.ca"},"maintainers":[{"name":"tjholowaychuk","email":"tj@vision-media.ca"},{"name":"jbnicolai","email":"jappelman@xebia.com"}],"repository":{"type":"git","url":"git://github.com/tj/node-growl.git"},"main":"./lib/growl.js","license":"MIT","gitHead":"dc8aae046df328edd32dd69f3cd2d6b114d7018e","bugs":{"url":"https://github.com/tj/node-growl/issues"},"homepage":"https://github.com/tj/node-growl","_id":"growl@1.9.2","scripts":{},"_shasum":"0ea7743715db8d8de2c5ede1775e1b45ac85c02f","_from":".","_npmVersion":"2.11.3","_nodeVersion":"0.12.7","_npmUser":{"name":"jbnicolai","email":"jappelman@xebia.com"},"dist":{"shasum":"0ea7743715db8d8de2c5ede1775e1b45ac85c02f","tarball":"https://registry.npmjs.org/growl/-/growl-1.9.2.tgz"},"_npmOperationalInternal":{"host":"packages-6-west.internal.npmjs.com","tmp":"tmp/growl-1.9.2.tgz_1456056369289_0.9604133665561676"},"directories":{}},"1.10.0":{"name":"growl","version":"1.10.0","description":"Growl unobtrusive notifications","author":{"name":"TJ Holowaychuk","email":"tj@vision-media.ca"},"maintainers":[{"email":"timo.j.sand@gmail.com","name":"deiga"},{"email":"jappelman@xebia.com","name":"jbnicolai"},{"email":"tj@vision-media.ca","name":"tjholowaychuk"}],"repository":{"type":"git","url":"git://github.com/tj/node-growl.git"},"main":"./lib/growl.js","license":"MIT","gitHead":"3e8a86ff2fdb55d8eaa6e6073059666f676dedb6","bugs":{"url":"https://github.com/tj/node-growl/issues"},"homepage":"https://github.com/tj/node-growl#readme","_id":"growl@1.10.0","_npmVersion":"5.2.0","_nodeVersion":"7.10.0","_npmUser":{"name":"deiga","email":"timo.j.sand@gmail.com"},"dist":{"integrity":"sha512-ElsQbgadAZdhC8L+hx4RJu6fDe5uPCaRjdw8CvD39VYemGQT9CSiLdRAEYFWVIlCbPNlw+G4AbqBhQJF2qyHdg==","shasum":"d6f18c34827383bd89fbd3f03131927c3b7159af","tarball":"https://registry.npmjs.org/growl/-/growl-1.10.0.tgz"},"_npmOperationalInternal":{"host":"s3://npm-registry-packages","tmp":"tmp/growl-1.10.0.tgz_1499999450131_0.08627168042585254"},"directories":{}},"1.10.1":{"name":"growl","version":"1.10.1","description":"Growl unobtrusive notifications","author":{"name":"TJ Holowaychuk","email":"tj@vision-media.ca"},"maintainers":[{"email":"timo.j.sand@gmail.com","name":"deiga"},{"email":"jappelman@xebia.com","name":"jbnicolai"},{"email":"tj@vision-media.ca","name":"tjholowaychuk"}],"repository":{"type":"git","url":"git://github.com/tj/node-growl.git"},"main":"./lib/growl.js","license":"MIT","devDependencies":{"eslint":"^4.2.0","eslint-config-airbnb-base":"^11.2.0","eslint-plugin-import":"^2.7.0"},"scripts":{"test":"node test.js","lint":"eslint --ext js lib "},"engines":{"node":">=4.x"},"gitHead":"3163f4ad5485f6643cd77324510a861a11a8ca32","bugs":{"url":"https://github.com/tj/node-growl/issues"},"homepage":"https://github.com/tj/node-growl#readme","_id":"growl@1.10.1","_npmVersion":"5.3.0","_nodeVersion":"8.1.4","_npmUser":{"name":"deiga","email":"timo.j.sand@gmail.com"},"dist":{"integrity":"sha512-LV1hmegDNsZ4qPQw+QWpzKYgMy6Nrm7BFxmML1m4tENB8n4BeeH6FjgWlw9gxlKPljH1DQ3LMinnd4sWj5HRxg==","shasum":"791b57cb74bf77a94c6cdf13adc4c79a9731ab4c","tarball":"https://registry.npmjs.org/growl/-/growl-1.10.1.tgz"},"_npmOperationalInternal":{"host":"s3://npm-registry-packages","tmp":"tmp/growl-1.10.1.tgz_1500057922163_0.9923390839248896"},"directories":{}},"1.10.2":{"name":"growl","version":"1.10.2","description":"Growl unobtrusive notifications","author":{"name":"TJ Holowaychuk","email":"tj@vision-media.ca"},"maintainers":[{"email":"timo.j.sand@gmail.com","name":"deiga"},{"email":"jappelman@xebia.com","name":"jbnicolai"},{"email":"tj@vision-media.ca","name":"tjholowaychuk"}],"repository":{"type":"git","url":"git://github.com/tj/node-growl.git"},"main":"./lib/growl.js","license":"MIT","devDependencies":{"eslint":"^4.2.0","eslint-config-airbnb-base":"^11.2.0","eslint-plugin-import":"^2.7.0"},"scripts":{"test":"node test.js","lint":"eslint --ext js lib "},"engines":{"node":">=4.x"},"dependencies":{"eslint-plugin-node":"^5.1.0"},"gitHead":"bb0a5ec746a9e31387eeaf4a2ea7e6116e153072","bugs":{"url":"https://github.com/tj/node-growl/issues"},"homepage":"https://github.com/tj/node-growl#readme","_id":"growl@1.10.2","_npmVersion":"5.3.0","_nodeVersion":"8.1.4","_npmUser":{"name":"deiga","email":"timo.j.sand@gmail.com"},"dist":{"integrity":"sha512-nidsnaoWVZIBLwA3sUIp3dA2DP2rT3dwEqINVacQ0+rZmc6UOwj2D729HTEjQYUKb+3wL9MeDbxpZtEiEJoUHQ==","shasum":"8f16dfcd8fb7c04cfc1f4e0012e0ea858726979a","tarball":"https://registry.npmjs.org/growl/-/growl-1.10.2.tgz"},"_npmOperationalInternal":{"host":"s3://npm-registry-packages","tmp":"tmp/growl-1.10.2.tgz_1500235784954_0.07288820971734822"},"directories":{}},"1.10.3":{"name":"growl","version":"1.10.3","description":"Growl unobtrusive notifications","author":{"name":"TJ Holowaychuk","email":"tj@vision-media.ca"},"maintainers":[{"email":"timo.j.sand@gmail.com","name":"deiga"},{"email":"jappelman@xebia.com","name":"jbnicolai"},{"email":"tj@vision-media.ca","name":"tjholowaychuk"}],"repository":{"type":"git","url":"git://github.com/tj/node-growl.git"},"main":"./lib/growl.js","license":"MIT","devDependencies":{"eslint":"^4.8.0","eslint-config-airbnb-base":"^12.0.1","eslint-plugin-import":"^2.7.0","eslint-plugin-node":"^5.2.0"},"scripts":{"test":"node test.js","lint":"eslint --ext js lib "},"engines":{"node":">=4.x"},"gitHead":"1ccc7e8a56a0ff8fbfc95d9c35f3b2cc493469b0","bugs":{"url":"https://github.com/tj/node-growl/issues"},"homepage":"https://github.com/tj/node-growl#readme","_id":"growl@1.10.3","_npmVersion":"5.4.2","_nodeVersion":"8.1.4","_npmUser":{"name":"deiga","email":"timo.j.sand@gmail.com"},"dist":{"integrity":"sha512-hKlsbA5Vu3xsh1Cg3J7jSmX/WaW6A5oBeqzM88oNbCRQFz+zUaXm6yxS4RVytp1scBoJzSYl4YAEOQIt6O8V1Q==","shasum":"1926ba90cf3edfe2adb4927f5880bc22c66c790f","tarball":"https://registry.npmjs.org/growl/-/growl-1.10.3.tgz"},"_npmOperationalInternal":{"host":"s3://npm-registry-packages","tmp":"tmp/growl-1.10.3.tgz_1507135988966_0.3704226699192077"},"directories":{}},"1.10.4":{"name":"growl","version":"1.10.4","description":"Growl unobtrusive notifications","author":{"name":"TJ Holowaychuk","email":"tj@vision-media.ca"},"maintainers":[{"email":"timo.j.sand@gmail.com","name":"deiga"},{"email":"jappelman@xebia.com","name":"jbnicolai"},{"email":"tj@vision-media.ca","name":"tjholowaychuk"}],"repository":{"type":"git","url":"git://github.com/tj/node-growl.git"},"main":"./lib/growl.js","license":"MIT","devDependencies":{"eslint":"^4.8.0","eslint-config-airbnb-base":"^12.0.1","eslint-plugin-import":"^2.7.0","eslint-plugin-node":"^5.2.0"},"scripts":{"test":"node test.js","lint":"eslint --ext js lib "},"engines":{"node":">=4.x"},"gitHead":"197dbc77225e82f5640d0604156cafd9ad47e525","bugs":{"url":"https://github.com/tj/node-growl/issues"},"homepage":"https://github.com/tj/node-growl#readme","_id":"growl@1.10.4","_npmVersion":"5.6.0","_nodeVersion":"8.9.4","_npmUser":{"name":"deiga","email":"timo.j.sand@gmail.com"},"dist":{"integrity":"sha512-/NU+R/D6XukAUz9jAKG/EKEKNCtVvtYv/vPJbhD9Wi2aU/b65xTr4GeMcN3osGraMuSNkvata3Yh1oPjcRJq7g==","shasum":"923f53f90c3df0e696ab55fa74e5d6f254a34d3d","tarball":"https://registry.npmjs.org/growl/-/growl-1.10.4.tgz"},"_npmOperationalInternal":{"host":"s3://npm-registry-packages","tmp":"tmp/growl-1.10.4.tgz_1517222822551_0.30939597357064486"},"directories":{}},"1.10.5":{"name":"growl","version":"1.10.5","description":"Growl unobtrusive notifications","author":{"name":"TJ Holowaychuk","email":"tj@vision-media.ca"},"maintainers":[{"email":"timo.j.sand@gmail.com","name":"deiga"},{"email":"jappelman@xebia.com","name":"jbnicolai"},{"email":"tj@vision-media.ca","name":"tjholowaychuk"}],"repository":{"type":"git","url":"git://github.com/tj/node-growl.git"},"main":"./lib/growl.js","license":"MIT","devDependencies":{"eslint":"^4.8.0","eslint-config-airbnb-base":"^12.0.1","eslint-plugin-import":"^2.7.0","eslint-plugin-node":"^5.2.0"},"scripts":{"test":"node test.js","lint":"eslint --ext js lib "},"engines":{"node":">=4.x"},"gitHead":"95393c8da0d8bab06522a5eb36658a639c24a621","bugs":{"url":"https://github.com/tj/node-growl/issues"},"homepage":"https://github.com/tj/node-growl#readme","_id":"growl@1.10.5","_npmVersion":"5.6.0","_nodeVersion":"8.9.4","_npmUser":{"name":"deiga","email":"timo.j.sand@gmail.com"},"dist":{"integrity":"sha512-qBr4OuELkhPenW6goKVXiv47US3clb3/IbuWF9KNKEijAy9oeHxU9IgzjvJhHkUzhaj7rOUD7+YGWqUjLp5oSA==","shasum":"f2735dc2283674fa67478b10181059355c369e5e","tarball":"https://registry.npmjs.org/growl/-/growl-1.10.5.tgz","fileCount":9,"unpackedSize":59268},"directories":{},"_npmOperationalInternal":{"host":"s3://npm-registry-packages","tmp":"tmp/growl_1.10.5_1522856683008_0.5375250422240887"}}},"maintainers":[{"email":"timo.j.sand@gmail.com","name":"deiga"},{"email":"jappelman@xebia.com","name":"jbnicolai"},{"email":"tj@vision-media.ca","name":"tjholowaychuk"}],"author":{"name":"TJ Holowaychuk","email":"tj@vision-media.ca"},"time":{"modified":"2018-04-04T15:44:43.766Z","created":"2011-03-18T18:48:55.778Z","1.0.1":"2011-03-18T18:48:55.778Z","1.0.2":"2011-03-18T18:48:55.778Z","1.1.0":"2011-03-18T18:48:55.778Z","1.2.0":"2011-10-06T21:37:19.052Z","1.2.1":"2011-12-17T16:29:16.488Z","1.3.0":"2011-12-17T16:30:14.577Z","1.4.0":"2011-12-17T16:36:56.900Z","1.4.1":"2011-12-28T21:59:39.106Z","1.5.0":"2012-02-08T15:54:29.400Z","1.5.1":"2012-04-08T18:02:54.678Z","1.6.0":"2012-09-06T23:31:26.679Z","1.6.1":"2012-09-25T15:31:44.222Z","1.7.0":"2012-12-30T17:27:20.583Z","1.8.0":"2014-07-06T01:03:34.248Z","1.8.1":"2014-07-06T01:26:55.827Z","1.9.0":"2016-02-21T12:03:13.794Z","1.9.1":"2016-02-21T12:05:31.919Z","1.9.2":"2016-02-21T12:06:13.693Z","1.10.0":"2017-07-14T02:30:51.124Z","1.10.1":"2017-07-14T18:45:23.365Z","1.10.2":"2017-07-16T20:09:46.000Z","1.10.3":"2017-10-04T16:53:09.941Z","1.10.4":"2018-01-29T10:47:02.654Z","1.10.5":"2018-04-04T15:44:43.103Z"},"users":{"fgribreau":true,"jswartwood":true,"m42am":true,"bencevans":true,"phoopee3":true,"cparker15":true,"fengmk2":true,"jabclab":true,"cilindrox":true,"ambdxtrch":true,"pnevares":true,"lukedavis":true,"aitorllj93":true,"pgilad":true,"davebowker":true,"monsterkodi":true,"shanemileham":true,"nhz.io":true,"sonufrienko":true},"readme":"# Growl for nodejs\n[![Build Status](https://travis-ci.org/tj/node-growl.svg?branch=master)](https://travis-ci.org/tj/node-growl)\n\nGrowl support for Nodejs. This is essentially a port of my [Ruby Growl Library](http://github.com/visionmedia/growl). Ubuntu/Linux support added thanks to [@niftylettuce](http://github.com/niftylettuce).\n\n## Installation\n\n### Install\n\n### Mac OS X (Darwin):\n\n  Install [growlnotify(1)](http://growl.info/extras.php#growlnotify). On OS X 10.8, Notification Center is supported using [terminal-notifier](https://github.com/alloy/terminal-notifier). To install:\n\n    $ sudo gem install terminal-notifier\n\n  Install [npm](http://npmjs.org/) and run:\n\n    $ npm install growl\n\n### Ubuntu (Linux):\n\n  Install `notify-send` through the [libnotify-bin](http://packages.ubuntu.com/libnotify-bin) package:\n\n    $ sudo apt-get install libnotify-bin\n\n  Install [npm](http://npmjs.org/) and run:\n\n    $ npm install growl\n\n### Windows:\n\n  Download and install [Growl for Windows](http://www.growlforwindows.com/gfw/default.aspx)\n\n  Download [growlnotify](http://www.growlforwindows.com/gfw/help/growlnotify.aspx) - **IMPORTANT :** Unpack growlnotify to a folder that is present in your path!\n\n  Install [npm](http://npmjs.org/) and run:\n\n    $ npm install growl\n\n## Examples\n\nCallback functions are optional\n\n```javascript\nvar growl = require('growl')\ngrowl('You have mail!')\ngrowl('5 new messages', { sticky: true })\ngrowl('5 new emails', { title: 'Email Client', image: 'Safari', sticky: true })\ngrowl('Message with title', { title: 'Title'})\ngrowl('Set priority', { priority: 2 })\ngrowl('Show Safari icon', { image: 'Safari' })\ngrowl('Show icon', { image: 'path/to/icon.icns' })\ngrowl('Show image', { image: 'path/to/my.image.png' })\ngrowl('Show png filesystem icon', { image: 'png' })\ngrowl('Show pdf filesystem icon', { image: 'article.pdf' })\ngrowl('Show pdf filesystem icon', { image: 'article.pdf' }, function(err){\n  // ... notified\n})\n```\n\n## Options\n\n  - title\n    - notification title\n  - name\n    - application name\n  - priority\n    - priority for the notification (default is 0)\n  - sticky\n    - weither or not the notification should remainin until closed\n  - image\n    - Auto-detects the context:\n      - path to an icon sets --iconpath\n      - path to an image sets --image\n      - capitalized word sets --appIcon\n      - filename uses extname as --icon\n      - otherwise treated as --icon\n  - exec\n    - manually specify a shell command instead\n      - appends message to end of shell command\n      - or, replaces `%s` with message\n      - optionally prepends title (example: `title: message`)\n      - examples: `{exec: 'tmux display-message'}`, `{exec: 'echo \"%s\" > messages.log}`\n\n## License\n\n(The MIT License)\n\nCopyright (c) 2009 TJ Holowaychuk <tj@vision-media.ca>\nCopyright (c) 2016 Joshua Boy Nicolai Appelman <joshua@jbna.nl>\n\nPermission is hereby granted, free of charge, to any person obtaining\na copy of this software and associated documentation files (the\n'Software'), to deal in the Software without restriction, including\nwithout limitation the rights to use, copy, modify, merge, publish,\ndistribute, sublicense, and/or sell copies of the Software, and to\npermit persons to whom the Software is furnished to do so, subject to\nthe following conditions:\n\nThe above copyright notice and this permission notice shall be\nincluded in all copies or substantial portions of the Software.\n\nTHE SOFTWARE IS PROVIDED 'AS IS', WITHOUT WARRANTY OF ANY KIND,\nEXPRESS OR IMPLIED, INCLUDING BUT NOT LIMITED TO THE WARRANTIES OF\nMERCHANTABILITY, FITNESS FOR A PARTICULAR PURPOSE AND NONINFRINGEMENT.\nIN NO EVENT SHALL THE AUTHORS OR COPYRIGHT HOLDERS BE LIABLE FOR ANY\nCLAIM, DAMAGES OR OTHER LIABILITY, WHETHER IN AN ACTION OF CONTRACT,\nTORT OR OTHERWISE, ARISING FROM, OUT OF OR IN CONNECTION WITH THE\nSOFTWARE OR THE USE OR OTHER DEALINGS IN THE SOFTWARE.\n","readmeFilename":"Readme.md","homepage":"https://github.com/tj/node-growl#readme","repository":{"type":"git","url":"git://github.com/tj/node-growl.git"},"bugs":{"url":"https://github.com/tj/node-growl/issues"},"license":"MIT","_attachments":{},"_etag":"W/\"03a81d3279ea8d2a06fb68c7d68a18c7\"","_lastModified":"Sun, 27 May 2018 02:48:49 GMT"}