{"_id":"spdx-license-ids","_rev":"13-d17b03c9d136349a0137f98791925962","name":"spdx-license-ids","description":"A list of SPDX license identifiers","dist-tags":{"latest":"3.0.0","next":"3.0.0-1"},"versions":{"0.0.0":{"name":"spdx-license-ids","version":"0.0.0","description":"A list of SPDX license identifiers","repository":{"type":"git","url":"git+https://github.com/shinnn/spdx-license-ids.git"},"author":{"name":"Shinnosuke Watanabe","url":"https://github.com/shinnn"},"scripts":{"build":"node --harmony_arrow_functions build.js","lint":"eslint --config node_modules/@shinnn/eslintrc/rc.json --ignore-path .gitignore .","pretest":"${npm_package_scripts_build} && ${npm_package_scripts_lint}","test":"node --harmony_arrow_functions test.js","coverage":"node --harmony_arrow_functions node_modules/.bin/istanbul cover test.js","coveralls":"${npm_package_scripts_coverage} && istanbul-coveralls"},"licenses":[{"type":"Unlicense","url":"https://github.com/shinnn/spdx-license-ids/blob/master/LICENSE"}],"main":"spdx-license-ids.json","files":["spdx-license-ids.json"],"keywords":["spdx","license","licenses","id","identifier","identifiers","json","array","oss","browser","client-side"],"devDependencies":{"@shinnn/eslintrc":"^1.0.0","each-async":"^1.1.1","eslint":"^0.20.0","istanbul":"^0.3.13","istanbul-coveralls":"^1.0.2","require-bower-files":"^2.0.0","rm-rf":"^0.1.0","spdx-license-list":"^2.0.0","stringify-object":"^1.0.1","tape":"^4.0.0"},"gitHead":"2589d340c49f48ad7b0392d6a0779e1a3a098e05","bugs":{"url":"https://github.com/shinnn/spdx-license-ids/issues"},"homepage":"https://github.com/shinnn/spdx-license-ids#readme","_id":"spdx-license-ids@0.0.0","_shasum":"c422eb8c828255e6d85993b7203d14f8a3c35c15","_from":".","_npmVersion":"2.8.4","_nodeVersion":"1.8.1","_npmUser":{"name":"shinnn","email":"snnskwtnb@gmail.com"},"maintainers":[{"name":"shinnn","email":"snnskwtnb@gmail.com"}],"dist":{"shasum":"c422eb8c828255e6d85993b7203d14f8a3c35c15","tarball":"https://registry.npmjs.org/spdx-license-ids/-/spdx-license-ids-0.0.0.tgz"},"directories":{}},"1.0.0":{"name":"spdx-license-ids","version":"1.0.0","description":"A list of SPDX license identifiers","repository":{"type":"git","url":"git+https://github.com/shinnn/spdx-license-ids.git"},"author":{"name":"Shinnosuke Watanabe","url":"https://github.com/shinnn"},"scripts":{"build":"node --harmony_arrow_functions build.js","lint":"eslint --config node_modules/@shinnn/eslintrc/rc.json --ignore-path .gitignore .","pretest":"${npm_package_scripts_build} && ${npm_package_scripts_lint}","test":"node --harmony_arrow_functions test.js","coverage":"node --harmony_arrow_functions node_modules/.bin/istanbul cover test.js","coveralls":"${npm_package_scripts_coverage} && istanbul-coveralls"},"licenses":[{"type":"Unlicense","url":"https://github.com/shinnn/spdx-license-ids/blob/master/LICENSE"}],"main":"spdx-license-ids.json","files":["spdx-license-ids.json"],"keywords":["spdx","license","licenses","id","identifier","identifiers","json","array","oss","browser","client-side"],"devDependencies":{"@shinnn/eslintrc":"^1.0.0","each-async":"^1.1.1","eslint":"^0.20.0","istanbul":"^0.3.13","istanbul-coveralls":"^1.0.2","require-bower-files":"^2.0.0","rm-rf":"^0.1.0","spdx-license-list":"^2.0.0","stringify-object":"^1.0.1","tape":"^4.0.0"},"gitHead":"64eecd85af21ddfc325dc024906b281b1ebdc120","bugs":{"url":"https://github.com/shinnn/spdx-license-ids/issues"},"homepage":"https://github.com/shinnn/spdx-license-ids#readme","_id":"spdx-license-ids@1.0.0","_shasum":"a966050150dec883ffce877431b361b36742a28d","_from":".","_npmVersion":"2.8.4","_nodeVersion":"1.8.1","_npmUser":{"name":"shinnn","email":"snnskwtnb@gmail.com"},"maintainers":[{"name":"shinnn","email":"snnskwtnb@gmail.com"}],"dist":{"shasum":"a966050150dec883ffce877431b361b36742a28d","tarball":"https://registry.npmjs.org/spdx-license-ids/-/spdx-license-ids-1.0.0.tgz"},"directories":{}},"1.0.1":{"name":"spdx-license-ids","version":"1.0.1","description":"A list of SPDX license identifiers","repository":{"type":"git","url":"git+https://github.com/shinnn/spdx-license-ids.git"},"author":{"name":"Shinnosuke Watanabe","url":"https://github.com/shinnn"},"scripts":{"build":"node --harmony_arrow_functions build.js","lint":"eslint --config node_modules/@shinnn/eslintrc/rc.json --ignore-path .gitignore .","pretest":"${npm_package_scripts_build} && ${npm_package_scripts_lint}","test":"node --harmony_arrow_functions test.js","coverage":"node --harmony_arrow_functions node_modules/.bin/istanbul cover test.js","coveralls":"${npm_package_scripts_coverage} && istanbul-coveralls"},"license":"Unlicense","main":"spdx-license-ids.json","files":["spdx-license-ids.json"],"keywords":["spdx","license","licenses","id","identifier","identifiers","json","array","oss","browser","client-side"],"devDependencies":{"@shinnn/eslintrc":"^1.0.0","each-async":"^1.1.1","eslint":"^0.21.2","got":"^3.2.0","istanbul":"^0.3.14","istanbul-coveralls":"^1.0.2","require-bower-files":"^2.0.0","rm-rf":"^0.1.0","stringify-object":"^2.0.0","tape":"^4.0.0"},"gitHead":"05c7466fcd62c8642006ef354c95064fcade3a03","bugs":{"url":"https://github.com/shinnn/spdx-license-ids/issues"},"homepage":"https://github.com/shinnn/spdx-license-ids#readme","_id":"spdx-license-ids@1.0.1","_shasum":"8f7d365fbeb056f82d21d0c0e9c1ebbd676e6af4","_from":".","_npmVersion":"2.10.1","_nodeVersion":"2.0.2","_npmUser":{"name":"shinnn","email":"snnskwtnb@gmail.com"},"maintainers":[{"name":"shinnn","email":"snnskwtnb@gmail.com"}],"dist":{"shasum":"8f7d365fbeb056f82d21d0c0e9c1ebbd676e6af4","tarball":"https://registry.npmjs.org/spdx-license-ids/-/spdx-license-ids-1.0.1.tgz"},"directories":{}},"1.0.2":{"name":"spdx-license-ids","version":"1.0.2","description":"A list of SPDX license identifiers","repository":{"type":"git","url":"git+https://github.com/shinnn/spdx-license-ids.git"},"author":{"name":"Shinnosuke Watanabe","url":"https://github.com/shinnn"},"scripts":{"build":"node --harmony_arrow_functions build.js","lint":"eslint --config node_modules/@shinnn/eslintrc/rc.json --ignore-path .gitignore .","pretest":"${npm_package_scripts_build} && ${npm_package_scripts_lint}","test":"node --harmony_arrow_functions test.js","coverage":"node --harmony_arrow_functions node_modules/.bin/istanbul cover test.js","coveralls":"${npm_package_scripts_coverage} && istanbul-coveralls"},"license":"Unlicense","main":"spdx-license-ids.json","files":["spdx-license-ids.json"],"keywords":["spdx","license","licenses","id","identifier","identifiers","json","array","oss","browser","client-side"],"devDependencies":{"@shinnn/eslintrc":"^1.0.0","each-async":"^1.1.1","eslint":"^0.24.0","got":"^3.3.0","istanbul":"^0.3.17","istanbul-coveralls":"^1.0.3","require-bower-files":"^2.0.0","rimraf":"^2.4.1","stringify-object":"^2.2.0","tape":"^4.0.0"},"gitHead":"df183ecdf1738f77b1e8e41f686ee56206a40693","bugs":{"url":"https://github.com/shinnn/spdx-license-ids/issues"},"homepage":"https://github.com/shinnn/spdx-license-ids#readme","_id":"spdx-license-ids@1.0.2","_shasum":"0674e9c9a230f980016b5b073a10aa165701677c","_from":".","_npmVersion":"2.12.1","_nodeVersion":"2.3.3","_npmUser":{"name":"shinnn","email":"snnskwtnb@gmail.com"},"maintainers":[{"name":"shinnn","email":"snnskwtnb@gmail.com"}],"dist":{"shasum":"0674e9c9a230f980016b5b073a10aa165701677c","tarball":"https://registry.npmjs.org/spdx-license-ids/-/spdx-license-ids-1.0.2.tgz"},"directories":{}},"1.1.0":{"name":"spdx-license-ids","version":"1.1.0","description":"A list of SPDX license identifiers","repository":{"type":"git","url":"git+https://github.com/shinnn/spdx-license-ids.git"},"author":{"name":"Shinnosuke Watanabe","url":"https://github.com/shinnn"},"scripts":{"build":"node --harmony_arrow_functions build.js","lint":"eslint --config node_modules/@shinnn/eslintrc/rc.json --ignore-path .gitignore .","pretest":"${npm_package_scripts_build} && ${npm_package_scripts_lint}","test":"node --harmony_arrow_functions test.js","coverage":"node --harmony_arrow_functions node_modules/.bin/istanbul cover test.js","coveralls":"${npm_package_scripts_coverage} && istanbul-coveralls"},"license":"Unlicense","main":"spdx-license-ids.json","files":["spdx-license-ids.json"],"keywords":["spdx","license","licenses","id","identifier","identifiers","json","array","oss","browser","client-side"],"devDependencies":{"@shinnn/eslintrc":"^1.0.0","each-async":"^1.1.1","eslint":"^0.24.0","got":"^3.3.0","istanbul":"^0.3.17","require-bower-files":"^2.0.0","rimraf":"^2.4.1","stringify-object":"^2.2.0","tape":"^4.0.0"},"gitHead":"769b83e3335426bd45f70b58b194b79e1d6c0583","bugs":{"url":"https://github.com/shinnn/spdx-license-ids/issues"},"homepage":"https://github.com/shinnn/spdx-license-ids#readme","_id":"spdx-license-ids@1.1.0","_shasum":"28694acdf39fe27de45143fff81f21f6c66d44ac","_from":".","_npmVersion":"3.3.8","_nodeVersion":"4.2.1","_npmUser":{"name":"shinnn","email":"snnskwtnb@gmail.com"},"maintainers":[{"name":"shinnn","email":"snnskwtnb@gmail.com"}],"dist":{"shasum":"28694acdf39fe27de45143fff81f21f6c66d44ac","tarball":"https://registry.npmjs.org/spdx-license-ids/-/spdx-license-ids-1.1.0.tgz"},"directories":{}},"1.2.0":{"name":"spdx-license-ids","version":"1.2.0","description":"A list of SPDX license identifiers","repository":{"type":"git","url":"git+https://github.com/shinnn/spdx-license-ids.git"},"author":{"name":"Shinnosuke Watanabe","url":"https://github.com/shinnn"},"scripts":{"build":"node --harmony_arrow_functions build.js","lint":"eslint --config node_modules/@shinnn/eslintrc/rc.json --ignore-path .gitignore .","pretest":"${npm_package_scripts_build} && ${npm_package_scripts_lint}","test":"node --harmony_arrow_functions test.js","coverage":"node --harmony_arrow_functions node_modules/.bin/istanbul cover test.js","coveralls":"${npm_package_scripts_coverage} && istanbul-coveralls"},"license":"Unlicense","main":"spdx-license-ids.json","files":["spdx-license-ids.json"],"keywords":["spdx","license","licenses","id","identifier","identifiers","json","array","oss","browser","client-side"],"devDependencies":{"@shinnn/eslintrc":"^1.0.0","each-async":"^1.1.1","eslint":"^0.24.0","got":"^3.3.0","istanbul":"^0.3.17","require-bower-files":"^2.0.0","rimraf":"^2.4.1","stringify-object":"^2.2.0","tape":"^4.0.0"},"gitHead":"f74a7a16ca05540e0e97f1bbb61da07829b5d9ab","bugs":{"url":"https://github.com/shinnn/spdx-license-ids/issues"},"homepage":"https://github.com/shinnn/spdx-license-ids#readme","_id":"spdx-license-ids@1.2.0","_shasum":"b549dd0f63dcb745a17e2ea3a07402e0e332d1e2","_from":".","_npmVersion":"3.5.2","_nodeVersion":"5.4.0","_npmUser":{"name":"shinnn","email":"snnskwtnb@gmail.com"},"dist":{"shasum":"b549dd0f63dcb745a17e2ea3a07402e0e332d1e2","tarball":"https://registry.npmjs.org/spdx-license-ids/-/spdx-license-ids-1.2.0.tgz"},"maintainers":[{"name":"shinnn","email":"snnskwtnb@gmail.com"}],"directories":{}},"1.2.1":{"name":"spdx-license-ids","version":"1.2.1","description":"A list of SPDX license identifiers","repository":{"type":"git","url":"git+https://github.com/shinnn/spdx-license-ids.git"},"author":{"name":"Shinnosuke Watanabe","url":"https://github.com/shinnn"},"scripts":{"build":"node --strong_mode --harmony_destructuring build.js","lint":"eslint --config @shinnn/node --env browser --ignore-path .gitignore .","pretest":"${npm_package_scripts_build} && ${npm_package_scripts_lint}","test":"node --strong_mode test.js | tap-spec","coverage":"node --strong_mode node_modules/.bin/istanbul cover test.js"},"license":"Unlicense","main":"spdx-license-ids.json","files":["spdx-license-ids.json"],"keywords":["spdx","license","licenses","id","identifier","identifiers","json","array","oss","browser","client-side"],"devDependencies":{"@shinnn/eslint-config-node":"^2.0.0","chalk":"^1.1.3","eslint":"^2.7.0","get-spdx-license-ids":"^1.0.0","istanbul":"^0.4.3","loud-rejection":"^1.3.0","rimraf-promise":"^2.0.0","stringify-object":"^2.3.1","tap-spec":"^4.1.1","tape":"^4.5.1","write-file-atomically":"1.0.0"},"gitHead":"e907f783792ee05a85dbf66acd24cf1c3067bb76","bugs":{"url":"https://github.com/shinnn/spdx-license-ids/issues"},"homepage":"https://github.com/shinnn/spdx-license-ids#readme","_id":"spdx-license-ids@1.2.1","_shasum":"d07ea17a4d2fd9351f9d94e2ff9cec74180fe8f3","_from":".","_npmVersion":"3.8.3","_nodeVersion":"5.10.0","_npmUser":{"name":"shinnn","email":"snnskwtnb@gmail.com"},"dist":{"shasum":"d07ea17a4d2fd9351f9d94e2ff9cec74180fe8f3","tarball":"https://registry.npmjs.org/spdx-license-ids/-/spdx-license-ids-1.2.1.tgz"},"maintainers":[{"name":"shinnn","email":"snnskwtnb@gmail.com"}],"_npmOperationalInternal":{"host":"packages-12-west.internal.npmjs.com","tmp":"tmp/spdx-license-ids-1.2.1.tgz_1460030484408_0.8782658798154444"},"directories":{}},"1.2.2":{"name":"spdx-license-ids","version":"1.2.2","description":"A list of SPDX license identifiers","repository":{"type":"git","url":"git+https://github.com/shinnn/spdx-license-ids.git"},"author":{"name":"Shinnosuke Watanabe","url":"https://github.com/shinnn"},"scripts":{"build":"node --strong_mode build.js","lint":"eslint --config @shinnn/node --env browser --ignore-path .gitignore .","pretest":"${npm_package_scripts_build} && ${npm_package_scripts_lint}","test":"node --strong_mode test.js | tap-spec","coverage":"node --strong_mode node_modules/.bin/istanbul cover test.js"},"license":"Unlicense","main":"spdx-license-ids.json","files":["spdx-license-ids.json"],"keywords":["spdx","license","licenses","id","identifier","identifiers","json","array","oss","browser","client-side"],"devDependencies":{"@shinnn/eslint-config-node":"^3.0.0","chalk":"^1.1.3","eslint":"^3.1.1","get-spdx-license-ids":"^1.0.0","istanbul":"^0.4.4","loud-rejection":"^1.6.0","rimraf-promise":"^2.0.0","stringify-object":"^2.4.0","tap-spec":"^4.1.1","tape":"^4.6.0","write-file-atomically":"1.0.0"},"gitHead":"70e2541bf04b4fbef4c5df52c581a1861fd355b2","bugs":{"url":"https://github.com/shinnn/spdx-license-ids/issues"},"homepage":"https://github.com/shinnn/spdx-license-ids#readme","_id":"spdx-license-ids@1.2.2","_shasum":"c9df7a3424594ade6bd11900d596696dc06bac57","_from":".","_npmVersion":"3.10.5","_nodeVersion":"6.3.0","_npmUser":{"name":"shinnn","email":"snnskwtnb@gmail.com"},"dist":{"shasum":"c9df7a3424594ade6bd11900d596696dc06bac57","tarball":"https://registry.npmjs.org/spdx-license-ids/-/spdx-license-ids-1.2.2.tgz"},"maintainers":[{"name":"shinnn","email":"snnskwtnb@gmail.com"}],"_npmOperationalInternal":{"host":"packages-16-east.internal.npmjs.com","tmp":"tmp/spdx-license-ids-1.2.2.tgz_1469529975605_0.35518706892617047"},"directories":{}},"2.0.0":{"name":"spdx-license-ids","version":"2.0.0","description":"A list of SPDX license identifiers","repository":{"type":"git","url":"git+https://github.com/shinnn/spdx-license-ids.git"},"author":{"name":"Shinnosuke Watanabe","url":"https://github.com/shinnn"},"scripts":{"build":"node build.js","lint":"eslint --fix --format=codeframe --env=browser --ignore-path .gitignore .","pretest":"${npm_package_scripts_build} && ${npm_package_scripts_lint}","test":"node test.js","coverage":"node node_modules/.bin/istanbul cover test.js"},"license":"CC0-1.0","files":["index.json","module.js"],"keywords":["spdx","license","licenses","id","identifier","identifiers","json","array","oss"],"devDependencies":{"@shinnn/eslint-config-node":"^3.0.0","chalk":"^1.1.3","eslint":"^3.10.2","get-spdx-license-ids":"^1.0.0","istanbul":"^0.4.5","loud-rejection":"^1.6.0","rmfr":"^1.0.1","stringify-object":"^3.0.0","tape":"^4.6.2","write-file-atomically":"1.0.0"},"eslintConfig":{"extends":"@shinnn/node"},"gitHead":"6e6a2417f76b333f5c5415fe76c7dfb19bd5f6fd","bugs":{"url":"https://github.com/shinnn/spdx-license-ids/issues"},"homepage":"https://github.com/shinnn/spdx-license-ids#readme","_id":"spdx-license-ids@2.0.0","_shasum":"0eb748e3c6fe7a80fa9f31eaab7d8f6c331b2173","_from":".","_npmVersion":"4.0.5","_nodeVersion":"7.2.1","_npmUser":{"name":"shinnn","email":"snnskwtnb@gmail.com"},"dist":{"shasum":"0eb748e3c6fe7a80fa9f31eaab7d8f6c331b2173","tarball":"https://registry.npmjs.org/spdx-license-ids/-/spdx-license-ids-2.0.0.tgz"},"maintainers":[{"name":"shinnn","email":"snnskwtnb@gmail.com"}],"_npmOperationalInternal":{"host":"packages-18-east.internal.npmjs.com","tmp":"tmp/spdx-license-ids-2.0.0.tgz_1482741813260_0.8923152482602745"},"directories":{}},"2.0.1":{"name":"spdx-license-ids","version":"2.0.1","description":"A list of SPDX license identifiers","repository":{"type":"git","url":"git+https://github.com/shinnn/spdx-license-ids.git"},"author":{"name":"Shinnosuke Watanabe","url":"https://github.com/shinnn"},"scripts":{"build":"node build.js","lint":"eslint --fix --format=codeframe --env=browser --ignore-path .gitignore .","pretest":"${npm_package_scripts_build} && ${npm_package_scripts_lint}","test":"node test.js","coverage":"node node_modules/.bin/istanbul cover test.js"},"license":"CC0-1.0","files":["index.json","module.js"],"keywords":["spdx","license","licenses","id","identifier","identifiers","json","array","oss"],"devDependencies":{"@shinnn/eslint-config-node":"^3.0.0","chalk":"^1.1.3","eslint":"^3.10.2","get-spdx-license-ids":"^1.0.0","istanbul":"^0.4.5","loud-rejection":"^1.6.0","rmfr":"^1.0.1","stringify-object":"^3.0.0","tape":"^4.6.2","write-file-atomically":"1.0.0"},"eslintConfig":{"extends":"@shinnn/node"},"gitHead":"d9a03669172d5baba788011e09617313942acff0","bugs":{"url":"https://github.com/shinnn/spdx-license-ids/issues"},"homepage":"https://github.com/shinnn/spdx-license-ids#readme","_id":"spdx-license-ids@2.0.1","_shasum":"02017bcc3534ee4ffef6d58d20e7d3e9a1c3c8ec","_from":".","_npmVersion":"4.1.2","_nodeVersion":"7.5.0","_npmUser":{"name":"shinnn","email":"snnskwtnb@gmail.com"},"dist":{"shasum":"02017bcc3534ee4ffef6d58d20e7d3e9a1c3c8ec","tarball":"https://registry.npmjs.org/spdx-license-ids/-/spdx-license-ids-2.0.1.tgz"},"maintainers":[{"name":"shinnn","email":"snnskwtnb@gmail.com"}],"_npmOperationalInternal":{"host":"packages-12-west.internal.npmjs.com","tmp":"tmp/spdx-license-ids-2.0.1.tgz_1486371129713_0.03612973913550377"},"directories":{}},"3.0.0-0":{"name":"spdx-license-ids","version":"3.0.0-0","description":"A list of SPDX license identifiers","repository":{"type":"git","url":"git+https://github.com/shinnn/spdx-license-ids.git"},"author":{"name":"Shinnosuke Watanabe","url":"https://github.com/shinnn"},"scripts":{"build":"node build.js","lint":"eslint --fix --format=codeframe --env=browser --ignore-path .gitignore .","pretest":"${npm_package_scripts_build} && ${npm_package_scripts_lint}","test":"node test.js","coverage":"node node_modules/.bin/istanbul cover test.js"},"license":"CC0-1.0","files":["index.json","module.js"],"keywords":["spdx","license","licenses","id","identifier","identifiers","json","array","oss"],"devDependencies":{"@shinnn/eslint-config-node":"^4.0.2","chalk":"^2.0.1","eslint":"^4.3.0","get-spdx-license-ids":"^1.1.0","istanbul":"^0.4.5","loud-rejection":"^1.6.0","rmfr":"^1.0.3","stringify-object":"^3.2.0","tape":"^4.8.0","write-file-atomically":"^1.0.0"},"eslintConfig":{"extends":"@shinnn/node"},"gitHead":"7495a16b5d13b92344aa3e04a9cdeaa197cd3c74","bugs":{"url":"https://github.com/shinnn/spdx-license-ids/issues"},"homepage":"https://github.com/shinnn/spdx-license-ids#readme","_id":"spdx-license-ids@3.0.0-0","_npmVersion":"5.6.0","_nodeVersion":"9.4.0","_npmUser":{"name":"shinnn","email":"snnskwtnb@gmail.com"},"dist":{"integrity":"sha512-xUkSOYgYysHMp173PADzBKOnuAdv0YvETy2syBD+AOWZYfV6Zb7iuUOY0FOniOEkFEujoLA4gCxUTLtJ95oWvA==","shasum":"b7e47584254ade1cca1f69344fc37457f961f341","tarball":"https://registry.npmjs.org/spdx-license-ids/-/spdx-license-ids-3.0.0-0.tgz"},"maintainers":[{"name":"shinnn","email":"snnskwtnb@gmail.com"}],"_npmOperationalInternal":{"host":"s3://npm-registry-packages","tmp":"tmp/spdx-license-ids-3.0.0-0.tgz_1516942315504_0.43380842125043273"},"directories":{}},"3.0.0-1":{"name":"spdx-license-ids","version":"3.0.0-1","description":"A list of SPDX license identifiers","repository":{"type":"git","url":"git+https://github.com/shinnn/spdx-license-ids.git"},"author":{"name":"Shinnosuke Watanabe","url":"https://github.com/shinnn"},"scripts":{"prebuild":"eslint --fix --format=codeframe .","build":"node build.js","pretest":"npm run-script build","test":"node test.js"},"license":"CC0-1.0","files":["index.json"],"keywords":["spdx","license","licenses","id","identifier","identifiers","json","array","oss"],"devDependencies":{"@shinnn/eslint-config-node":"^5.0.0","chalk":"^2.3.0","eslint":"^4.16.0","get-spdx-license-ids":"^2.1.0","loud-rejection":"^1.6.0","rmfr":"^2.0.0-3","tape":"^4.8.0","write-file-atomically":"^1.0.0"},"eslintConfig":{"extends":"@shinnn/node"},"gitHead":"a4b00ce25076c9ec9e212cad8222830fade065d8","bugs":{"url":"https://github.com/shinnn/spdx-license-ids/issues"},"homepage":"https://github.com/shinnn/spdx-license-ids#readme","_id":"spdx-license-ids@3.0.0-1","_npmVersion":"5.6.0","_nodeVersion":"9.4.0","_npmUser":{"name":"shinnn","email":"snnskwtnb@gmail.com"},"dist":{"integrity":"sha512-m20oQkls+fkRBkMhlL5CFhs1wXMTi7Th9Rox1U6YHXarDzVdnIXesOkKsLGuNmanePoM8WMwFZXR2zL1FXaW4g==","shasum":"500d099bdb7f6c58678e2869e9444d13fac528fa","tarball":"https://registry.npmjs.org/spdx-license-ids/-/spdx-license-ids-3.0.0-1.tgz"},"maintainers":[{"name":"shinnn","email":"snnskwtnb@gmail.com"}],"_npmOperationalInternal":{"host":"s3://npm-registry-packages","tmp":"tmp/spdx-license-ids-3.0.0-1.tgz_1516948070711_0.8446547978091985"},"directories":{}},"3.0.0":{"name":"spdx-license-ids","version":"3.0.0","description":"A list of SPDX license identifiers","repository":{"type":"git","url":"git+https://github.com/shinnn/spdx-license-ids.git"},"author":{"name":"Shinnosuke Watanabe","url":"https://github.com/shinnn"},"scripts":{"build":"node build.js","pretest":"eslint --fix --format=codeframe .","test":"node test.js"},"license":"CC0-1.0","files":["deprecated.json","index.json"],"keywords":["spdx","license","licenses","id","identifier","identifiers","json","array","oss"],"devDependencies":{"@shinnn/eslint-config-node":"^5.0.0","chalk":"^2.3.0","eslint":"^4.16.0","get-spdx-license-ids":"^2.1.0","log-symbols":"^2.2.0","loud-rejection":"^1.6.0","rmfr":"^2.0.0-3","tape":"^4.8.0","write-file-atomically":"^1.0.0"},"eslintConfig":{"extends":"@shinnn/node"},"gitHead":"bebc9a4ca38d67f94cd42e9beceaca2c7e647cfb","bugs":{"url":"https://github.com/shinnn/spdx-license-ids/issues"},"homepage":"https://github.com/shinnn/spdx-license-ids#readme","_id":"spdx-license-ids@3.0.0","_npmVersion":"5.6.0","_nodeVersion":"9.4.0","_npmUser":{"name":"shinnn","email":"snnskwtnb@gmail.com"},"dist":{"integrity":"sha512-2+EPwgbnmOIl8HjGBXXMd9NAu02vLjOO1nWw4kmeRDFyHn+M/ETfHxQUK0oXg8ctgVnl9t3rosNVsZ1jG61nDA==","shasum":"7a7cd28470cc6d3a1cfe6d66886f6bc430d3ac87","tarball":"https://registry.npmjs.org/spdx-license-ids/-/spdx-license-ids-3.0.0.tgz"},"maintainers":[{"name":"shinnn","email":"snnskwtnb@gmail.com"}],"_npmOperationalInternal":{"host":"s3://npm-registry-packages","tmp":"tmp/spdx-license-ids-3.0.0.tgz_1516951777702_0.9596464950591326"},"directories":{}}},"readme":"# spdx-license-ids\n\n[![npm version](https://img.shields.io/npm/v/spdx-license-ids.svg)](https://www.npmjs.org/package/spdx-license-ids)\n[![Build Status](https://travis-ci.org/shinnn/spdx-license-ids.svg?branch=master)](https://travis-ci.org/shinnn/spdx-license-ids)\n\nA list of [SPDX license](https://spdx.org/licenses/) identifiers\n\n## Installation\n\n[Download JSON directly](https://raw.githubusercontent.com/shinnn/spdx-license-ids/master/index.json), or [use](https://docs.npmjs.com/cli/install) [npm](https://docs.npmjs.com/getting-started/what-is-npm):\n\n```\nnpm install spdx-license-ids\n```\n\n## [Node.js](https://nodejs.org/) API\n\n### require('spdx-license-ids')\n\nType: `<Array<string>>`\n\nAll license IDs except for the currently deprecated ones.\n\n```javascript\nconst ids = require('spdx-license-ids');\n//=> ['0BSD', 'AAL', 'Abstyles', 'Adobe-2006', 'Adobe-Glyph', 'ADSL', 'AFL-1.1', ...]\n\nids.includes('BSD-3-Clause'); //=> true\nids.includes('CC-BY-1.0'); //=> true\n\nids.includes('GPL-3.0'); //=> false\n```\n\n### require('spdx-license-ids/deprecated')\n\nType: `<Array<string>>`\n\nDeprecated license IDs.\n\n```javascript\nconst deprecatedIds = require('spdx-license-ids/deprecated');\n//=> ['AGPL-3.0', 'eCos-2.0', 'GFDL-1.1', 'GFDL-1.2', 'GFDL-1.3', 'GPL-1.0', ...]\n\ndeprecatedIds.includes('BSD-3-Clause'); //=> false\ndeprecatedIds.includes('CC-BY-1.0'); //=> false\n\ndeprecatedIds.includes('GPL-3.0'); //=> true\n```\n\n## License\n\n[Creative Commons Zero v1.0 Universal](https://creativecommons.org/publicdomain/zero/1.0/deed)\n","maintainers":[{"name":"shinnn","email":"snnskwtnb@gmail.com"}],"time":{"modified":"2018-01-26T07:29:37.783Z","created":"2015-05-02T07:59:28.765Z","0.0.0":"2015-05-02T07:59:28.765Z","1.0.0":"2015-05-02T08:13:14.932Z","1.0.1":"2015-05-24T07:02:10.301Z","1.0.2":"2015-07-12T01:43:48.274Z","1.1.0":"2015-10-20T21:29:40.646Z","1.2.0":"2016-01-12T08:32:40.797Z","1.2.1":"2016-04-07T12:01:24.923Z","1.2.2":"2016-07-26T10:46:17.168Z","2.0.0":"2016-12-26T08:43:35.190Z","2.0.1":"2017-02-06T08:52:09.937Z","3.0.0-0":"2018-01-26T04:51:55.574Z","3.0.0-1":"2018-01-26T06:27:50.874Z","3.0.0":"2018-01-26T07:29:37.783Z"},"homepage":"https://github.com/shinnn/spdx-license-ids#readme","keywords":["spdx","license","licenses","id","identifier","identifiers","json","array","oss"],"repository":{"type":"git","url":"git+https://github.com/shinnn/spdx-license-ids.git"},"author":{"name":"Shinnosuke Watanabe","url":"https://github.com/shinnn"},"bugs":{"url":"https://github.com/shinnn/spdx-license-ids/issues"},"readmeFilename":"README.md","license":"CC0-1.0","_attachments":{},"_etag":"W/\"f5f234a1a5e12142d397322cab36c551\"","_lastModified":"Sun, 27 May 2018 17:57:29 GMT","_cached":true}