{"_id":"write-file-atomic","_rev":"38-29350a521a4159586fe879c31c66889c","name":"write-file-atomic","description":"Write files in an atomic fashion w/configurable ownership","dist-tags":{"latest":"2.3.0"},"versions":{"1.0.0":{"name":"write-file-atomic","version":"1.0.0","description":"Write files in an atomic fashion w/configurable ownership","main":"index.js","scripts":{"test":"tap test/*.js"},"repository":{"type":"git","url":"git@github.com:iarna/write-file-atomic.git"},"keywords":["writeFile","atomic"],"author":{"name":"Rebecca Turner","email":"me@re-becca.org","url":"http://re-becca.org"},"license":"ISC","bugs":{"url":"https://github.com/iarna/write-file-atomic/issues"},"homepage":"https://github.com/iarna/write-file-atomic","dependencies":{"slide":"^1.1.5"},"devDependencies":{"require-inject":"^1.1.0","tap":"^0.4.12"},"gitHead":"5ef6f374dfd1b6034f11d80a0d5616e7aa5bcaeb","_id":"write-file-atomic@1.0.0","_shasum":"20750a1710e6cd09de5911d3043fa14e4a948445","_from":".","_npmVersion":"1.4.23","_npmUser":{"name":"iarna","email":"me@re-becca.org"},"maintainers":[{"name":"iarna","email":"me@re-becca.org"}],"dist":{"shasum":"20750a1710e6cd09de5911d3043fa14e4a948445","tarball":"https://registry.npmjs.org/write-file-atomic/-/write-file-atomic-1.0.0.tgz"},"directories":{}},"1.0.1":{"name":"write-file-atomic","version":"1.0.1","description":"Write files in an atomic fashion w/configurable ownership","main":"index.js","scripts":{"test":"tap test/*.js"},"repository":{"type":"git","url":"git@github.com:iarna/write-file-atomic.git"},"keywords":["writeFile","atomic"],"author":{"name":"Rebecca Turner","email":"me@re-becca.org","url":"http://re-becca.org"},"license":"ISC","bugs":{"url":"https://github.com/iarna/write-file-atomic/issues"},"homepage":"https://github.com/iarna/write-file-atomic","dependencies":{"slide":"^1.1.5"},"devDependencies":{"require-inject":"^1.1.0","tap":"^0.4.12"},"gitHead":"93f18a172fa79d0fb67c6c1dc37be62a106f13a5","_id":"write-file-atomic@1.0.1","_shasum":"0592ccdc2cee973e7427525f4cd5f67d352afeb9","_from":".","_npmVersion":"1.4.23","_npmUser":{"name":"iarna","email":"me@re-becca.org"},"maintainers":[{"name":"iarna","email":"me@re-becca.org"}],"dist":{"shasum":"0592ccdc2cee973e7427525f4cd5f67d352afeb9","tarball":"https://registry.npmjs.org/write-file-atomic/-/write-file-atomic-1.0.1.tgz"},"directories":{}},"1.0.2":{"name":"write-file-atomic","version":"1.0.2","description":"Write files in an atomic fashion w/configurable ownership","main":"index.js","scripts":{"test":"tap test/*.js"},"repository":{"type":"git","url":"git@github.com:iarna/write-file-atomic.git"},"keywords":["writeFile","atomic"],"author":{"name":"Rebecca Turner","email":"me@re-becca.org","url":"http://re-becca.org"},"license":"ISC","bugs":{"url":"https://github.com/iarna/write-file-atomic/issues"},"homepage":"https://github.com/iarna/write-file-atomic","dependencies":{"slide":"^1.1.5"},"devDependencies":{"require-inject":"^1.1.0","tap":"^0.4.12"},"gitHead":"84058cea16834f9f53ae1948fbb828937f9ab697","_id":"write-file-atomic@1.0.2","_shasum":"080b0439cf29b3abdcf321a86fc47e9429b9984e","_from":".","_npmVersion":"1.4.23","_npmUser":{"name":"iarna","email":"me@re-becca.org"},"maintainers":[{"name":"iarna","email":"me@re-becca.org"}],"dist":{"shasum":"080b0439cf29b3abdcf321a86fc47e9429b9984e","tarball":"https://registry.npmjs.org/write-file-atomic/-/write-file-atomic-1.0.2.tgz"},"directories":{}},"1.0.3":{"name":"write-file-atomic","version":"1.0.3","description":"Write files in an atomic fashion w/configurable ownership","main":"index.js","scripts":{"test":"tap test/*.js"},"repository":{"type":"git","url":"git@github.com:iarna/write-file-atomic.git"},"keywords":["writeFile","atomic"],"author":{"name":"Rebecca Turner","email":"me@re-becca.org","url":"http://re-becca.org"},"license":"ISC","bugs":{"url":"https://github.com/iarna/write-file-atomic/issues"},"homepage":"https://github.com/iarna/write-file-atomic","dependencies":{"slide":"^1.1.5"},"devDependencies":{"require-inject":"^1.1.0","tap":"^0.4.12"},"gitHead":"5e85cfc7b38e4f0659b15b1c1d979e6a4a7bf6d5","_id":"write-file-atomic@1.0.3","_shasum":"597fcb824a0d1ad337db90b7028d2772e9e8e7af","_from":".","_npmVersion":"2.0.0","_npmUser":{"name":"iarna","email":"me@re-becca.org"},"maintainers":[{"name":"iarna","email":"me@re-becca.org"}],"dist":{"shasum":"597fcb824a0d1ad337db90b7028d2772e9e8e7af","tarball":"https://registry.npmjs.org/write-file-atomic/-/write-file-atomic-1.0.3.tgz"},"directories":{}},"1.1.0":{"name":"write-file-atomic","version":"1.1.0","description":"Write files in an atomic fashion w/configurable ownership","main":"index.js","scripts":{"test":"tap test/*.js"},"repository":{"type":"git","url":"git@github.com:iarna/write-file-atomic.git"},"keywords":["writeFile","atomic"],"author":{"name":"Rebecca Turner","email":"me@re-becca.org","url":"http://re-becca.org"},"license":"ISC","bugs":{"url":"https://github.com/iarna/write-file-atomic/issues"},"homepage":"https://github.com/iarna/write-file-atomic","dependencies":{"graceful-fs":"^3.0.2","slide":"^1.1.5"},"devDependencies":{"require-inject":"^1.1.0","tap":"^0.4.12"},"gitHead":"28e4df86547c6728eab0b51bca6f00cf44ef392c","_id":"write-file-atomic@1.1.0","_shasum":"e114cfb8f82188353f98217c5945451c9b4dc060","_from":".","_npmVersion":"1.4.28","_npmUser":{"name":"iarna","email":"me@re-becca.org"},"maintainers":[{"name":"iarna","email":"me@re-becca.org"}],"dist":{"shasum":"e114cfb8f82188353f98217c5945451c9b4dc060","tarball":"https://registry.npmjs.org/write-file-atomic/-/write-file-atomic-1.1.0.tgz"},"directories":{}},"1.1.1":{"name":"write-file-atomic","version":"1.1.1","description":"Write files in an atomic fashion w/configurable ownership","main":"index.js","scripts":{"test":"tap test/*.js"},"repository":{"type":"git","url":"git@github.com:iarna/write-file-atomic.git"},"keywords":["writeFile","atomic"],"author":{"name":"Rebecca Turner","email":"me@re-becca.org","url":"http://re-becca.org"},"license":"ISC","bugs":{"url":"https://github.com/iarna/write-file-atomic/issues"},"homepage":"https://github.com/iarna/write-file-atomic","dependencies":{"graceful-fs":"^3.0.2","slide":"^1.1.5"},"devDependencies":{"require-inject":"^1.1.0","tap":"^0.4.12"},"gitHead":"2e85f44a3d176e5e1ed453c016adbe4bcc25eb5c","_id":"write-file-atomic@1.1.1","_shasum":"cf085df5f415638d9bc9e56ad0f33349f18ba2e4","_from":".","_npmVersion":"2.7.6","_nodeVersion":"1.6.2","_npmUser":{"name":"iarna","email":"me@re-becca.org"},"dist":{"shasum":"cf085df5f415638d9bc9e56ad0f33349f18ba2e4","tarball":"https://registry.npmjs.org/write-file-atomic/-/write-file-atomic-1.1.1.tgz"},"maintainers":[{"name":"iarna","email":"me@re-becca.org"}],"directories":{}},"1.1.2":{"name":"write-file-atomic","version":"1.1.2","description":"Write files in an atomic fashion w/configurable ownership","main":"index.js","scripts":{"test":"tap test/*.js"},"repository":{"type":"git","url":"git@github.com:iarna/write-file-atomic.git"},"keywords":["writeFile","atomic"],"author":{"name":"Rebecca Turner","email":"me@re-becca.org","url":"http://re-becca.org"},"license":"ISC","bugs":{"url":"https://github.com/iarna/write-file-atomic/issues"},"homepage":"https://github.com/iarna/write-file-atomic","dependencies":{"graceful-fs":"^3.0.2","slide":"^1.1.5"},"devDependencies":{"require-inject":"^1.1.0","tap":"^0.4.12"},"gitHead":"b721f8a71223bcf162f1ee4ff4677f31de1c061f","_id":"write-file-atomic@1.1.2","_shasum":"ff3d61f1c2f5bb71e8ebe491a7157bf7d60435a4","_from":".","_npmVersion":"2.7.6","_nodeVersion":"1.6.2","_npmUser":{"name":"iarna","email":"me@re-becca.org"},"dist":{"shasum":"ff3d61f1c2f5bb71e8ebe491a7157bf7d60435a4","tarball":"https://registry.npmjs.org/write-file-atomic/-/write-file-atomic-1.1.2.tgz"},"maintainers":[{"name":"iarna","email":"me@re-becca.org"}],"directories":{}},"1.1.3":{"name":"write-file-atomic","version":"1.1.3","description":"Write files in an atomic fashion w/configurable ownership","main":"index.js","scripts":{"test":"tap test/*.js"},"repository":{"type":"git","url":"git+ssh://git@github.com/iarna/write-file-atomic.git"},"keywords":["writeFile","atomic"],"author":{"name":"Rebecca Turner","email":"me@re-becca.org","url":"http://re-becca.org"},"license":"ISC","bugs":{"url":"https://github.com/iarna/write-file-atomic/issues"},"homepage":"https://github.com/iarna/write-file-atomic","dependencies":{"graceful-fs":"^4.1.2","slide":"^1.1.5"},"devDependencies":{"require-inject":"^1.1.0","tap":"^0.4.12"},"gitHead":"65a1e2e156c0d0bfb7acac2e039b943d6ec9876d","_id":"write-file-atomic@1.1.3","_shasum":"60eaca258a0b559b37aca82b21d64a293b4b90d0","_from":".","_npmVersion":"3.3.0","_nodeVersion":"3.1.0","_npmUser":{"name":"iarna","email":"me@re-becca.org"},"dist":{"shasum":"60eaca258a0b559b37aca82b21d64a293b4b90d0","tarball":"https://registry.npmjs.org/write-file-atomic/-/write-file-atomic-1.1.3.tgz"},"maintainers":[{"name":"iarna","email":"me@re-becca.org"}],"directories":{}},"1.1.4":{"name":"write-file-atomic","version":"1.1.4","description":"Write files in an atomic fashion w/configurable ownership","main":"index.js","scripts":{"test":"standard && tap --coverage test/*.js"},"repository":{"type":"git","url":"git+ssh://git@github.com/iarna/write-file-atomic.git"},"keywords":["writeFile","atomic"],"author":{"name":"Rebecca Turner","email":"me@re-becca.org","url":"http://re-becca.org"},"license":"ISC","bugs":{"url":"https://github.com/iarna/write-file-atomic/issues"},"homepage":"https://github.com/iarna/write-file-atomic","dependencies":{"graceful-fs":"^4.1.2","imurmurhash":"^0.1.4","slide":"^1.1.5"},"devDependencies":{"require-inject":"^1.1.0","standard":"^5.4.1","tap":"^2.3.1"},"gitHead":"42dc04a17af96ac045f4979c8c951ee5a14a8b8b","_id":"write-file-atomic@1.1.4","_shasum":"b1f52dc2e8dc0e3cb04d187a25f758a38a90ca3b","_from":".","_npmVersion":"3.5.1","_nodeVersion":"5.1.0","_npmUser":{"name":"othiym23","email":"ogd@aoaioxxysz.net"},"dist":{"shasum":"b1f52dc2e8dc0e3cb04d187a25f758a38a90ca3b","tarball":"https://registry.npmjs.org/write-file-atomic/-/write-file-atomic-1.1.4.tgz"},"maintainers":[{"name":"iarna","email":"me@re-becca.org"},{"name":"othiym23","email":"ogd@aoaioxxysz.net"}],"directories":{}},"1.2.0":{"name":"write-file-atomic","version":"1.2.0","description":"Write files in an atomic fashion w/configurable ownership","main":"index.js","scripts":{"test":"standard && tap --coverage test/*.js"},"repository":{"type":"git","url":"git+ssh://git@github.com/iarna/write-file-atomic.git"},"keywords":["writeFile","atomic"],"author":{"name":"Rebecca Turner","email":"me@re-becca.org","url":"http://re-becca.org"},"license":"ISC","bugs":{"url":"https://github.com/iarna/write-file-atomic/issues"},"homepage":"https://github.com/iarna/write-file-atomic","dependencies":{"graceful-fs":"^4.1.2","imurmurhash":"^0.1.4","slide":"^1.1.5"},"devDependencies":{"require-inject":"^1.1.0","standard":"^5.4.1","tap":"^2.3.1","tmp":"0.0.28"},"files":["index.js"],"gitHead":"c29f37cb5955f597066ad7aedea7aa6f7408a5b7","_id":"write-file-atomic@1.2.0","_shasum":"14c66d4e4cb3ca0565c28cf3b7a6f3e4d5938fab","_from":".","_npmVersion":"3.10.7","_nodeVersion":"4.5.0","_npmUser":{"name":"iarna","email":"me@re-becca.org"},"dist":{"shasum":"14c66d4e4cb3ca0565c28cf3b7a6f3e4d5938fab","tarball":"https://registry.npmjs.org/write-file-atomic/-/write-file-atomic-1.2.0.tgz"},"maintainers":[{"name":"iarna","email":"me@re-becca.org"},{"name":"othiym23","email":"ogd@aoaioxxysz.net"}],"_npmOperationalInternal":{"host":"packages-12-west.internal.npmjs.com","tmp":"tmp/write-file-atomic-1.2.0.tgz_1471552371956_0.5829780481290072"},"directories":{}},"1.3.0":{"name":"write-file-atomic","version":"1.3.0","description":"Write files in an atomic fashion w/configurable ownership","main":"index.js","scripts":{"test":"standard && tap --coverage test/*.js"},"repository":{"type":"git","url":"git+ssh://git@github.com/iarna/write-file-atomic.git"},"keywords":["writeFile","atomic"],"author":{"name":"Rebecca Turner","email":"me@re-becca.org","url":"http://re-becca.org"},"license":"ISC","bugs":{"url":"https://github.com/iarna/write-file-atomic/issues"},"homepage":"https://github.com/iarna/write-file-atomic","dependencies":{"graceful-fs":"^4.1.11","imurmurhash":"^0.1.4","slide":"^1.1.5"},"devDependencies":{"mkdirp":"^0.5.1","require-inject":"^1.4.0","rimraf":"^2.5.4","standard":"^5.4.1","tap":"^2.3.1"},"files":["index.js"],"gitHead":"8c382bc10b903ca92b36fcaeb19e2630bb6c2c58","_id":"write-file-atomic@1.3.0","_shasum":"d13e4831d52ee4e3d9a266ee1c9a1592f7fbbf3d","_from":".","_npmVersion":"4.1.1","_nodeVersion":"4.6.1","_npmUser":{"name":"iarna","email":"me@re-becca.org"},"dist":{"shasum":"d13e4831d52ee4e3d9a266ee1c9a1592f7fbbf3d","tarball":"https://registry.npmjs.org/write-file-atomic/-/write-file-atomic-1.3.0.tgz"},"maintainers":[{"name":"iarna","email":"me@re-becca.org"},{"name":"othiym23","email":"ogd@aoaioxxysz.net"}],"_npmOperationalInternal":{"host":"packages-18-east.internal.npmjs.com","tmp":"tmp/write-file-atomic-1.3.0.tgz_1483663174188_0.5587220122106373"},"directories":{}},"1.3.1":{"name":"write-file-atomic","version":"1.3.1","description":"Write files in an atomic fashion w/configurable ownership","main":"index.js","scripts":{"test":"standard && tap --coverage test/*.js"},"repository":{"type":"git","url":"git+ssh://git@github.com/iarna/write-file-atomic.git"},"keywords":["writeFile","atomic"],"author":{"name":"Rebecca Turner","email":"me@re-becca.org","url":"http://re-becca.org"},"license":"ISC","bugs":{"url":"https://github.com/iarna/write-file-atomic/issues"},"homepage":"https://github.com/iarna/write-file-atomic","dependencies":{"graceful-fs":"^4.1.11","imurmurhash":"^0.1.4","slide":"^1.1.5"},"devDependencies":{"mkdirp":"^0.5.1","require-inject":"^1.4.0","rimraf":"^2.5.4","standard":"^5.4.1","tap":"^2.3.1"},"files":["index.js"],"gitHead":"56fef5763513905d7e43aa685adad80002445474","_id":"write-file-atomic@1.3.1","_shasum":"7d45ba32316328dd1ec7d90f60ebc0d845bb759a","_from":".","_npmVersion":"4.1.1","_nodeVersion":"7.3.0","_npmUser":{"name":"iarna","email":"me@re-becca.org"},"dist":{"shasum":"7d45ba32316328dd1ec7d90f60ebc0d845bb759a","tarball":"https://registry.npmjs.org/write-file-atomic/-/write-file-atomic-1.3.1.tgz"},"maintainers":[{"name":"iarna","email":"me@re-becca.org"},{"name":"othiym23","email":"ogd@aoaioxxysz.net"}],"_npmOperationalInternal":{"host":"packages-18-east.internal.npmjs.com","tmp":"tmp/write-file-atomic-1.3.1.tgz_1483776142964_0.11427561868913472"},"directories":{}},"1.3.2":{"name":"write-file-atomic","version":"1.3.2","description":"Write files in an atomic fashion w/configurable ownership","main":"index.js","scripts":{"test":"standard && tap --coverage test/*.js"},"repository":{"type":"git","url":"git+ssh://git@github.com/iarna/write-file-atomic.git"},"keywords":["writeFile","atomic"],"author":{"name":"Rebecca Turner","email":"me@re-becca.org","url":"http://re-becca.org"},"license":"ISC","bugs":{"url":"https://github.com/iarna/write-file-atomic/issues"},"homepage":"https://github.com/iarna/write-file-atomic","dependencies":{"graceful-fs":"^4.1.11","imurmurhash":"^0.1.4","slide":"^1.1.5"},"devDependencies":{"mkdirp":"^0.5.1","require-inject":"^1.4.0","rimraf":"^2.5.4","standard":"^5.4.1","tap":"^2.3.1"},"files":["index.js"],"gitHead":"d9c5f54df01043671f4ce6542cf7ebcf770e6d43","_id":"write-file-atomic@1.3.2","_npmVersion":"4.5.0","_nodeVersion":"7.7.4","_npmUser":{"name":"iarna","email":"me@re-becca.org"},"dist":{"shasum":"f80ac5e06d3a38996ab51b5d310db57102deb902","tarball":"https://registry.npmjs.org/write-file-atomic/-/write-file-atomic-1.3.2.tgz"},"maintainers":[{"name":"iarna","email":"me@re-becca.org"},{"name":"othiym23","email":"ogd@aoaioxxysz.net"}],"_npmOperationalInternal":{"host":"packages-18-east.internal.npmjs.com","tmp":"tmp/write-file-atomic-1.3.2.tgz_1492743137041_0.5345788700506091"},"directories":{}},"1.3.3":{"name":"write-file-atomic","version":"1.3.3","description":"Write files in an atomic fashion w/configurable ownership","main":"index.js","scripts":{"test":"standard && tap --coverage test/*.js"},"repository":{"type":"git","url":"git+ssh://git@github.com/iarna/write-file-atomic.git"},"keywords":["writeFile","atomic"],"author":{"name":"Rebecca Turner","email":"me@re-becca.org","url":"http://re-becca.org"},"license":"ISC","bugs":{"url":"https://github.com/iarna/write-file-atomic/issues"},"homepage":"https://github.com/iarna/write-file-atomic","dependencies":{"graceful-fs":"^4.1.11","imurmurhash":"^0.1.4","slide":"^1.1.5"},"devDependencies":{"mkdirp":"^0.5.1","require-inject":"^1.4.0","rimraf":"^2.5.4","standard":"^5.4.1","tap":"^2.3.1"},"files":["index.js"],"gitHead":"fce59c7e3675131712b3965d52e5880e2a5df2ca","_id":"write-file-atomic@1.3.3","_shasum":"831dd22d491bdc135180bb996a0eb3f8bf587791","_from":".","_npmVersion":"4.5.0","_nodeVersion":"4.6.1","_npmUser":{"name":"iarna","email":"me@re-becca.org"},"dist":{"shasum":"831dd22d491bdc135180bb996a0eb3f8bf587791","tarball":"https://registry.npmjs.org/write-file-atomic/-/write-file-atomic-1.3.3.tgz"},"maintainers":[{"name":"iarna","email":"me@re-becca.org"},{"name":"othiym23","email":"ogd@aoaioxxysz.net"}],"_npmOperationalInternal":{"host":"packages-12-west.internal.npmjs.com","tmp":"tmp/write-file-atomic-1.3.3.tgz_1492826308726_0.5064767252188176"},"directories":{}},"1.3.4":{"name":"write-file-atomic","version":"1.3.4","description":"Write files in an atomic fashion w/configurable ownership","main":"index.js","scripts":{"test":"standard && tap --coverage test/*.js"},"repository":{"type":"git","url":"git+ssh://git@github.com/iarna/write-file-atomic.git"},"keywords":["writeFile","atomic"],"author":{"name":"Rebecca Turner","email":"me@re-becca.org","url":"http://re-becca.org"},"license":"ISC","bugs":{"url":"https://github.com/iarna/write-file-atomic/issues"},"homepage":"https://github.com/iarna/write-file-atomic","dependencies":{"graceful-fs":"^4.1.11","imurmurhash":"^0.1.4","slide":"^1.1.5"},"devDependencies":{"mkdirp":"^0.5.1","require-inject":"^1.4.0","rimraf":"^2.5.4","standard":"^9.0.2","tap":"^10.3.2"},"files":["index.js"],"gitHead":"8f7d56f6a62600a38e816a8276a128883f4e7436","_id":"write-file-atomic@1.3.4","_npmVersion":"4.6.1","_nodeVersion":"7.7.4","_npmUser":{"name":"iarna","email":"me@re-becca.org"},"dist":{"shasum":"f807a4f0b1d9e913ae7a48112e6cc3af1991b45f","tarball":"https://registry.npmjs.org/write-file-atomic/-/write-file-atomic-1.3.4.tgz"},"maintainers":[{"name":"iarna","email":"me@re-becca.org"},{"name":"othiym23","email":"ogd@aoaioxxysz.net"}],"_npmOperationalInternal":{"host":"packages-12-west.internal.npmjs.com","tmp":"tmp/write-file-atomic-1.3.4.tgz_1493249998004_0.7851631820667535"},"directories":{}},"2.0.0":{"name":"write-file-atomic","version":"2.0.0","description":"Write files in an atomic fashion w/configurable ownership","main":"index.js","scripts":{"test":"standard && tap --coverage test/*.js"},"repository":{"type":"git","url":"git+ssh://git@github.com/iarna/write-file-atomic.git"},"keywords":["writeFile","atomic"],"author":{"name":"Rebecca Turner","email":"me@re-becca.org","url":"http://re-becca.org"},"license":"ISC","bugs":{"url":"https://github.com/iarna/write-file-atomic/issues"},"homepage":"https://github.com/iarna/write-file-atomic","dependencies":{"graceful-fs":"^4.1.11","imurmurhash":"^0.1.4","slide":"^1.1.5"},"devDependencies":{"mkdirp":"^0.5.1","require-inject":"^1.4.0","rimraf":"^2.5.4","standard":"^9.0.2","tap":"^10.3.2"},"files":["index.js"],"gitHead":"eabc44b01044a78bcc7b4e41f42ece6bf9d1ca5d","_id":"write-file-atomic@2.0.0","_npmVersion":"4.6.1","_nodeVersion":"7.7.4","_npmUser":{"name":"iarna","email":"me@re-becca.org"},"dist":{"shasum":"bb99a5440d0d31dd860a68da392bffeef66251a1","tarball":"https://registry.npmjs.org/write-file-atomic/-/write-file-atomic-2.0.0.tgz"},"maintainers":[{"name":"iarna","email":"me@re-becca.org"},{"name":"othiym23","email":"ogd@aoaioxxysz.net"}],"_npmOperationalInternal":{"host":"packages-18-east.internal.npmjs.com","tmp":"tmp/write-file-atomic-2.0.0.tgz_1493250025531_0.17179739149287343"},"directories":{}},"2.1.0":{"name":"write-file-atomic","version":"2.1.0","description":"Write files in an atomic fashion w/configurable ownership","main":"index.js","scripts":{"test":"standard && tap --100 test/*.js"},"repository":{"type":"git","url":"git+ssh://git@github.com/iarna/write-file-atomic.git"},"keywords":["writeFile","atomic"],"author":{"name":"Rebecca Turner","email":"me@re-becca.org","url":"http://re-becca.org"},"license":"ISC","bugs":{"url":"https://github.com/iarna/write-file-atomic/issues"},"homepage":"https://github.com/iarna/write-file-atomic","dependencies":{"graceful-fs":"^4.1.11","imurmurhash":"^0.1.4","slide":"^1.1.5"},"devDependencies":{"mkdirp":"^0.5.1","require-inject":"^1.4.0","rimraf":"^2.5.4","standard":"^10.0.2","tap":"^10.3.2"},"files":["index.js"],"gitHead":"4c63f8e504845ceca4a11cfff779e5b4839243f9","_id":"write-file-atomic@2.1.0","_npmVersion":"4.6.1","_nodeVersion":"7.9.0","_npmUser":{"name":"zkat","email":"kat@sykosomatic.org"},"dist":{"integrity":"sha512-0TZ20a+xcIl4u0+Mj5xDH2yOWdmQiXlKf9Hm+TgDXjTMsEYb+gDrmb8e8UNAzMCitX8NBqG4Z/FUQIyzv/R1JQ==","shasum":"1769f4b551eedce419f0505deae2e26763542d37","tarball":"https://registry.npmjs.org/write-file-atomic/-/write-file-atomic-2.1.0.tgz"},"maintainers":[{"email":"kat@sykosomatic.org","name":"zkat"},{"email":"ogd@aoaioxxysz.net","name":"othiym23"},{"email":"me@re-becca.org","name":"iarna"}],"_npmOperationalInternal":{"host":"packages-12-west.internal.npmjs.com","tmp":"tmp/write-file-atomic-2.1.0.tgz_1494704753639_0.7767078222241253"},"directories":{}},"2.3.0":{"name":"write-file-atomic","version":"2.3.0","description":"Write files in an atomic fashion w/configurable ownership","main":"index.js","scripts":{"test":"standard && tap --100 test/*.js"},"repository":{"type":"git","url":"git+ssh://git@github.com/iarna/write-file-atomic.git"},"keywords":["writeFile","atomic"],"author":{"name":"Rebecca Turner","email":"me@re-becca.org","url":"http://re-becca.org"},"license":"ISC","bugs":{"url":"https://github.com/iarna/write-file-atomic/issues"},"homepage":"https://github.com/iarna/write-file-atomic","dependencies":{"graceful-fs":"^4.1.11","imurmurhash":"^0.1.4","signal-exit":"^3.0.2"},"devDependencies":{"mkdirp":"^0.5.1","require-inject":"^1.4.0","rimraf":"^2.5.4","standard":"^10.0.2","tap":"^10.3.2"},"files":["index.js"],"gitHead":"1597785cb9e1152056d905a357b3891b3295506d","_id":"write-file-atomic@2.3.0","_npmVersion":"5.3.0","_nodeVersion":"8.3.0","_npmUser":{"name":"iarna","email":"me@re-becca.org"},"dist":{"integrity":"sha512-xuPeK4OdjWqtfi59ylvVL0Yn35SF3zgcAcv7rBPFHVaEapaDr4GdGgm3j7ckTwH9wHL7fGmgfAnb0+THrHb8tA==","shasum":"1ff61575c2e2a4e8e510d6fa4e243cce183999ab","tarball":"https://registry.npmjs.org/write-file-atomic/-/write-file-atomic-2.3.0.tgz"},"maintainers":[{"email":"kat@sykosomatic.org","name":"zkat"},{"email":"ogd@aoaioxxysz.net","name":"othiym23"},{"email":"me@re-becca.org","name":"iarna"}],"_npmOperationalInternal":{"host":"s3://npm-registry-packages","tmp":"tmp/write-file-atomic-2.3.0.tgz_1503096898166_0.22769020055420697"},"directories":{}}},"readme":"write-file-atomic\n-----------------\n\nThis is an extension for node's `fs.writeFile` that makes its operation\natomic and allows you set ownership (uid/gid of the file).\n\n### var writeFileAtomic = require('write-file-atomic')<br>writeFileAtomic(filename, data, [options], callback)\n\n* filename **String**\n* data **String** | **Buffer**\n* options **Object**\n  * chown **Object**\n    * uid **Number**\n    * gid **Number**\n  * encoding **String** | **Null** default = 'utf8'\n  * fsync **Boolean** default = true\n  * mode **Number** default = 438 (aka 0666 in Octal)\n  * Promise **Object** default = native Promise object\ncallback **Function**\n\nAtomically and asynchronously writes data to a file, replacing the file if it already\nexists.  data can be a string or a buffer.\n\nThe file is initially named `filename + \".\" + murmurhex(__filename, process.pid, ++invocations)`.\nIf writeFile completes successfully then, if passed the **chown** option it will change\nthe ownership of the file. Finally it renames the file back to the filename you specified. If\nit encounters errors at any of these steps it will attempt to unlink the temporary file and then\npass the error back to the caller.\nIf multiple writes are concurrently issued to the same file, the write operations are put into a queue and serialized in the order they were called, using Promises. Native promises are used by default, but you can inject your own promise-like object with the **Promise** option. Writes to different files are still executed in parallel.\n\nIf provided, the **chown** option requires both **uid** and **gid** properties or else\nyou'll get an error.\n\nThe **encoding** option is ignored if **data** is a buffer. It defaults to 'utf8'.\n\nIf the **fsync** option is **false**, writeFile will skip the final fsync call.\n\nExample:\n\n```javascript\nwriteFileAtomic('message.txt', 'Hello Node', {chown:{uid:100,gid:50}}, function (err) {\n  if (err) throw err;\n  console.log('It\\'s saved!');\n});\n```\n\n### var writeFileAtomicSync = require('write-file-atomic').sync<br>writeFileAtomicSync(filename, data, [options])\n\nThe synchronous version of **writeFileAtomic**.\n","maintainers":[{"email":"kzm@sykosomatic.org","name":"zkat"},{"email":"ogd@aoaioxxysz.net","name":"othiym23"},{"email":"me@re-becca.org","name":"iarna"}],"time":{"modified":"2017-11-08T15:20:37.728Z","created":"2014-09-10T23:26:27.142Z","1.0.0":"2014-09-10T23:26:27.142Z","1.0.1":"2014-09-10T23:27:54.551Z","1.0.2":"2014-09-11T23:53:33.815Z","1.0.3":"2014-09-15T23:33:40.116Z","1.1.0":"2014-09-19T23:32:52.849Z","1.1.1":"2015-05-22T01:40:50.343Z","1.1.2":"2015-05-22T01:53:50.418Z","1.1.3":"2015-09-08T21:17:40.905Z","1.1.4":"2015-12-03T22:04:24.581Z","1.2.0":"2016-08-18T20:32:52.191Z","1.3.0":"2017-01-06T00:39:35.969Z","1.3.1":"2017-01-07T08:02:24.984Z","1.3.2":"2017-04-21T02:52:18.885Z","1.3.3":"2017-04-22T01:58:28.962Z","1.3.4":"2017-04-26T23:39:58.237Z","2.0.0":"2017-04-26T23:40:28.497Z","2.1.0":"2017-05-13T19:45:53.878Z","2.3.0":"2017-08-18T22:54:58.294Z"},"homepage":"https://github.com/iarna/write-file-atomic","keywords":["writeFile","atomic"],"repository":{"type":"git","url":"git+ssh://git@github.com/iarna/write-file-atomic.git"},"author":{"name":"Rebecca Turner","email":"me@re-becca.org","url":"http://re-becca.org"},"bugs":{"url":"https://github.com/iarna/write-file-atomic/issues"},"license":"ISC","readmeFilename":"README.md","users":{"jden":true,"bluejeansandrain":true,"monsterkodi":true,"iarna":true,"jsdnxx":true,"ierceg":true},"_attachments":{},"_etag":"W/\"3af3214acb7b7e91a4e6a0646d9ba782\"","_lastModified":"Sun, 27 May 2018 22:18:50 GMT"}